idx,datetime,buy_er,buy_p,sell_er,sell_p
13968,2026-05-07 13:00:00+00:00,-0.14228833425114695,0.279507603186097,0.36318550543651507,0.4412470023980815
13969,2026-05-07 13:05:00+00:00,-0.14228833425114695,0.279507603186097,0.3512551426903911,0.4412470023980815
13970,2026-05-07 13:10:00+00:00,-0.14228833425114695,0.279507603186097,0.3886704902137792,0.4412470023980815
13971,2026-05-07 13:15:00+00:00,-0.14228833425114695,0.279507603186097,0.363570117991559,0.4412470023980815
13972,2026-05-07 13:20:00+00:00,-0.14228833425114695,0.279507603186097,0.363570117991559,0.4412470023980815
13973,2026-05-07 13:25:00+00:00,-0.14228833425114695,0.279507603186097,0.3380851332142949,0.4412470023980815
13974,2026-05-07 13:30:00+00:00,-0.14228833425114695,0.279507603186097,0.363570117991559,0.4412470023980815
13975,2026-05-07 13:35:00+00:00,-0.14228833425114695,0.279507603186097,0.363570117991559,0.4412470023980815
13976,2026-05-07 13:40:00+00:00,-0.14228833425114695,0.279507603186097,0.363570117991559,0.4412470023980815
13977,2026-05-07 13:45:00+00:00,-0.14228833425114695,0.279507603186097,0.363570117991559,0.4412470023980815
13978,2026-05-07 13:50:00+00:00,-0.14228833425114695,0.279507603186097,0.363570117991559,0.4412470023980815
13979,2026-05-07 13:55:00+00:00,-0.14228833425114695,0.279507603186097,0.363570117991559,0.4412470023980815
13980,2026-05-07 14:00:00+00:00,-0.14228833425114695,0.279507603186097,0.37674012746765523,0.4412470023980815
13981,2026-05-07 14:05:00+00:00,-0.14228833425114695,0.279507603186097,0.3380851332142949,0.4412470023980815
13982,2026-05-07 14:10:00+00:00,-0.14228833425114695,0.279507603186097,0.363570117991559,0.4412470023980815
13983,2026-05-07 14:15:00+00:00,-0.14228833425114695,0.279507603186097,0.363570117991559,0.4412470023980815
13984,2026-05-07 14:20:00+00:00,-0.14228833425114695,0.279507603186097,0.363570117991559,0.4412470023980815
13985,2026-05-07 14:25:00+00:00,-0.14228833425114695,0.279507603186097,0.363570117991559,0.4412470023980815
13986,2026-05-07 14:30:00+00:00,-0.14228833425114695,0.279507603186097,0.363570117991559,0.4412470023980815
13987,2026-05-07 14:35:00+00:00,-0.14228833425114695,0.279507603186097,0.363570117991559,0.4412470023980815
13988,2026-05-07 14:40:00+00:00,-0.14228833425114695,0.279507603186097,0.363570117991559,0.4412470023980815
13989,2026-05-07 14:45:00+00:00,-0.14228833425114695,0.279507603186097,0.363570117991559,0.4412470023980815
13990,2026-05-07 14:50:00+00:00,-0.14228833425114695,0.279507603186097,0.363570117991559,0.4412470023980815
13991,2026-05-07 14:55:00+00:00,-0.14228833425114695,0.279507603186097,0.3380851332142949,0.4412470023980815
13992,2026-05-07 15:00:00+00:00,-0.14228833425114695,0.279507603186097,0.3380851332142949,0.4412470023980815
13993,2026-05-07 15:05:00+00:00,-0.14228833425114695,0.279507603186097,0.3380851332142949,0.4412470023980815
13994,2026-05-07 15:10:00+00:00,-0.14228833425114695,0.279507603186097,0.3380851332142949,0.4412470023980815
13995,2026-05-07 15:15:00+00:00,-0.14228833425114695,0.279507603186097,0.34193885537933555,0.4412470023980815
13996,2026-05-07 15:20:00+00:00,-0.14228833425114695,0.279507603186097,0.3380851332142949,0.4412470023980815
13997,2026-05-07 15:25:00+00:00,-0.14228833425114695,0.279507603186097,0.363570117991559,0.4412470023980815
13998,2026-05-07 15:30:00+00:00,-0.14228833425114695,0.279507603186097,0.363570117991559,0.4412470023980815
13999,2026-05-07 15:35:00+00:00,-0.14228833425114695,0.279507603186097,0.3380851332142949,0.4412470023980815
14000,2026-05-07 15:40:00+00:00,-0.14228833425114695,0.279507603186097,0.3380851332142949,0.4412470023980815
14001,2026-05-07 15:45:00+00:00,-0.14228833425114695,0.279507603186097,0.3380851332142949,0.4412470023980815
14002,2026-05-07 15:50:00+00:00,-0.14228833425114695,0.279507603186097,0.3380851332142949,0.4412470023980815
14003,2026-05-07 15:55:00+00:00,-0.0949173691369114,0.279507603186097,0.004184753213770965,0.3261802575107296
14004,2026-05-07 16:00:00+00:00,-0.0949173691369114,0.279507603186097,0.004184753213770965,0.3261802575107296
14005,2026-05-07 16:05:00+00:00,-0.0949173691369114,0.279507603186097,-0.017777789147626493,0.3261802575107296
14006,2026-05-07 16:10:00+00:00,-0.1165855130051879,0.279507603186097,-0.022006465749276657,0.3261802575107296
14007,2026-05-07 16:15:00+00:00,-0.1165855130051879,0.279507603186097,-2.133170388879331e-06,0.3261802575107296
14008,2026-05-07 16:20:00+00:00,-0.1165855130051879,0.279507603186097,0.021960409191008577,0.3261802575107296
14009,2026-05-07 16:25:00+00:00,-0.1165855130051879,0.279507603186097,0.021960409191008577,0.3261802575107296
14010,2026-05-07 16:30:00+00:00,-0.1165855130051879,0.279507603186097,0.04133419053732213,0.3261802575107296
14011,2026-05-07 16:35:00+00:00,-0.1165855130051879,0.279507603186097,0.013956579612977325,0.3261802575107296
14012,2026-05-07 16:40:00+00:00,-0.1165855130051879,0.279507603186097,0.1626465690752994,0.4412470023980815
14013,2026-05-07 16:45:00+00:00,-0.1165855130051879,0.279507603186097,0.1626465690752994,0.4412470023980815
14014,2026-05-07 16:50:00+00:00,-0.1165855130051879,0.279507603186097,0.18029262985155758,0.4412470023980815
14015,2026-05-07 16:55:00+00:00,-0.1165855130051879,0.279507603186097,0.1406422364964116,0.4412470023980815
14016,2026-05-07 17:00:00+00:00,-0.1165855130051879,0.279507603186097,0.1406422364964116,0.4412470023980815
14017,2026-05-07 17:05:00+00:00,-0.1165855130051879,0.279507603186097,0.1406422364964116,0.4412470023980815
14018,2026-05-07 17:10:00+00:00,-0.1165855130051879,0.279507603186097,0.1406422364964116,0.4412470023980815
14019,2026-05-07 17:15:00+00:00,-0.1165855130051879,0.279507603186097,0.1406422364964116,0.4412470023980815
14020,2026-05-07 17:20:00+00:00,-0.1165855130051879,0.279507603186097,0.1406422364964116,0.4412470023980815
14021,2026-05-07 17:25:00+00:00,-0.1165855130051879,0.279507603186097,0.010345167579560744,0.3261802575107296
14022,2026-05-07 17:30:00+00:00,-0.1165855130051879,0.279507603186097,-0.012276429567560636,0.3261802575107296
14023,2026-05-07 17:35:00+00:00,-0.1165855130051879,0.279507603186097,-0.012276429567560636,0.3261802575107296
14024,2026-05-07 17:40:00+00:00,-0.1165855130051879,0.279507603186097,-0.012276429567560636,0.3261802575107296
14025,2026-05-07 17:45:00+00:00,-0.1165855130051879,0.279507603186097,-0.012276429567560636,0.3261802575107296
14026,2026-05-07 17:50:00+00:00,-0.1165855130051879,0.279507603186097,-0.012276429567560636,0.3261802575107296
14027,2026-05-07 17:55:00+00:00,-0.1165855130051879,0.279507603186097,-0.012276429567560636,0.3261802575107296
14028,2026-05-07 18:00:00+00:00,-0.1165855130051879,0.279507603186097,-0.012276429567560636,0.3261802575107296
14029,2026-05-07 18:05:00+00:00,-0.1165855130051879,0.279507603186097,-0.012276429567560636,0.3261802575107296
14030,2026-05-07 18:10:00+00:00,-0.1165855130051879,0.279507603186097,-0.012276429567560636,0.3261802575107296
14031,2026-05-07 18:15:00+00:00,-0.11521064410760838,0.279507603186097,-0.012276429567560636,0.3261802575107296
14032,2026-05-07 18:20:00+00:00,-0.11521064410760838,0.279507603186097,-0.012276429567560636,0.3261802575107296
14033,2026-05-07 18:25:00+00:00,-0.11521064410760838,0.279507603186097,-0.012276429567560636,0.3261802575107296
14034,2026-05-07 18:30:00+00:00,-0.11521064410760838,0.279507603186097,-0.012276429567560636,0.3261802575107296
14035,2026-05-07 18:35:00+00:00,-0.11521064410760838,0.279507603186097,-0.012276429567560636,0.3261802575107296
14036,2026-05-07 18:40:00+00:00,-0.11521064410760838,0.279507603186097,-0.012276429567560636,0.3261802575107296
14037,2026-05-07 18:45:00+00:00,-0.11521064410760838,0.279507603186097,-0.013944672060835297,0.3261802575107296
14038,2026-05-07 18:50:00+00:00,-0.11521064410760838,0.279507603186097,-0.013944672060835297,0.3261802575107296
14039,2026-05-07 18:55:00+00:00,-0.11521064410760838,0.279507603186097,-0.013944672060835297,0.3261802575107296
14040,2026-05-07 19:00:00+00:00,-0.11521064410760838,0.279507603186097,-0.013944672060835297,0.3261802575107296
14041,2026-05-07 19:05:00+00:00,-0.11521064410760838,0.279507603186097,-0.013944672060835297,0.3261802575107296
14042,2026-05-07 19:10:00+00:00,-0.11521064410760838,0.279507603186097,-0.013944672060835297,0.3261802575107296
14043,2026-05-07 19:15:00+00:00,-0.11521064410760838,0.279507603186097,-0.013944672060835297,0.3261802575107296
14044,2026-05-07 19:20:00+00:00,-0.11521064410760838,0.279507603186097,-0.013944672060835297,0.3261802575107296
14045,2026-05-07 19:25:00+00:00,-0.12284353681715711,0.279507603186097,-0.013944672060835297,0.3261802575107296
14046,2026-05-07 19:30:00+00:00,-0.12284353681715711,0.279507603186097,-0.013944672060835297,0.3261802575107296
14047,2026-05-07 19:35:00+00:00,-0.12284353681715711,0.279507603186097,-0.013944672060835297,0.3261802575107296
14048,2026-05-07 19:40:00+00:00,-0.12284353681715711,0.279507603186097,-0.013944672060835297,0.3261802575107296
14049,2026-05-07 19:45:00+00:00,-0.12284353681715711,0.279507603186097,-0.013944672060835297,0.3261802575107296
14050,2026-05-07 19:50:00+00:00,-0.12284353681715711,0.279507603186097,-0.013944672060835297,0.3261802575107296
14051,2026-05-07 19:55:00+00:00,-0.0885852064842602,0.279507603186097,-0.013944672060835297,0.3261802575107296
14052,2026-05-07 20:00:00+00:00,-0.0885852064842602,0.279507603186097,0.0282711908328804,0.3261802575107296
14053,2026-05-07 20:05:00+00:00,-0.0885852064842602,0.279507603186097,0.03249986743453057,0.3261802575107296
14054,2026-05-07 20:10:00+00:00,-0.0885852064842602,0.279507603186097,0.0282711908328804,0.3261802575107296
14055,2026-05-07 20:15:00+00:00,-0.0885852064842602,0.279507603186097,0.0282711908328804,0.3261802575107296
14056,2026-05-07 20:20:00+00:00,-0.0885852064842602,0.279507603186097,0.03212491299792111,0.3261802575107296
14057,2026-05-07 20:25:00+00:00,-0.0885852064842602,0.279507603186097,0.03212491299792111,0.3261802575107296
14058,2026-05-07 20:30:00+00:00,-0.0885852064842602,0.279507603186097,0.03212491299792111,0.3261802575107296
14059,2026-05-07 20:35:00+00:00,-0.0885852064842602,0.279507603186097,-0.013944672060835297,0.3261802575107296
14060,2026-05-07 20:40:00+00:00,-0.0885852064842602,0.279507603186097,-0.013944672060835297,0.3261802575107296
14061,2026-05-07 20:45:00+00:00,-0.0885852064842602,0.279507603186097,-0.013944672060835297,0.3261802575107296
14062,2026-05-07 20:50:00+00:00,-0.0885852064842602,0.279507603186097,-0.013944672060835297,0.3261802575107296
14063,2026-05-07 20:55:00+00:00,-0.11547029463313689,0.279507603186097,0.0034931872894420997,0.3261802575107296
14064,2026-05-07 22:00:00+00:00,-0.11547029463313689,0.279507603186097,-0.0058746149539648474,0.3261802575107296
14065,2026-05-07 22:05:00+00:00,-0.11547029463313689,0.279507603186097,-0.0058746149539648474,0.3261802575107296
14066,2026-05-07 22:10:00+00:00,-0.11547029463313689,0.279507603186097,0.0021713624840430283,0.3261802575107296
14067,2026-05-07 22:15:00+00:00,-0.11547029463313689,0.279507603186097,-0.004206372460690185,0.3261802575107296
14068,2026-05-07 22:20:00+00:00,-0.11547029463313689,0.279507603186097,-0.004206372460690185,0.3261802575107296
14069,2026-05-07 22:25:00+00:00,-0.10783740192358816,0.279507603186097,-0.004206372460690185,0.3261802575107296
14070,2026-05-07 22:30:00+00:00,-0.1165855130051879,0.279507603186097,-0.004206372460690185,0.3261802575107296
14071,2026-05-07 22:35:00+00:00,-0.1165855130051879,0.279507603186097,-0.004206372460690185,0.3261802575107296
14072,2026-05-07 22:40:00+00:00,-0.1165855130051879,0.279507603186097,0.005161429782716764,0.3261802575107296
14073,2026-05-07 22:45:00+00:00,-0.1165855130051879,0.279507603186097,0.005161429782716764,0.3261802575107296
14074,2026-05-07 22:50:00+00:00,-0.1165855130051879,0.279507603186097,0.005161429782716764,0.3261802575107296
14075,2026-05-07 22:55:00+00:00,-0.1165855130051879,0.279507603186097,-0.0027156779995789818,0.3261802575107296
14076,2026-05-07 23:00:00+00:00,-0.1165855130051879,0.279507603186097,-0.0027156779995789818,0.3261802575107296
14077,2026-05-07 23:05:00+00:00,-0.1165855130051879,0.279507603186097,-0.0027156779995789818,0.3261802575107296
14078,2026-05-07 23:10:00+00:00,-0.1165855130051879,0.279507603186097,-0.0027156779995789818,0.3261802575107296
14079,2026-05-07 23:15:00+00:00,-0.1165855130051879,0.279507603186097,-0.0027156779995789818,0.3261802575107296
14080,2026-05-07 23:20:00+00:00,-0.1165855130051879,0.279507603186097,-0.01208348024298593,0.3261802575107296
14081,2026-05-07 23:25:00+00:00,-0.1165855130051879,0.279507603186097,-0.01208348024298593,0.3261802575107296
14082,2026-05-07 23:30:00+00:00,-0.1165855130051879,0.279507603186097,-0.01208348024298593,0.3261802575107296
14083,2026-05-07 23:35:00+00:00,-0.1165855130051879,0.279507603186097,-0.020129457680993806,0.3261802575107296
14084,2026-05-07 23:40:00+00:00,-0.10783740192358816,0.279507603186097,-0.010761655437586858,0.3261802575107296
14085,2026-05-07 23:45:00+00:00,-0.10783740192358816,0.279507603186097,-0.020129457680993806,0.3261802575107296
14086,2026-05-07 23:50:00+00:00,-0.11547029463313689,0.279507603186097,-0.006943450706712466,0.3261802575107296
14087,2026-05-07 23:55:00+00:00,-0.11547029463313689,0.279507603186097,0.0033882186412897836,0.3261802575107296
14088,2026-05-08 00:00:00+00:00,-0.11547029463313689,0.279507603186097,-0.017843765770999432,0.3261802575107296
14089,2026-05-08 00:05:00+00:00,-0.11547029463313689,0.279507603186097,-0.017073683101819136,0.3261802575107296
14090,2026-05-08 00:10:00+00:00,-0.11547029463313689,0.279507603186097,-0.017843765770999432,0.3261802575107296
14091,2026-05-08 00:15:00+00:00,-0.1165855130051879,0.279507603186097,-0.03025969007610048,0.3261802575107296
14092,2026-05-08 00:20:00+00:00,-0.1165855130051879,0.279507603186097,-0.03025969007610048,0.3261802575107296
14093,2026-05-08 00:25:00+00:00,-0.1165855130051879,0.279507603186097,-0.03025969007610048,0.3261802575107296
14094,2026-05-08 00:30:00+00:00,-0.1165855130051879,0.279507603186097,-0.03025969007610048,0.3261802575107296
14095,2026-05-08 00:35:00+00:00,-0.1165855130051879,0.279507603186097,-0.03025969007610048,0.3261802575107296
14096,2026-05-08 00:40:00+00:00,-0.1165855130051879,0.279507603186097,-0.0028820791517556715,0.3261802575107296
14097,2026-05-08 00:45:00+00:00,-0.1165855130051879,0.279507603186097,-0.03025969007610048,0.3261802575107296
14098,2026-05-08 00:50:00+00:00,-0.1165855130051879,0.279507603186097,-0.03025969007610048,0.3261802575107296
14099,2026-05-08 00:55:00+00:00,-0.1165855130051879,0.279507603186097,-0.03025969007610048,0.3261802575107296
14100,2026-05-08 01:00:00+00:00,-0.10783740192358816,0.279507603186097,-0.0028820791517556715,0.3261802575107296
14101,2026-05-08 01:05:00+00:00,-0.10783740192358816,0.279507603186097,0.001346597449894486,0.3261802575107296
14102,2026-05-08 01:10:00+00:00,-0.11547029463313689,0.279507603186097,0.001346597449894486,0.3261802575107296
14103,2026-05-08 01:15:00+00:00,-0.11547029463313689,0.279507603186097,0.014516606925990709,0.34408602150537637
14104,2026-05-08 01:20:00+00:00,-0.11547029463313689,0.279507603186097,0.014516606925990709,0.34408602150537637
14105,2026-05-08 01:25:00+00:00,-0.11547029463313689,0.279507603186097,0.014516606925990709,0.34408602150537637
14106,2026-05-08 01:30:00+00:00,-0.11547029463313689,0.279507603186097,0.014516606925990709,0.34408602150537637
14107,2026-05-08 01:35:00+00:00,-0.11547029463313689,0.279507603186097,0.014516606925990709,0.34408602150537637
14108,2026-05-08 01:40:00+00:00,-0.11547029463313689,0.279507603186097,0.014516606925990709,0.34408602150537637
14109,2026-05-08 01:45:00+00:00,-0.10783740192358816,0.279507603186097,0.001346597449894486,0.3261802575107296
14110,2026-05-08 01:50:00+00:00,-0.10783740192358816,0.279507603186097,0.011057869498962156,0.3261802575107296
14111,2026-05-08 01:55:00+00:00,-0.0870361303729027,0.3204225352112676,0.014671544207485001,0.3261802575107296
14112,2026-05-08 02:00:00+00:00,-0.0870361303729027,0.3204225352112676,0.010817822042444296,0.3261802575107296
14113,2026-05-08 02:05:00+00:00,-0.0870361303729027,0.3204225352112676,0.010817822042444296,0.3261802575107296
14114,2026-05-08 02:10:00+00:00,-0.0870361303729027,0.3204225352112676,0.010817822042444296,0.3261802575107296
14115,2026-05-08 02:15:00+00:00,-0.0870361303729027,0.3204225352112676,0.010817822042444296,0.3261802575107296
14116,2026-05-08 02:20:00+00:00,-0.0870361303729027,0.3204225352112676,-0.00047356053717836303,0.3261802575107296
14117,2026-05-08 02:25:00+00:00,-0.0870361303729027,0.3204225352112676,-0.00047356053717836303,0.3261802575107296
14118,2026-05-08 02:30:00+00:00,-0.0870361303729027,0.3204225352112676,-0.00047356053717836303,0.3261802575107296
14119,2026-05-08 02:35:00+00:00,-0.0870361303729027,0.3204225352112676,-0.004327282702219071,0.3261802575107296
14120,2026-05-08 02:40:00+00:00,-0.0870361303729027,0.3204225352112676,-0.004327282702219071,0.3261802575107296
14121,2026-05-08 02:45:00+00:00,-0.0870361303729027,0.3204225352112676,-0.004327282702219071,0.3261802575107296
14122,2026-05-08 02:50:00+00:00,-0.0870361303729027,0.3204225352112676,-0.004327282702219071,0.3261802575107296
14123,2026-05-08 02:55:00+00:00,-0.0870361303729027,0.3204225352112676,0.04442075826744821,0.3261802575107296
14124,2026-05-08 03:00:00+00:00,-0.0870361303729027,0.3204225352112676,0.04442075826744821,0.3261802575107296
14125,2026-05-08 03:05:00+00:00,-0.0870361303729027,0.3204225352112676,0.04646484145869988,0.3261802575107296
14126,2026-05-08 03:10:00+00:00,-0.0870361303729027,0.3204225352112676,0.020508667749112457,0.34408602150537637
14127,2026-05-08 03:15:00+00:00,-0.0870361303729027,0.3204225352112676,0.020508667749112457,0.34408602150537637
14128,2026-05-08 03:20:00+00:00,-0.0870361303729027,0.3204225352112676,0.020508667749112457,0.34408602150537637
14129,2026-05-08 03:25:00+00:00,-0.0870361303729027,0.3204225352112676,0.020508667749112457,0.34408602150537637
14130,2026-05-08 03:30:00+00:00,-0.0870361303729027,0.3204225352112676,0.020508667749112457,0.34408602150537637
14131,2026-05-08 03:35:00+00:00,-0.0870361303729027,0.3204225352112676,0.04827448043248891,0.3261802575107296
14132,2026-05-08 03:40:00+00:00,-0.0870361303729027,0.3204225352112676,0.04827448043248891,0.3261802575107296
14133,2026-05-08 03:45:00+00:00,-0.0870361303729027,0.3204225352112676,0.04827448043248891,0.3261802575107296
14134,2026-05-08 03:50:00+00:00,-0.0870361303729027,0.3204225352112676,0.04827448043248891,0.3261802575107296
14135,2026-05-08 03:55:00+00:00,-0.09466902308245143,0.3204225352112676,0.04827448043248891,0.3261802575107296
14136,2026-05-08 04:00:00+00:00,-0.09466902308245143,0.3204225352112676,0.04827448043248891,0.3261802575107296
14137,2026-05-08 04:05:00+00:00,-0.0870361303729027,0.3204225352112676,0.04827448043248891,0.3261802575107296
14138,2026-05-08 04:10:00+00:00,-0.0870361303729027,0.3204225352112676,0.04827448043248891,0.3261802575107296
14139,2026-05-08 04:15:00+00:00,-0.09466902308245143,0.3204225352112676,0.04827448043248891,0.3261802575107296
14140,2026-05-08 04:20:00+00:00,-0.09466902308245143,0.3204225352112676,0.07337485265470911,0.4412470023980815
14141,2026-05-08 04:25:00+00:00,-0.09466902308245143,0.3204225352112676,0.07337485265470911,0.4412470023980815
14142,2026-05-08 04:30:00+00:00,-0.09466902308245143,0.3204225352112676,0.07337485265470911,0.4412470023980815
14143,2026-05-08 04:35:00+00:00,-0.09466902308245143,0.3204225352112676,0.07337485265470911,0.4412470023980815
14144,2026-05-08 04:40:00+00:00,-0.09466902308245143,0.3204225352112676,0.07337485265470911,0.4412470023980815
14145,2026-05-08 04:45:00+00:00,-0.09466902308245143,0.3204225352112676,0.04560903997133267,0.3463600638703836
14146,2026-05-08 04:50:00+00:00,-0.09466902308245143,0.3204225352112676,0.04560903997133267,0.3463600638703836
14147,2026-05-08 04:55:00+00:00,-0.09466902308245143,0.3204225352112676,0.07337485265470911,0.4412470023980815
14148,2026-05-08 05:00:00+00:00,-0.09466902308245143,0.3204225352112676,0.07337485265470911,0.4412470023980815
14149,2026-05-08 05:05:00+00:00,-0.09466902308245143,0.3204225352112676,0.04560903997133267,0.3463600638703836
14150,2026-05-08 05:10:00+00:00,-0.09466902308245143,0.3204225352112676,0.04560903997133267,0.3463600638703836
14151,2026-05-08 05:15:00+00:00,-0.09466902308245143,0.3204225352112676,0.04560903997133267,0.3463600638703836
14152,2026-05-08 05:20:00+00:00,-0.09466902308245143,0.3204225352112676,0.04560903997133267,0.3463600638703836
14153,2026-05-08 05:25:00+00:00,-0.09466902308245143,0.3204225352112676,0.04560903997133267,0.3463600638703836
14154,2026-05-08 05:30:00+00:00,-0.09466902308245143,0.3204225352112676,0.03367867722520869,0.3463600638703836
14155,2026-05-08 05:35:00+00:00,-0.09466902308245143,0.3204225352112676,0.03367867722520869,0.3463600638703836
14156,2026-05-08 05:40:00+00:00,-0.09466902308245143,0.3204225352112676,0.03367867722520869,0.3463600638703836
14157,2026-05-08 05:45:00+00:00,-0.09466902308245143,0.3204225352112676,0.03367867722520869,0.3463600638703836
14158,2026-05-08 05:50:00+00:00,-0.09466902308245143,0.3204225352112676,0.03367867722520869,0.3463600638703836
14159,2026-05-08 05:55:00+00:00,-0.09466902308245143,0.3204225352112676,0.03367867722520869,0.3261802575107296
14160,2026-05-08 06:00:00+00:00,-0.09466902308245143,0.3204225352112676,0.05759076774354442,0.4412470023980815
14161,2026-05-08 06:05:00+00:00,-0.09466902308245143,0.3204225352112676,0.05759076774354442,0.4412470023980815
14162,2026-05-08 06:10:00+00:00,-0.09466902308245143,0.3204225352112676,0.05759076774354442,0.4412470023980815
14163,2026-05-08 06:15:00+00:00,-0.09466902308245143,0.3204225352112676,0.05759076774354442,0.4412470023980815
14164,2026-05-08 06:20:00+00:00,-0.09466902308245143,0.3204225352112676,0.0596348509347961,0.4412470023980815
14165,2026-05-08 06:25:00+00:00,-0.09466902308245143,0.3204225352112676,0.04442075826744821,0.3261802575107296
14166,2026-05-08 06:30:00+00:00,-0.0870361303729027,0.3204225352112676,0.04442075826744821,0.3261802575107296
14167,2026-05-08 06:35:00+00:00,-0.0870361303729027,0.3204225352112676,0.04442075826744821,0.3261802575107296
14168,2026-05-08 06:40:00+00:00,-0.0870361303729027,0.3204225352112676,0.04827448043248891,0.3261802575107296
14169,2026-05-08 06:45:00+00:00,-0.0870361303729027,0.3204225352112676,0.04442075826744821,0.3261802575107296
14170,2026-05-08 06:50:00+00:00,-0.0870361303729027,0.3204225352112676,0.04827448043248891,0.3261802575107296
14171,2026-05-08 06:55:00+00:00,-0.0870361303729027,0.3204225352112676,0.04827448043248891,0.3261802575107296
14172,2026-05-08 07:00:00+00:00,-0.0870361303729027,0.3204225352112676,0.04827448043248891,0.3261802575107296
14173,2026-05-08 07:05:00+00:00,-0.0870361303729027,0.3204225352112676,0.04827448043248891,0.3261802575107296
14174,2026-05-08 07:10:00+00:00,-0.0870361303729027,0.3204225352112676,0.04827448043248891,0.3261802575107296
14175,2026-05-08 07:15:00+00:00,-0.0870361303729027,0.3204225352112676,0.04827448043248891,0.3261802575107296
14176,2026-05-08 07:20:00+00:00,-0.0870361303729027,0.3204225352112676,0.020789973412776067,0.3261802575107296
14177,2026-05-08 07:25:00+00:00,-0.09466902308245143,0.3204225352112676,0.016561296811125906,0.3261802575107296
14178,2026-05-08 07:30:00+00:00,-0.09466902308245143,0.3204225352112676,0.06529245388801823,0.3778501628664495
14179,2026-05-08 07:35:00+00:00,-0.09466902308245143,0.3204225352112676,0.06952113048966839,0.3778501628664495
14180,2026-05-08 07:40:00+00:00,-0.09466902308245143,0.3204225352112676,0.06529245388801823,0.3778501628664495
14181,2026-05-08 07:45:00+00:00,-0.09466902308245143,0.3204225352112676,0.037526641204641796,0.3261802575107296
14182,2026-05-08 07:50:00+00:00,-0.09466902308245143,0.3204225352112676,0.041755317806291964,0.3261802575107296
14183,2026-05-08 07:55:00+00:00,-0.13094428793244003,0.279507603186097,-0.01072266534027304,0.3261802575107296
14184,2026-05-08 08:00:00+00:00,-0.13094428793244003,0.279507603186097,0.016279991147462296,0.3261802575107296
14185,2026-05-08 08:05:00+00:00,-0.13094428793244003,0.279507603186097,0.016279991147462296,0.3261802575107296
14186,2026-05-08 08:10:00+00:00,-0.13094428793244003,0.279507603186097,0.020508667749112457,0.3261802575107296
14187,2026-05-08 08:15:00+00:00,-0.13094428793244003,0.279507603186097,0.020508667749112457,0.3261802575107296
14188,2026-05-08 08:20:00+00:00,-0.13094428793244003,0.279507603186097,0.020508667749112457,0.3261802575107296
14189,2026-05-08 08:25:00+00:00,-0.13094428793244003,0.279507603186097,0.020508667749112457,0.3261802575107296
14190,2026-05-08 08:30:00+00:00,-0.13094428793244003,0.279507603186097,0.020508667749112457,0.3261802575107296
14191,2026-05-08 08:35:00+00:00,-0.13094428793244003,0.279507603186097,0.020508667749112457,0.3261802575107296
14192,2026-05-08 08:40:00+00:00,-0.13094428793244003,0.279507603186097,0.020508667749112457,0.3261802575107296
14193,2026-05-08 08:45:00+00:00,-0.13094428793244003,0.279507603186097,0.020508667749112457,0.3261802575107296
14194,2026-05-08 08:50:00+00:00,-0.13094428793244003,0.279507603186097,0.020508667749112457,0.3261802575107296
14195,2026-05-08 08:55:00+00:00,-0.13094428793244003,0.279507603186097,0.04827448043248891,0.3261802575107296
14196,2026-05-08 09:00:00+00:00,-0.13094428793244003,0.279507603186097,0.020508667749112457,0.3261802575107296
14197,2026-05-08 09:05:00+00:00,-0.13094428793244003,0.279507603186097,0.04827448043248891,0.3261802575107296
14198,2026-05-08 09:10:00+00:00,-0.13094428793244003,0.279507603186097,0.04827448043248891,0.3261802575107296
14199,2026-05-08 09:15:00+00:00,-0.13094428793244003,0.279507603186097,0.03367867722520869,0.3261802575107296
14200,2026-05-08 09:20:00+00:00,-0.13094428793244003,0.279507603186097,0.06144448990858512,0.3778501628664495
14201,2026-05-08 09:25:00+00:00,-0.13094428793244003,0.279507603186097,0.03367867722520869,0.3261802575107296
14202,2026-05-08 09:30:00+00:00,-0.13094428793244003,0.279507603186097,0.03367867722520869,0.3261802575107296
14203,2026-05-08 09:35:00+00:00,-0.13094428793244003,0.279507603186097,0.06144448990858512,0.4412470023980815
14204,2026-05-08 09:40:00+00:00,-0.13094428793244003,0.279507603186097,0.04560903997133267,0.3261802575107296
14205,2026-05-08 09:45:00+00:00,-0.13094428793244003,0.279507603186097,0.07337485265470911,0.4412470023980815
14206,2026-05-08 09:50:00+00:00,-0.13094428793244003,0.279507603186097,0.018229539304400577,0.3261802575107296
14207,2026-05-08 09:55:00+00:00,-0.12266932960337912,0.279507603186097,0.043210428685871036,0.3261802575107296
14208,2026-05-08 10:00:00+00:00,-0.12266932960337912,0.279507603186097,0.039771916429705206,0.3261802575107296
14209,2026-05-08 10:05:00+00:00,-0.09466902308245143,0.279507603186097,0.039771916429705206,0.3261802575107296
14210,2026-05-08 10:10:00+00:00,-0.09466902308245143,0.279507603186097,0.027841553683581224,0.3261802575107296
14211,2026-05-08 10:15:00+00:00,-0.09466902308245143,0.279507603186097,0.027841553683581224,0.3261802575107296
14212,2026-05-08 10:20:00+00:00,-0.09466902308245143,0.279507603186097,0.027841553683581224,0.3261802575107296
14213,2026-05-08 10:25:00+00:00,-0.09466902308245143,0.279507603186097,0.027841553683581224,0.3261802575107296
14214,2026-05-08 10:30:00+00:00,-0.09466902308245143,0.279507603186097,0.027841553683581224,0.3261802575107296
14215,2026-05-08 10:35:00+00:00,-0.09466902308245143,0.279507603186097,0.027841553683581224,0.3261802575107296
14216,2026-05-08 10:40:00+00:00,-0.09466902308245143,0.279507603186097,0.027841553683581224,0.3261802575107296
14217,2026-05-08 10:45:00+00:00,-0.09466902308245143,0.279507603186097,0.03550874254139722,0.3261802575107296
14218,2026-05-08 10:50:00+00:00,-0.09466902308245143,0.279507603186097,0.027841553683581224,0.3261802575107296
14219,2026-05-08 10:55:00+00:00,-0.0885852064842602,0.279507603186097,0.011078252459801223,0.3261802575107296
14220,2026-05-08 11:00:00+00:00,-0.0885852064842602,0.279507603186097,0.011078252459801223,0.3261802575107296
14221,2026-05-08 11:05:00+00:00,-0.0885852064842602,0.279507603186097,0.011078252459801223,0.3261802575107296
14222,2026-05-08 11:10:00+00:00,-0.0885852064842602,0.279507603186097,0.011078252459801223,0.3261802575107296
14223,2026-05-08 11:15:00+00:00,-0.0885852064842602,0.279507603186097,0.011078252459801223,0.3261802575107296
14224,2026-05-08 11:20:00+00:00,-0.0885852064842602,0.279507603186097,0.011078252459801223,0.3261802575107296
14225,2026-05-08 11:25:00+00:00,-0.0885852064842602,0.279507603186097,0.011078252459801223,0.3261802575107296
14226,2026-05-08 11:30:00+00:00,-0.0885852064842602,0.279507603186097,0.011078252459801223,0.3261802575107296
14227,2026-05-08 11:35:00+00:00,-0.0885852064842602,0.279507603186097,-0.0020917570162950015,0.3261802575107296
14228,2026-05-08 11:40:00+00:00,-0.08095231377471147,0.3204225352112676,-0.0020917570162950015,0.3261802575107296
14229,2026-05-08 11:45:00+00:00,-0.08095231377471147,0.3204225352112676,-0.0020917570162950015,0.3261802575107296
14230,2026-05-08 11:50:00+00:00,-0.0885852064842602,0.279507603186097,-0.0020917570162950015,0.3261802575107296
14231,2026-05-08 11:55:00+00:00,-0.0885852064842602,0.279507603186097,0.0010066304187943743,0.3261802575107296
14232,2026-05-08 12:00:00+00:00,-0.0885852064842602,0.279507603186097,0.026107002641014575,0.3261802575107296
14233,2026-05-08 12:05:00+00:00,-0.0885852064842602,0.279507603186097,-0.024754386554706943,0.3261802575107296
14234,2026-05-08 12:10:00+00:00,-0.0885852064842602,0.279507603186097,-0.02898306315635711,0.3261802575107296
14235,2026-05-08 12:15:00+00:00,-0.0885852064842602,0.279507603186097,-0.02898306315635711,0.3261802575107296
14236,2026-05-08 12:20:00+00:00,-0.0885852064842602,0.279507603186097,-0.019253026974641083,0.3261802575107296
14237,2026-05-08 12:25:00+00:00,-0.0885852064842602,0.279507603186097,-0.01758478448136642,0.3261802575107296
14238,2026-05-08 12:30:00+00:00,-0.0885852064842602,0.279507603186097,0.021538328935723904,0.3261802575107296
14239,2026-05-08 12:35:00+00:00,-0.0885852064842602,0.279507603186097,0.025767005537374068,0.3261802575107296
14240,2026-05-08 12:40:00+00:00,-0.0885852064842602,0.279507603186097,0.025767005537374068,0.3261802575107296
14241,2026-05-08 12:45:00+00:00,-0.08095231377471147,0.3204225352112676,0.012596996061277838,0.3261802575107296
14242,2026-05-08 12:50:00+00:00,-0.08095231377471147,0.3204225352112676,0.012596996061277838,0.3261802575107296
14243,2026-05-08 12:55:00+00:00,-0.08095231377471147,0.3204225352112676,0.012936983847169655,0.3261802575107296
14244,2026-05-08 13:00:00+00:00,-0.08095231377471147,0.3204225352112676,0.012936983847169655,0.3261802575107296
14245,2026-05-08 13:05:00+00:00,-0.08095231377471147,0.3204225352112676,-0.002208120897493718,0.3261802575107296
14246,2026-05-08 13:10:00+00:00,-0.08095231377471147,0.3204225352112676,-0.002208120897493718,0.3261802575107296
14247,2026-05-08 13:15:00+00:00,-0.08095231377471147,0.3204225352112676,-0.002208120897493718,0.3261802575107296
14248,2026-05-08 13:20:00+00:00,-0.08095231377471147,0.3204225352112676,-0.002208120897493718,0.3261802575107296
14249,2026-05-08 13:25:00+00:00,-0.08095231377471147,0.3204225352112676,-0.002208120897493718,0.3261802575107296
14250,2026-05-08 13:30:00+00:00,-0.08095231377471147,0.3204225352112676,-0.002208120897493718,0.3261802575107296
14251,2026-05-08 13:35:00+00:00,-0.08095231377471147,0.3204225352112676,-0.002208120897493718,0.3261802575107296
14252,2026-05-08 13:40:00+00:00,-0.08095231377471147,0.3204225352112676,0.012936983847169655,0.3261802575107296
14253,2026-05-08 13:45:00+00:00,-0.08095231377471147,0.3204225352112676,0.012936983847169655,0.3261802575107296
14254,2026-05-08 13:50:00+00:00,-0.08095231377471147,0.3204225352112676,-0.002208120897493718,0.3261802575107296
14255,2026-05-08 13:55:00+00:00,-0.1165855130051879,0.279507603186097,-0.002208120897493718,0.3261802575107296
14256,2026-05-08 14:00:00+00:00,-0.1165855130051879,0.279507603186097,-0.002208120897493718,0.3261802575107296
14257,2026-05-08 14:05:00+00:00,-0.1165855130051879,0.279507603186097,-0.002208120897493718,0.3261802575107296
14258,2026-05-08 14:10:00+00:00,-0.10028335329241546,0.3204225352112676,-0.002208120897493718,0.3261802575107296
14259,2026-05-08 14:15:00+00:00,-0.1165855130051879,0.279507603186097,-0.002208120897493718,0.3261802575107296
14260,2026-05-08 14:20:00+00:00,-0.1165855130051879,0.279507603186097,-0.002208120897493718,0.3261802575107296
14261,2026-05-08 14:25:00+00:00,-0.1165855130051879,0.279507603186097,-0.002208120897493718,0.3261802575107296
14262,2026-05-08 14:30:00+00:00,-0.1165855130051879,0.279507603186097,-0.002208120897493718,0.3261802575107296
14263,2026-05-08 14:35:00+00:00,-0.08095231377471147,0.3204225352112676,-0.002208120897493718,0.3261802575107296
14264,2026-05-08 14:40:00+00:00,-0.08095231377471147,0.3204225352112676,-0.002208120897493718,0.3261802575107296
14265,2026-05-08 14:45:00+00:00,-0.08095231377471147,0.3204225352112676,-0.002208120897493718,0.3261802575107296
14266,2026-05-08 14:50:00+00:00,-0.08095231377471147,0.3204225352112676,-0.002208120897493718,0.3261802575107296
14267,2026-05-08 14:55:00+00:00,-0.10783740192358816,0.279507603186097,0.020604172704985647,0.3261802575107296
14268,2026-05-08 15:00:00+00:00,-0.10783740192358816,0.279507603186097,0.012936983847169655,0.3261802575107296
14269,2026-05-08 15:05:00+00:00,-0.10783740192358816,0.279507603186097,0.012936983847169655,0.3261802575107296
14270,2026-05-08 15:10:00+00:00,-0.10783740192358816,0.279507603186097,-0.019872398592482996,0.3261802575107296
14271,2026-05-08 15:15:00+00:00,-0.10783740192358816,0.279507603186097,-0.024101075194133164,0.3261802575107296
14272,2026-05-08 15:20:00+00:00,-0.10783740192358816,0.279507603186097,-0.024101075194133164,0.3261802575107296
14273,2026-05-08 15:25:00+00:00,-0.10783740192358816,0.279507603186097,0.008708307245519494,0.3261802575107296
14274,2026-05-08 15:30:00+00:00,-0.1165855130051879,0.279507603186097,0.007505212331861798,0.3261802575107296
14275,2026-05-08 15:35:00+00:00,-0.1165855130051879,0.279507603186097,0.008708307245519494,0.3261802575107296
14276,2026-05-08 15:40:00+00:00,-0.1165855130051879,0.279507603186097,-0.019872398592482996,0.3261802575107296
14277,2026-05-08 15:45:00+00:00,-0.1165855130051879,0.279507603186097,-0.024101075194133164,0.3261802575107296
14278,2026-05-08 15:50:00+00:00,-0.1165855130051879,0.279507603186097,-0.024101075194133164,0.3261802575107296
14279,2026-05-08 15:55:00+00:00,-0.1165855130051879,0.279507603186097,-0.024101075194133164,0.3261802575107296
14280,2026-05-08 16:00:00+00:00,-0.1165855130051879,0.279507603186097,-0.024101075194133164,0.3261802575107296
14281,2026-05-08 16:05:00+00:00,-0.1165855130051879,0.279507603186097,-0.024101075194133164,0.3261802575107296
14282,2026-05-08 16:10:00+00:00,-0.1165855130051879,0.279507603186097,0.008708307245519494,0.3261802575107296
14283,2026-05-08 16:15:00+00:00,-0.1165855130051879,0.279507603186097,0.012263046347699398,0.3261802575107296
14284,2026-05-08 16:20:00+00:00,-0.1165855130051879,0.279507603186097,0.012263046347699398,0.3261802575107296
14285,2026-05-08 16:25:00+00:00,-0.10783740192358816,0.279507603186097,0.016491722949349558,0.3261802575107296
14286,2026-05-08 16:30:00+00:00,-0.10783740192358816,0.279507603186097,0.016491722949349558,0.3261802575107296
14287,2026-05-08 16:35:00+00:00,-0.10783740192358816,0.279507603186097,0.016491722949349558,0.3261802575107296
14288,2026-05-08 16:40:00+00:00,-0.10783740192358816,0.279507603186097,0.016491722949349558,0.3261802575107296
14289,2026-05-08 16:45:00+00:00,-0.10783740192358816,0.279507603186097,0.016491722949349558,0.3261802575107296
14290,2026-05-08 16:50:00+00:00,-0.11547029463313689,0.279507603186097,0.024528943972998738,0.3261802575107296
14291,2026-05-08 16:55:00+00:00,-0.11547029463313689,0.279507603186097,-0.02576931768740783,0.3261802575107296
14292,2026-05-08 17:00:00+00:00,-0.11547029463313689,0.279507603186097,0.025433055823795625,0.3261802575107296
14293,2026-05-08 17:05:00+00:00,-0.11547029463313689,0.279507603186097,0.029661732425445782,0.3261802575107296
14294,2026-05-08 17:10:00+00:00,-0.11547029463313689,0.279507603186097,0.029661732425445782,0.3261802575107296
14295,2026-05-08 17:15:00+00:00,-0.11547029463313689,0.279507603186097,0.029661732425445782,0.3261802575107296
14296,2026-05-08 17:20:00+00:00,-0.11547029463313689,0.279507603186097,0.029661732425445782,0.3261802575107296
14297,2026-05-08 17:25:00+00:00,-0.11547029463313689,0.279507603186097,0.029661732425445782,0.3261802575107296
14298,2026-05-08 17:30:00+00:00,-0.11547029463313689,0.279507603186097,0.029661732425445782,0.3261802575107296
14299,2026-05-08 17:35:00+00:00,-0.11547029463313689,0.279507603186097,0.029661732425445782,0.3261802575107296
14300,2026-05-08 17:40:00+00:00,-0.11547029463313689,0.279507603186097,0.029661732425445782,0.3261802575107296
14301,2026-05-08 17:45:00+00:00,-0.11547029463313689,0.279507603186097,0.029661732425445782,0.3261802575107296
14302,2026-05-08 17:50:00+00:00,-0.11547029463313689,0.279507603186097,0.04284773939972712,0.3261802575107296
14303,2026-05-08 17:55:00+00:00,-0.0885852064842602,0.279507603186097,0.042077656730546836,0.3261802575107296
14304,2026-05-08 18:00:00+00:00,-0.0885852064842602,0.279507603186097,0.01451662768078241,0.3261802575107296
14305,2026-05-08 18:05:00+00:00,-0.0885852064842602,0.279507603186097,0.01451662768078241,0.3261802575107296
14306,2026-05-08 18:10:00+00:00,-0.1165855130051879,0.279507603186097,0.01451662768078241,0.3261802575107296
14307,2026-05-08 18:15:00+00:00,-0.1165855130051879,0.279507603186097,0.01451662768078241,0.3261802575107296
14308,2026-05-08 18:20:00+00:00,-0.1165855130051879,0.279507603186097,0.01451662768078241,0.3261802575107296
14309,2026-05-08 18:25:00+00:00,-0.10990466473211744,0.279507603186097,0.01451662768078241,0.3261802575107296
14310,2026-05-08 18:30:00+00:00,-0.1165855130051879,0.279507603186097,0.01451662768078241,0.3261802575107296
14311,2026-05-08 18:35:00+00:00,-0.1165855130051879,0.279507603186097,0.01451662768078241,0.3261802575107296
14312,2026-05-08 18:40:00+00:00,-0.1165855130051879,0.279507603186097,0.01451662768078241,0.3261802575107296
14313,2026-05-08 18:45:00+00:00,-0.1165855130051879,0.279507603186097,0.01451662768078241,0.3261802575107296
14314,2026-05-08 18:50:00+00:00,-0.1165855130051879,0.279507603186097,0.01451662768078241,0.3261802575107296
14315,2026-05-08 18:55:00+00:00,-0.09345256693282515,0.279507603186097,0.020132865339782553,0.3261802575107296
14316,2026-05-08 19:00:00+00:00,-0.09345256693282515,0.279507603186097,0.020132865339782553,0.3261802575107296
14317,2026-05-08 19:05:00+00:00,-0.09345256693282515,0.279507603186097,0.08106227349729588,0.3778501628664495
14318,2026-05-08 19:10:00+00:00,-0.09345256693282515,0.279507603186097,0.01451662768078241,0.3261802575107296
14319,2026-05-08 19:15:00+00:00,-0.09345256693282515,0.279507603186097,0.01451662768078241,0.3261802575107296
14320,2026-05-08 19:20:00+00:00,-0.09345256693282515,0.279507603186097,0.01451662768078241,0.3261802575107296
14321,2026-05-08 19:25:00+00:00,-0.09345256693282515,0.279507603186097,0.01451662768078241,0.3261802575107296
14322,2026-05-08 19:30:00+00:00,-0.09345256693282515,0.279507603186097,0.02644699042690639,0.3261802575107296
14323,2026-05-08 19:35:00+00:00,-0.06545226041189746,0.3204225352112676,0.02644699042690639,0.3261802575107296
14324,2026-05-08 19:40:00+00:00,-0.06545226041189746,0.3204225352112676,0.01451662768078241,0.3261802575107296
14325,2026-05-08 19:45:00+00:00,-0.06545226041189746,0.3204225352112676,0.01451662768078241,0.3261802575107296
14326,2026-05-08 19:50:00+00:00,-0.06545226041189746,0.3204225352112676,0.01451662768078241,0.3261802575107296
14327,2026-05-08 19:55:00+00:00,-0.07941731577409739,0.3204225352112676,0.02644699042690639,0.3261802575107296
14328,2026-05-08 20:00:00+00:00,-0.07941731577409739,0.3204225352112676,0.02644699042690639,0.3261802575107296
14329,2026-05-08 20:05:00+00:00,-0.07941731577409739,0.3204225352112676,0.02644699042690639,0.3261802575107296
14330,2026-05-08 20:10:00+00:00,-0.07941731577409739,0.3204225352112676,0.02644699042690639,0.3261802575107296
14331,2026-05-08 20:15:00+00:00,-0.07941731577409739,0.3204225352112676,-0.031270677267473686,0.3261802575107296
14332,2026-05-08 20:20:00+00:00,-0.07941731577409739,0.3204225352112676,0.022218313825256217,0.3261802575107296
14333,2026-05-08 20:25:00+00:00,-0.07941731577409739,0.3204225352112676,0.02644699042690639,0.3261802575107296
14334,2026-05-08 20:30:00+00:00,-0.07941731577409739,0.3204225352112676,0.02644699042690639,0.3261802575107296
14335,2026-05-08 20:35:00+00:00,-0.07941731577409739,0.3204225352112676,0.02644699042690639,0.3261802575107296
14336,2026-05-08 20:40:00+00:00,-0.07941731577409739,0.3204225352112676,-0.031270677267473686,0.3261802575107296
14337,2026-05-08 20:45:00+00:00,-0.07941731577409739,0.3204225352112676,-0.02576931768740783,0.3261802575107296
14338,2026-05-08 20:50:00+00:00,-0.07941731577409739,0.3204225352112676,-0.024101075194133164,0.3261802575107296
14339,2026-05-08 20:55:00+00:00,-0.07941731577409739,0.3204225352112676,-0.024101075194133164,0.3261802575107296
14340,2026-05-10 22:00:00+00:00,-0.07941731577409739,0.3204225352112676,-0.014733272950726215,0.3261802575107296
14341,2026-05-10 22:05:00+00:00,-0.09345256693282515,0.279507603186097,-0.014733272950726215,0.3261802575107296
14342,2026-05-10 22:10:00+00:00,-0.09345256693282515,0.279507603186097,-0.014733272950726215,0.3261802575107296
14343,2026-05-10 22:15:00+00:00,-0.09345256693282515,0.279507603186097,-0.006687295512718344,0.3261802575107296
14344,2026-05-10 22:20:00+00:00,-0.09345256693282515,0.279507603186097,-0.006687295512718344,0.3261802575107296
14345,2026-05-10 22:25:00+00:00,-0.09345256693282515,0.279507603186097,-0.01605509775612529,0.3261802575107296
14346,2026-05-10 22:30:00+00:00,-0.09345256693282515,0.279507603186097,-0.01605509775612529,0.3261802575107296
14347,2026-05-10 22:35:00+00:00,-0.09345256693282515,0.279507603186097,-0.006687295512718344,0.3261802575107296
14348,2026-05-10 22:40:00+00:00,-0.09345256693282515,0.279507603186097,-0.014733272950726215,0.3261802575107296
14349,2026-05-10 22:45:00+00:00,-0.09345256693282515,0.279507603186097,-0.024101075194133164,0.3261802575107296
14350,2026-05-10 22:50:00+00:00,-0.09345256693282515,0.279507603186097,-0.006687295512718344,0.3261802575107296
14351,2026-05-10 22:55:00+00:00,-0.1165855130051879,0.3204225352112676,-0.014540323626151513,0.3261802575107296
14352,2026-05-10 23:00:00+00:00,-0.1165855130051879,0.3204225352112676,-0.03195410330756633,0.3261802575107296
14353,2026-05-10 23:05:00+00:00,-0.1165855130051879,0.3204225352112676,-0.014540323626151513,0.3261802575107296
14354,2026-05-10 23:10:00+00:00,-0.1165855130051879,0.3204225352112676,-0.014540323626151513,0.3261802575107296
14355,2026-05-10 23:15:00+00:00,-0.1165855130051879,0.3204225352112676,-0.03195410330756633,0.3261802575107296
14356,2026-05-10 23:20:00+00:00,-0.1165855130051879,0.3204225352112676,-0.014540323626151513,0.3261802575107296
14357,2026-05-10 23:25:00+00:00,-0.1165855130051879,0.3204225352112676,-0.014540323626151513,0.3261802575107296
14358,2026-05-10 23:30:00+00:00,-0.1165855130051879,0.3204225352112676,-0.022586301064159386,0.3261802575107296
14359,2026-05-10 23:35:00+00:00,-0.10783740192358816,0.3204225352112676,-0.014540323626151513,0.3261802575107296
14360,2026-05-10 23:40:00+00:00,-0.10783740192358816,0.3204225352112676,-0.014540323626151513,0.3261802575107296
14361,2026-05-10 23:45:00+00:00,-0.10783740192358816,0.3204225352112676,-0.014540323626151513,0.3261802575107296
14362,2026-05-10 23:50:00+00:00,-0.10783740192358816,0.3204225352112676,-0.01620856611942618,0.3261802575107296
14363,2026-05-10 23:55:00+00:00,-0.10783740192358816,0.3204225352112676,-0.030949254875173457,0.3261802575107296
14364,2026-05-11 00:00:00+00:00,-0.10783740192358816,0.3204225352112676,-0.030949254875173457,0.3261802575107296
14365,2026-05-11 00:05:00+00:00,-0.10783740192358816,0.3204225352112676,-0.030949254875173457,0.3261802575107296
14366,2026-05-11 00:10:00+00:00,-0.11547029463313689,0.3204225352112676,-0.02928101238189879,0.3261802575107296
14367,2026-05-11 00:15:00+00:00,-0.11547029463313689,0.3204225352112676,-0.02928101238189879,0.3261802575107296
14368,2026-05-11 00:20:00+00:00,-0.11547029463313689,0.3204225352112676,-0.02928101238189879,0.3261802575107296
14369,2026-05-11 00:25:00+00:00,-0.11547029463313689,0.3204225352112676,-0.02928101238189879,0.3261802575107296
14370,2026-05-11 00:30:00+00:00,-0.11547029463313689,0.3204225352112676,-0.038648814625305734,0.3261802575107296
14371,2026-05-11 00:35:00+00:00,-0.11547029463313689,0.3204225352112676,-0.02928101238189879,0.3261802575107296
14372,2026-05-11 00:40:00+00:00,-0.11547029463313689,0.3204225352112676,-0.038648814625305734,0.3261802575107296
14373,2026-05-11 00:45:00+00:00,-0.11547029463313689,0.3204225352112676,-0.04669479206331362,0.297427652733119
14374,2026-05-11 00:50:00+00:00,-0.1165855130051879,0.3204225352112676,-0.04669479206331362,0.297427652733119
14375,2026-05-11 00:55:00+00:00,-0.1165855130051879,0.279507603186097,-0.03959958412548478,0.3261802575107296
14376,2026-05-11 01:00:00+00:00,-0.1165855130051879,0.279507603186097,-0.03959958412548478,0.3261802575107296
14377,2026-05-11 01:05:00+00:00,-0.1165855130051879,0.279507603186097,-0.03959958412548478,0.3261802575107296
14378,2026-05-11 01:10:00+00:00,-0.1165855130051879,0.279507603186097,-0.03959958412548478,0.3261802575107296
14379,2026-05-11 01:15:00+00:00,-0.1165855130051879,0.279507603186097,-0.03959958412548478,0.3261802575107296
14380,2026-05-11 01:20:00+00:00,-0.1165855130051879,0.279507603186097,-0.023301809259742786,0.3261802575107296
14381,2026-05-11 01:25:00+00:00,-0.10783740192358816,0.279507603186097,-0.007993296599489825,0.3261802575107296
14382,2026-05-11 01:30:00+00:00,-0.10783740192358816,0.279507603186097,-0.012221973201139985,0.3261802575107296
14383,2026-05-11 01:35:00+00:00,-0.10783740192358816,0.279507603186097,-0.041267826618759454,0.297427652733119
14384,2026-05-11 01:40:00+00:00,-0.10783740192358816,0.279507603186097,-0.041267826618759454,0.297427652733119
14385,2026-05-11 01:45:00+00:00,-0.10783740192358816,0.279507603186097,-0.041267826618759454,0.297427652733119
14386,2026-05-11 01:50:00+00:00,-0.10783740192358816,0.279507603186097,-0.041267826618759454,0.297427652733119
14387,2026-05-11 01:55:00+00:00,-0.11392121852177939,0.279507603186097,-0.022456707976825335,0.3261802575107296
14388,2026-05-11 02:00:00+00:00,-0.11392121852177939,0.279507603186097,-0.022456707976825335,0.3261802575107296
14389,2026-05-11 02:05:00+00:00,-0.11392121852177939,0.279507603186097,-0.022456707976825335,0.3261802575107296
14390,2026-05-11 02:10:00+00:00,-0.11392121852177939,0.279507603186097,-0.022456707976825335,0.3261802575107296
14391,2026-05-11 02:15:00+00:00,-0.11392121852177939,0.279507603186097,-0.022456707976825335,0.3261802575107296
14392,2026-05-11 02:20:00+00:00,-0.11392121852177939,0.279507603186097,-0.022456707976825335,0.3261802575107296
14393,2026-05-11 02:25:00+00:00,-0.11392121852177939,0.279507603186097,-0.022456707976825335,0.3261802575107296
14394,2026-05-11 02:30:00+00:00,-0.11392121852177939,0.279507603186097,-0.022456707976825335,0.3261802575107296
14395,2026-05-11 02:35:00+00:00,-0.11392121852177939,0.279507603186097,0.0065891454407941375,0.3261802575107296
14396,2026-05-11 02:40:00+00:00,-0.11392121852177939,0.279507603186097,-0.022456707976825335,0.3261802575107296
14397,2026-05-11 02:45:00+00:00,-0.11392121852177939,0.279507603186097,-0.022456707976825335,0.3261802575107296
14398,2026-05-11 02:50:00+00:00,-0.11392121852177939,0.279507603186097,-0.022456707976825335,0.3261802575107296
14399,2026-05-11 02:55:00+00:00,-0.11392121852177939,0.279507603186097,-0.016619584435197874,0.3261802575107296
14400,2026-05-11 03:00:00+00:00,-0.11392121852177939,0.279507603186097,-0.016619584435197874,0.3261802575107296
14401,2026-05-11 03:05:00+00:00,-0.11392121852177939,0.279507603186097,-0.016619584435197874,0.3261802575107296
14402,2026-05-11 03:10:00+00:00,-0.11392121852177939,0.279507603186097,-0.016619584435197874,0.3261802575107296
14403,2026-05-11 03:15:00+00:00,-0.11392121852177939,0.279507603186097,-0.016619584435197874,0.3261802575107296
14404,2026-05-11 03:20:00+00:00,-0.11392121852177939,0.279507603186097,-0.016619584435197874,0.3261802575107296
14405,2026-05-11 03:25:00+00:00,-0.11392121852177939,0.279507603186097,-0.016619584435197874,0.3261802575107296
14406,2026-05-11 03:30:00+00:00,-0.11392121852177939,0.279507603186097,-0.016619584435197874,0.3261802575107296
14407,2026-05-11 03:35:00+00:00,-0.11392121852177939,0.279507603186097,-0.016619584435197874,0.3261802575107296
14408,2026-05-11 03:40:00+00:00,-0.11392121852177939,0.279507603186097,-0.016619584435197874,0.3261802575107296
14409,2026-05-11 03:45:00+00:00,-0.12155411123132812,0.279507603186097,-0.007251782191790924,0.3261802575107296
14410,2026-05-11 03:50:00+00:00,-0.12155411123132812,0.279507603186097,-0.007251782191790924,0.3261802575107296
14411,2026-05-11 03:55:00+00:00,-0.11143562984756553,0.279507603186097,-0.007251782191790924,0.3261802575107296
14412,2026-05-11 04:00:00+00:00,-0.11143562984756553,0.279507603186097,0.0007941952462169502,0.3261802575107296
14413,2026-05-11 04:05:00+00:00,-0.11143562984756553,0.279507603186097,0.0007941952462169502,0.3261802575107296
14414,2026-05-11 04:10:00+00:00,-0.11143562984756553,0.279507603186097,0.0007941952462169502,0.3261802575107296
14415,2026-05-11 04:15:00+00:00,-0.11143562984756553,0.279507603186097,0.0007941952462169502,0.3261802575107296
14416,2026-05-11 04:20:00+00:00,-0.11143562984756553,0.279507603186097,0.002462437739491615,0.3261802575107296
14417,2026-05-11 04:25:00+00:00,-0.11143562984756553,0.279507603186097,0.002462437739491615,0.3261802575107296
14418,2026-05-11 04:30:00+00:00,-0.11143562984756553,0.279507603186097,0.002462437739491615,0.3261802575107296
14419,2026-05-11 04:35:00+00:00,-0.11143562984756553,0.279507603186097,0.002462437739491615,0.3261802575107296
14420,2026-05-11 04:40:00+00:00,-0.13094428793244003,0.279507603186097,0.002462437739491615,0.3261802575107296
14421,2026-05-11 04:45:00+00:00,-0.13094428793244003,0.279507603186097,0.002462437739491615,0.3261802575107296
14422,2026-05-11 04:50:00+00:00,-0.13094428793244003,0.279507603186097,0.002462437739491615,0.3261802575107296
14423,2026-05-11 04:55:00+00:00,-0.13094428793244003,0.279507603186097,-0.09719076336394344,0.297427652733119
14424,2026-05-11 05:00:00+00:00,-0.13094428793244003,0.279507603186097,-0.09719076336394344,0.297427652733119
14425,2026-05-11 05:05:00+00:00,-0.13094428793244003,0.279507603186097,-0.09719076336394344,0.297427652733119
14426,2026-05-11 05:10:00+00:00,-0.13094428793244003,0.279507603186097,-0.09719076336394344,0.297427652733119
14427,2026-05-11 05:15:00+00:00,-0.13094428793244003,0.279507603186097,-0.09719076336394344,0.297427652733119
14428,2026-05-11 05:20:00+00:00,-0.13094428793244003,0.279507603186097,-0.09719076336394344,0.297427652733119
14429,2026-05-11 05:25:00+00:00,-0.13094428793244003,0.279507603186097,-0.09719076336394344,0.297427652733119
14430,2026-05-11 05:30:00+00:00,-0.13094428793244003,0.279507603186097,-0.09719076336394344,0.297427652733119
14431,2026-05-11 05:35:00+00:00,-0.13094428793244003,0.279507603186097,-0.09719076336394344,0.297427652733119
14432,2026-05-11 05:40:00+00:00,-0.13094428793244003,0.279507603186097,-0.09719076336394344,0.297427652733119
14433,2026-05-11 05:45:00+00:00,-0.13094428793244003,0.279507603186097,-0.09719076336394344,0.297427652733119
14434,2026-05-11 05:50:00+00:00,-0.13094428793244003,0.279507603186097,-0.09719076336394344,0.297427652733119
14435,2026-05-11 05:55:00+00:00,-0.11143562984756553,0.279507603186097,-0.0906376413227532,0.297427652733119
14436,2026-05-11 06:00:00+00:00,-0.11143562984756553,0.279507603186097,-0.0906376413227532,0.297427652733119
14437,2026-05-11 06:05:00+00:00,-0.11143562984756553,0.279507603186097,-0.0906376413227532,0.297427652733119
14438,2026-05-11 06:10:00+00:00,-0.11143562984756553,0.279507603186097,-0.0906376413227532,0.297427652733119
14439,2026-05-11 06:15:00+00:00,-0.11143562984756553,0.279507603186097,-0.09885900585721813,0.297427652733119
14440,2026-05-11 06:20:00+00:00,-0.11143562984756553,0.279507603186097,-0.09885900585721813,0.297427652733119
14441,2026-05-11 06:25:00+00:00,-0.1038027371380168,0.3204225352112676,-0.09885900585721813,0.297427652733119
14442,2026-05-11 06:30:00+00:00,-0.1038027371380168,0.3204225352112676,-0.09885900585721813,0.297427652733119
14443,2026-05-11 06:35:00+00:00,-0.1038027371380168,0.3204225352112676,-0.09885900585721813,0.297427652733119
14444,2026-05-11 06:40:00+00:00,-0.1038027371380168,0.3204225352112676,-0.09885900585721813,0.297427652733119
14445,2026-05-11 06:45:00+00:00,-0.1038027371380168,0.3204225352112676,-0.09885900585721813,0.297427652733119
14446,2026-05-11 06:50:00+00:00,-0.1038027371380168,0.3204225352112676,-0.09885900585721813,0.297427652733119
14447,2026-05-11 06:55:00+00:00,-0.1038027371380168,0.3204225352112676,-0.016619584435197874,0.3261802575107296
14448,2026-05-11 07:00:00+00:00,-0.1038027371380168,0.3204225352112676,-0.016619584435197874,0.3261802575107296
14449,2026-05-11 07:05:00+00:00,-0.1038027371380168,0.3204225352112676,-0.016619584435197874,0.3261802575107296
14450,2026-05-11 07:10:00+00:00,-0.1038027371380168,0.3204225352112676,-0.016619584435197874,0.3261802575107296
14451,2026-05-11 07:15:00+00:00,-0.1038027371380168,0.3204225352112676,-0.007251782191790924,0.3261802575107296
14452,2026-05-11 07:20:00+00:00,-0.1038027371380168,0.3204225352112676,-0.016619584435197874,0.3261802575107296
14453,2026-05-11 07:25:00+00:00,-0.1038027371380168,0.3204225352112676,0.000969582342673993,0.3261802575107296
14454,2026-05-11 07:30:00+00:00,-0.1038027371380168,0.3204225352112676,0.009015559780681867,0.3261802575107296
14455,2026-05-11 07:35:00+00:00,-0.1038027371380168,0.3204225352112676,0.000969582342673993,0.3261802575107296
14456,2026-05-11 07:40:00+00:00,-0.1038027371380168,0.3204225352112676,0.009015559780681867,0.3261802575107296
14457,2026-05-11 07:45:00+00:00,-0.1038027371380168,0.3204225352112676,0.009015559780681867,0.3261802575107296
14458,2026-05-11 07:50:00+00:00,-0.1038027371380168,0.3204225352112676,0.009015559780681867,0.3261802575107296
14459,2026-05-11 07:55:00+00:00,-0.1038027371380168,0.279507603186097,0.009015559780681867,0.3261802575107296
14460,2026-05-11 08:00:00+00:00,-0.13094428793244003,0.279507603186097,0.009015559780681867,0.3261802575107296
14461,2026-05-11 08:05:00+00:00,-0.13094428793244003,0.279507603186097,0.009015559780681867,0.3261802575107296
14462,2026-05-11 08:10:00+00:00,-0.13094428793244003,0.279507603186097,-0.0003522424627250796,0.3261802575107296
14463,2026-05-11 08:15:00+00:00,-0.13094428793244003,0.279507603186097,-0.0003522424627250796,0.3261802575107296
14464,2026-05-11 08:20:00+00:00,-0.13094428793244003,0.279507603186097,-0.0003522424627250796,0.3261802575107296
14465,2026-05-11 08:25:00+00:00,-0.11143562984756553,0.279507603186097,-0.008398219900732954,0.3261802575107296
14466,2026-05-11 08:30:00+00:00,-0.11143562984756553,0.279507603186097,-0.008398219900732954,0.3261802575107296
14467,2026-05-11 08:35:00+00:00,-0.11143562984756553,0.279507603186097,0.000969582342673993,0.3261802575107296
14468,2026-05-11 08:40:00+00:00,-0.11143562984756553,0.279507603186097,0.000969582342673993,0.3261802575107296
14469,2026-05-11 08:45:00+00:00,-0.11143562984756553,0.279507603186097,0.000969582342673993,0.3261802575107296
14470,2026-05-11 08:50:00+00:00,-0.11143562984756553,0.279507603186097,0.009015559780681867,0.3261802575107296
14471,2026-05-11 08:55:00+00:00,-0.11143562984756553,0.279507603186097,0.009015559780681867,0.3261802575107296
14472,2026-05-11 09:00:00+00:00,-0.11143562984756553,0.279507603186097,0.0007941952462169502,0.3261802575107296
14473,2026-05-11 09:05:00+00:00,-0.11143562984756553,0.279507603186097,0.0007941952462169502,0.3261802575107296
14474,2026-05-11 09:10:00+00:00,-0.11143562984756553,0.279507603186097,0.0007941952462169502,0.3261802575107296
14475,2026-05-11 09:15:00+00:00,-0.11143562984756553,0.279507603186097,0.0007941952462169502,0.3261802575107296
14476,2026-05-11 09:20:00+00:00,-0.11143562984756553,0.279507603186097,0.0007941952462169502,0.3261802575107296
14477,2026-05-11 09:25:00+00:00,-0.11143562984756553,0.279507603186097,0.0007941952462169502,0.3261802575107296
14478,2026-05-11 09:30:00+00:00,-0.11143562984756553,0.279507603186097,0.0007941952462169502,0.3261802575107296
14479,2026-05-11 09:35:00+00:00,-0.11143562984756553,0.279507603186097,0.0007941952462169502,0.3261802575107296
14480,2026-05-11 09:40:00+00:00,-0.11143562984756553,0.279507603186097,0.009015559780681867,0.34408602150537637
14481,2026-05-11 09:45:00+00:00,-0.11143562984756553,0.279507603186097,0.009015559780681867,0.34408602150537637
14482,2026-05-11 09:50:00+00:00,-0.11143562984756553,0.279507603186097,0.009015559780681867,0.34408602150537637
14483,2026-05-11 09:55:00+00:00,-0.11143562984756553,0.279507603186097,0.0031784362390544114,0.3261802575107296
14484,2026-05-11 10:00:00+00:00,-0.11143562984756553,0.279507603186097,0.0031784362390544114,0.3261802575107296
14485,2026-05-11 10:05:00+00:00,-0.12266932960337912,0.279507603186097,0.0031784362390544114,0.3261802575107296
14486,2026-05-11 10:10:00+00:00,-0.12266932960337912,0.279507603186097,0.0031784362390544114,0.3261802575107296
14487,2026-05-11 10:15:00+00:00,-0.12266932960337912,0.279507603186097,0.0031784362390544114,0.3261802575107296
14488,2026-05-11 10:20:00+00:00,-0.12266932960337912,0.279507603186097,0.0031784362390544114,0.3261802575107296
14489,2026-05-11 10:25:00+00:00,-0.12266932960337912,0.279507603186097,0.0031784362390544114,0.3261802575107296
14490,2026-05-11 10:30:00+00:00,-0.12266932960337912,0.279507603186097,0.0031784362390544114,0.3261802575107296
14491,2026-05-11 10:35:00+00:00,-0.12266932960337912,0.279507603186097,0.0031784362390544114,0.3261802575107296
14492,2026-05-11 10:40:00+00:00,-0.12266932960337912,0.279507603186097,0.0031784362390544114,0.3261802575107296
14493,2026-05-11 10:45:00+00:00,-0.12266932960337912,0.279507603186097,0.0031784362390544114,0.3261802575107296
14494,2026-05-11 10:50:00+00:00,-0.11143562984756553,0.279507603186097,0.0031784362390544114,0.3261802575107296
14495,2026-05-11 10:55:00+00:00,-0.1053518132493743,0.279507603186097,0.001560239759937773,0.3261802575107296
14496,2026-05-11 11:00:00+00:00,-0.1053518132493743,0.279507603186097,-0.007807562483469179,0.3261802575107296
14497,2026-05-11 11:05:00+00:00,-0.1053518132493743,0.279507603186097,-0.007807562483469179,0.3261802575107296
14498,2026-05-11 11:10:00+00:00,-0.1053518132493743,0.279507603186097,-0.007807562483469179,0.3261802575107296
14499,2026-05-11 11:15:00+00:00,-0.1053518132493743,0.279507603186097,-0.015853539921477054,0.3261802575107296
14500,2026-05-11 11:20:00+00:00,-0.1053518132493743,0.279507603186097,-0.006485737678070103,0.3261802575107296
14501,2026-05-11 11:25:00+00:00,-0.1053518132493743,0.279507603186097,-0.015853539921477054,0.3261802575107296
14502,2026-05-11 11:30:00+00:00,-0.1053518132493743,0.279507603186097,-0.015853539921477054,0.3261802575107296
14503,2026-05-11 11:35:00+00:00,-0.1165855130051879,0.279507603186097,-0.015853539921477054,0.3261802575107296
14504,2026-05-11 11:40:00+00:00,-0.1165855130051879,0.279507603186097,-0.015853539921477054,0.3261802575107296
14505,2026-05-11 11:45:00+00:00,-0.1165855130051879,0.279507603186097,-0.015853539921477054,0.3261802575107296
14506,2026-05-11 11:50:00+00:00,-0.1165855130051879,0.279507603186097,-0.015853539921477054,0.3261802575107296
14507,2026-05-11 11:55:00+00:00,-0.1165855130051879,0.279507603186097,-0.0016525776312066667,0.3261802575107296
14508,2026-05-11 12:00:00+00:00,-0.1165855130051879,0.279507603186097,-0.0016525776312066667,0.3261802575107296
14509,2026-05-11 12:05:00+00:00,-0.1165855130051879,0.279507603186097,-0.0016525776312066667,0.3261802575107296
14510,2026-05-11 12:10:00+00:00,-0.1165855130051879,0.279507603186097,0.007715224612200284,0.3261802575107296
14511,2026-05-11 12:15:00+00:00,-0.1165855130051879,0.279507603186097,-0.0016525776312066667,0.3261802575107296
14512,2026-05-11 12:20:00+00:00,-0.1165855130051879,0.279507603186097,0.03234192072804411,0.3261802575107296
14513,2026-05-11 12:25:00+00:00,-0.1165855130051879,0.279507603186097,0.03657059732969427,0.3778501628664495
14514,2026-05-11 12:30:00+00:00,-0.1165855130051879,0.279507603186097,0.03657059732969427,0.3778501628664495
14515,2026-05-11 12:35:00+00:00,-0.1165855130051879,0.279507603186097,0.03657059732969427,0.3778501628664495
14516,2026-05-11 12:40:00+00:00,-0.1165855130051879,0.279507603186097,0.03657059732969427,0.3778501628664495
14517,2026-05-11 12:45:00+00:00,-0.1165855130051879,0.279507603186097,0.03657059732969427,0.3778501628664495
14518,2026-05-11 12:50:00+00:00,-0.1165855130051879,0.279507603186097,0.03657059732969427,0.3778501628664495
14519,2026-05-11 12:55:00+00:00,-0.1165855130051879,0.279507603186097,0.016866814421143645,0.3261802575107296
14520,2026-05-11 13:00:00+00:00,-0.1165855130051879,0.279507603186097,0.016866814421143645,0.3261802575107296
14521,2026-05-11 13:05:00+00:00,-0.1165855130051879,0.279507603186097,0.054790846541876895,0.3261802575107296
14522,2026-05-11 13:10:00+00:00,-0.1165855130051879,0.279507603186097,0.06720677084697795,0.3261802575107296
14523,2026-05-11 13:15:00+00:00,-0.10028335329241546,0.279507603186097,0.06720677084697795,0.3261802575107296
14524,2026-05-11 13:20:00+00:00,-0.10028335329241546,0.279507603186097,0.08921110342586569,0.3261802575107296
14525,2026-05-11 13:25:00+00:00,-0.10028335329241546,0.279507603186097,0.08921110342586569,0.3261802575107296
14526,2026-05-11 13:30:00+00:00,-0.10028335329241546,0.279507603186097,0.08921110342586569,0.3261802575107296
14527,2026-05-11 13:35:00+00:00,-0.10028335329241546,0.279507603186097,0.08921110342586569,0.3261802575107296
14528,2026-05-11 13:40:00+00:00,-0.10028335329241546,0.279507603186097,0.08921110342586569,0.3261802575107296
14529,2026-05-11 13:45:00+00:00,-0.10028335329241546,0.279507603186097,0.08921110342586569,0.3261802575107296
14530,2026-05-11 13:50:00+00:00,-0.10028335329241546,0.279507603186097,0.09564442677008078,0.3261802575107296
14531,2026-05-11 13:55:00+00:00,-0.10028335329241546,0.279507603186097,0.0728321331676014,0.3261802575107296
14532,2026-05-11 14:00:00+00:00,-0.10028335329241546,0.279507603186097,0.11647799491844363,0.3261802575107296
14533,2026-05-11 14:05:00+00:00,-0.10028335329241546,0.3204225352112676,0.13284045187322394,0.3261802575107296
14534,2026-05-11 14:10:00+00:00,-0.10028335329241546,0.3204225352112676,0.11083611929433612,0.3261802575107296
14535,2026-05-11 14:15:00+00:00,-0.10028335329241546,0.3204225352112676,0.11083611929433612,0.3261802575107296
14536,2026-05-11 14:20:00+00:00,-0.10028335329241546,0.279507603186097,0.11083611929433612,0.3261802575107296
14537,2026-05-11 14:25:00+00:00,-0.10028335329241546,0.279507603186097,0.11083611929433612,0.3261802575107296
14538,2026-05-11 14:30:00+00:00,-0.10028335329241546,0.3204225352112676,0.11083611929433612,0.3261802575107296
14539,2026-05-11 14:35:00+00:00,-0.10028335329241546,0.3204225352112676,0.11083611929433612,0.3261802575107296
14540,2026-05-11 14:40:00+00:00,-0.10028335329241546,0.279507603186097,-0.0059454791813357095,0.3261802575107296
14541,2026-05-11 14:45:00+00:00,-0.10028335329241546,0.279507603186097,-0.0059454791813357095,0.3261802575107296
14542,2026-05-11 14:50:00+00:00,-0.10028335329241546,0.279507603186097,-0.0059454791813357095,0.3261802575107296
14543,2026-05-11 14:55:00+00:00,-0.10028335329241546,0.279507603186097,0.016866814421143645,0.3261802575107296
14544,2026-05-11 15:00:00+00:00,-0.10028335329241546,0.279507603186097,0.016866814421143645,0.3261802575107296
14545,2026-05-11 15:05:00+00:00,-0.09731000371243116,0.279507603186097,0.016866814421143645,0.3261802575107296
14546,2026-05-11 15:10:00+00:00,-0.09731000371243116,0.279507603186097,0.016866814421143645,0.3261802575107296
14547,2026-05-11 15:15:00+00:00,-0.09731000371243116,0.279507603186097,0.016866814421143645,0.3261802575107296
14548,2026-05-11 15:20:00+00:00,-0.09731000371243116,0.279507603186097,0.016866814421143645,0.3261802575107296
14549,2026-05-11 15:25:00+00:00,-0.09731000371243116,0.279507603186097,0.016866814421143645,0.3261802575107296
14550,2026-05-11 15:30:00+00:00,-0.09731000371243116,0.279507603186097,0.016866814421143645,0.3261802575107296
14551,2026-05-11 15:35:00+00:00,-0.09731000371243116,0.279507603186097,0.03916710044449572,0.3261802575107296
14552,2026-05-11 15:40:00+00:00,-0.09731000371243116,0.279507603186097,0.03916710044449572,0.3261802575107296
14553,2026-05-11 15:45:00+00:00,-0.09731000371243116,0.279507603186097,0.03916710044449572,0.3261802575107296
14554,2026-05-11 15:50:00+00:00,-0.09731000371243116,0.279507603186097,0.03916710044449572,0.3261802575107296
14555,2026-05-11 15:55:00+00:00,-0.10494289642197989,0.279507603186097,0.011078252459801223,0.3261802575107296
14556,2026-05-11 16:00:00+00:00,-0.10494289642197989,0.279507603186097,0.011078252459801223,0.3261802575107296
14557,2026-05-11 16:05:00+00:00,-0.10494289642197989,0.279507603186097,0.011078252459801223,0.3261802575107296
14558,2026-05-11 16:10:00+00:00,-0.10494289642197989,0.279507603186097,0.011078252459801223,0.3261802575107296
14559,2026-05-11 16:15:00+00:00,-0.10494289642197989,0.279507603186097,0.011078252459801223,0.3261802575107296
14560,2026-05-11 16:20:00+00:00,-0.10494289642197989,0.279507603186097,0.0230086152059252,0.3261802575107296
14561,2026-05-11 16:25:00+00:00,-0.10494289642197989,0.279507603186097,0.0230086152059252,0.3261802575107296
14562,2026-05-11 16:30:00+00:00,-0.10494289642197989,0.279507603186097,0.0230086152059252,0.3261802575107296
14563,2026-05-11 16:35:00+00:00,-0.10494289642197989,0.279507603186097,0.0230086152059252,0.3261802575107296
14564,2026-05-11 16:40:00+00:00,-0.0885852064842602,0.279507603186097,0.0230086152059252,0.3261802575107296
14565,2026-05-11 16:45:00+00:00,-0.0885852064842602,0.279507603186097,0.0230086152059252,0.3261802575107296
14566,2026-05-11 16:50:00+00:00,-0.0885852064842602,0.279507603186097,0.0230086152059252,0.3261802575107296
14567,2026-05-11 16:55:00+00:00,-0.11547029463313689,0.279507603186097,0.04582090880840456,0.3261802575107296
14568,2026-05-11 17:00:00+00:00,-0.11547029463313689,0.279507603186097,0.04582090880840456,0.3261802575107296
14569,2026-05-11 17:05:00+00:00,-0.10028335329241546,0.279507603186097,0.04582090880840456,0.3261802575107296
14570,2026-05-11 17:10:00+00:00,-0.10028335329241546,0.279507603186097,0.04582090880840456,0.3261802575107296
14571,2026-05-11 17:15:00+00:00,-0.10028335329241546,0.279507603186097,0.020720536586184352,0.3261802575107296
14572,2026-05-11 17:20:00+00:00,-0.10028335329241546,0.279507603186097,0.020720536586184352,0.3261802575107296
14573,2026-05-11 17:25:00+00:00,-0.10028335329241546,0.279507603186097,0.020720536586184352,0.3261802575107296
14574,2026-05-11 17:30:00+00:00,-0.10028335329241546,0.279507603186097,0.020720536586184352,0.3261802575107296
14575,2026-05-11 17:35:00+00:00,-0.10028335329241546,0.279507603186097,0.020720536586184352,0.3261802575107296
14576,2026-05-11 17:40:00+00:00,-0.10028335329241546,0.279507603186097,0.020720536586184352,0.3261802575107296
14577,2026-05-11 17:45:00+00:00,-0.10028335329241546,0.279507603186097,0.020720536586184352,0.3261802575107296
14578,2026-05-11 17:50:00+00:00,-0.10028335329241546,0.279507603186097,0.020720536586184352,0.3261802575107296
14579,2026-05-11 17:55:00+00:00,-0.10028335329241546,0.279507603186097,0.020720536586184352,0.3261802575107296
14580,2026-05-11 18:00:00+00:00,-0.10028335329241546,0.279507603186097,0.020720536586184352,0.3261802575107296
14581,2026-05-11 18:05:00+00:00,-0.10028335329241546,0.279507603186097,0.020720536586184352,0.3261802575107296
14582,2026-05-11 18:10:00+00:00,-0.10028335329241546,0.279507603186097,0.020720536586184352,0.3261802575107296
14583,2026-05-11 18:15:00+00:00,-0.10028335329241546,0.279507603186097,0.033890546062280584,0.3261802575107296
14584,2026-05-11 18:20:00+00:00,-0.10028335329241546,0.279507603186097,0.033890546062280584,0.3261802575107296
14585,2026-05-11 18:25:00+00:00,-0.10028335329241546,0.279507603186097,0.033890546062280584,0.3261802575107296
14586,2026-05-11 18:30:00+00:00,-0.10028335329241546,0.279507603186097,0.033890546062280584,0.3261802575107296
14587,2026-05-11 18:35:00+00:00,-0.10028335329241546,0.279507603186097,0.033890546062280584,0.3261802575107296
14588,2026-05-11 18:40:00+00:00,-0.10028335329241546,0.279507603186097,0.033890546062280584,0.3261802575107296
14589,2026-05-11 18:45:00+00:00,-0.10028335329241546,0.279507603186097,0.033890546062280584,0.3261802575107296
14590,2026-05-11 18:50:00+00:00,-0.10028335329241546,0.279507603186097,0.033890546062280584,0.3261802575107296
14591,2026-05-11 18:55:00+00:00,-0.10028335329241546,0.279507603186097,0.011078252459801223,0.3261802575107296
14592,2026-05-11 19:00:00+00:00,-0.10028335329241546,0.279507603186097,0.011078252459801223,0.3261802575107296
14593,2026-05-11 19:05:00+00:00,-0.10028335329241546,0.279507603186097,0.011078252459801223,0.3261802575107296
14594,2026-05-11 19:10:00+00:00,-0.10028335329241546,0.279507603186097,0.011078252459801223,0.3261802575107296
14595,2026-05-11 19:15:00+00:00,-0.10028335329241546,0.279507603186097,0.011078252459801223,0.3261802575107296
14596,2026-05-11 19:20:00+00:00,-0.10494289642197989,0.279507603186097,0.011078252459801223,0.3261802575107296
14597,2026-05-11 19:25:00+00:00,-0.10494289642197989,0.279507603186097,0.011078252459801223,0.3261802575107296
14598,2026-05-11 19:30:00+00:00,-0.10494289642197989,0.279507603186097,0.011078252459801223,0.3261802575107296
14599,2026-05-11 19:35:00+00:00,-0.10494289642197989,0.279507603186097,0.011078252459801223,0.3261802575107296
14600,2026-05-11 19:40:00+00:00,-0.10494289642197989,0.279507603186097,0.011078252459801223,0.3261802575107296
14601,2026-05-11 19:45:00+00:00,-0.10494289642197989,0.279507603186097,0.011078252459801223,0.3261802575107296
14602,2026-05-11 19:50:00+00:00,-0.10494289642197989,0.279507603186097,0.011078252459801223,0.3261802575107296
14603,2026-05-11 19:55:00+00:00,-0.10494289642197989,0.279507603186097,0.011078252459801223,0.3261802575107296
14604,2026-05-11 20:00:00+00:00,-0.10028335329241546,0.279507603186097,0.011078252459801223,0.3261802575107296
14605,2026-05-11 20:05:00+00:00,-0.10028335329241546,0.279507603186097,0.011078252459801223,0.3261802575107296
14606,2026-05-11 20:10:00+00:00,-0.10028335329241546,0.279507603186097,0.011078252459801223,0.3261802575107296
14607,2026-05-11 20:15:00+00:00,-0.10028335329241546,0.279507603186097,0.011078252459801223,0.3261802575107296
14608,2026-05-11 20:20:00+00:00,-0.10028335329241546,0.279507603186097,0.011078252459801223,0.3261802575107296
14609,2026-05-11 20:25:00+00:00,-0.10028335329241546,0.279507603186097,0.011078252459801223,0.3261802575107296
14610,2026-05-11 20:30:00+00:00,-0.10028335329241546,0.279507603186097,0.011078252459801223,0.3261802575107296
14611,2026-05-11 20:35:00+00:00,-0.10028335329241546,0.279507603186097,0.011078252459801223,0.3261802575107296
14612,2026-05-11 20:40:00+00:00,-0.10028335329241546,0.279507603186097,0.011078252459801223,0.3261802575107296
14613,2026-05-11 20:45:00+00:00,-0.10028335329241546,0.279507603186097,0.03308258503868901,0.3261802575107296
14614,2026-05-11 20:50:00+00:00,-0.10028335329241546,0.279507603186097,0.03308258503868901,0.3261802575107296
14615,2026-05-11 20:55:00+00:00,-0.10028335329241546,0.279507603186097,0.011078252459801223,0.3261802575107296
14616,2026-05-11 22:00:00+00:00,-0.10028335329241546,0.279507603186097,0.011078252459801223,0.3261802575107296
14617,2026-05-11 22:05:00+00:00,-0.10028335329241546,0.279507603186097,0.011078252459801223,0.3261802575107296
14618,2026-05-11 22:10:00+00:00,-0.10028335329241546,0.279507603186097,-0.0020917570162950015,0.3261802575107296
14619,2026-05-11 22:15:00+00:00,-0.10028335329241546,0.279507603186097,-0.0020917570162950015,0.3261802575107296
14620,2026-05-11 22:20:00+00:00,-0.10255026184646013,0.279507603186097,-0.0020917570162950015,0.3261802575107296
14621,2026-05-11 22:25:00+00:00,-0.10255026184646013,0.279507603186097,0.011078252459801223,0.3261802575107296
14622,2026-05-11 22:30:00+00:00,-0.10255026184646013,0.279507603186097,0.011078252459801223,0.3261802575107296
14623,2026-05-11 22:35:00+00:00,-0.10255026184646013,0.279507603186097,0.011078252459801223,0.3261802575107296
14624,2026-05-11 22:40:00+00:00,-0.10255026184646013,0.279507603186097,0.011078252459801223,0.3261802575107296
14625,2026-05-11 22:45:00+00:00,-0.10255026184646013,0.279507603186097,0.011078252459801223,0.3261802575107296
14626,2026-05-11 22:50:00+00:00,-0.10255026184646013,0.279507603186097,0.011078252459801223,0.3261802575107296
14627,2026-05-11 22:55:00+00:00,-0.11707001033689102,0.279507603186097,0.05163517114340833,0.3261802575107296
14628,2026-05-11 23:00:00+00:00,-0.11707001033689102,0.279507603186097,0.05163517114340833,0.3261802575107296
14629,2026-05-11 23:05:00+00:00,-0.11707001033689102,0.279507603186097,0.05163517114340833,0.3261802575107296
14630,2026-05-11 23:10:00+00:00,-0.10028335329241546,0.279507603186097,0.05163517114340833,0.3261802575107296
14631,2026-05-11 23:15:00+00:00,-0.10028335329241546,0.279507603186097,0.05163517114340833,0.3261802575107296
14632,2026-05-11 23:20:00+00:00,-0.10028335329241546,0.279507603186097,0.05163517114340833,0.3261802575107296
14633,2026-05-11 23:25:00+00:00,-0.10028335329241546,0.279507603186097,0.05163517114340833,0.3261802575107296
14634,2026-05-11 23:30:00+00:00,-0.10028335329241546,0.279507603186097,0.038465161667312106,0.3261802575107296
14635,2026-05-11 23:35:00+00:00,-0.10028335329241546,0.279507603186097,0.038465161667312106,0.3261802575107296
14636,2026-05-11 23:40:00+00:00,-0.10028335329241546,0.279507603186097,0.038465161667312106,0.3261802575107296
14637,2026-05-11 23:45:00+00:00,-0.10028335329241546,0.279507603186097,0.038465161667312106,0.3261802575107296
14638,2026-05-11 23:50:00+00:00,-0.10028335329241546,0.279507603186097,0.038465161667312106,0.3261802575107296
14639,2026-05-11 23:55:00+00:00,-0.1296964190321781,0.279507603186097,0.1170363478459889,0.3778501628664495
14640,2026-05-12 00:00:00+00:00,-0.1296964190321781,0.279507603186097,0.34193885537933555,0.4412470023980815
14641,2026-05-12 00:05:00+00:00,-0.1296964190321781,0.279507603186097,0.34193885537933555,0.4412470023980815
14642,2026-05-12 00:10:00+00:00,-0.1296964190321781,0.279507603186097,0.34193885537933555,0.4412470023980815
14643,2026-05-12 00:15:00+00:00,-0.1296964190321781,0.279507603186097,0.34193885537933555,0.4412470023980815
14644,2026-05-12 00:20:00+00:00,-0.1296964190321781,0.279507603186097,0.363570117991559,0.4412470023980815
14645,2026-05-12 00:25:00+00:00,-0.1296964190321781,0.279507603186097,0.363570117991559,0.4412470023980815
14646,2026-05-12 00:30:00+00:00,-0.1296964190321781,0.279507603186097,0.363570117991559,0.4412470023980815
14647,2026-05-12 00:35:00+00:00,-0.12411927373617343,0.279507603186097,0.363570117991559,0.4412470023980815
14648,2026-05-12 00:40:00+00:00,-0.12411927373617343,0.279507603186097,0.3380851332142949,0.4412470023980815
14649,2026-05-12 00:45:00+00:00,-0.12411927373617343,0.279507603186097,0.3380851332142949,0.4412470023980815
14650,2026-05-12 00:50:00+00:00,-0.12411927373617343,0.279507603186097,0.3380851332142949,0.4412470023980815
14651,2026-05-12 00:55:00+00:00,-0.0949173691369114,0.3204225352112676,-0.0036682748996622067,0.3261802575107296
14652,2026-05-12 01:00:00+00:00,-0.0949173691369114,0.3204225352112676,-0.0036682748996622067,0.3261802575107296
14653,2026-05-12 01:05:00+00:00,-0.0949173691369114,0.3204225352112676,-0.0036682748996622067,0.3261802575107296
14654,2026-05-12 01:10:00+00:00,-0.0949173691369114,0.3204225352112676,-0.0036682748996622067,0.3261802575107296
14655,2026-05-12 01:15:00+00:00,-0.0949173691369114,0.3204225352112676,-0.0036682748996622067,0.3261802575107296
14656,2026-05-12 01:20:00+00:00,-0.0949173691369114,0.3204225352112676,-0.0036682748996622067,0.3261802575107296
14657,2026-05-12 01:25:00+00:00,-0.0949173691369114,0.3204225352112676,-0.0036682748996622067,0.3261802575107296
14658,2026-05-12 01:30:00+00:00,-0.0949173691369114,0.3204225352112676,-0.0036682748996622067,0.3261802575107296
14659,2026-05-12 01:35:00+00:00,-0.1165855130051879,0.279507603186097,-0.0036682748996622067,0.3261802575107296
14660,2026-05-12 01:40:00+00:00,-0.1165855130051879,0.279507603186097,-0.0036682748996622067,0.3261802575107296
14661,2026-05-12 01:45:00+00:00,-0.1165855130051879,0.279507603186097,-0.0036682748996622067,0.3261802575107296
14662,2026-05-12 01:50:00+00:00,-0.1165855130051879,0.279507603186097,-0.0036682748996622067,0.3261802575107296
14663,2026-05-12 01:55:00+00:00,-0.12266932960337912,0.279507603186097,0.028615243295366966,0.3261802575107296
14664,2026-05-12 02:00:00+00:00,-0.12266932960337912,0.279507603186097,0.028615243295366966,0.3261802575107296
14665,2026-05-12 02:05:00+00:00,-0.12266932960337912,0.279507603186097,0.21332935486569432,0.4412470023980815
14666,2026-05-12 02:10:00+00:00,-0.12266932960337912,0.279507603186097,0.20566216600787832,0.4412470023980815
14667,2026-05-12 02:15:00+00:00,-0.12266932960337912,0.279507603186097,0.20566216600787832,0.4412470023980815
14668,2026-05-12 02:20:00+00:00,-0.12266932960337912,0.279507603186097,0.21332935486569432,0.4412470023980815
14669,2026-05-12 02:25:00+00:00,-0.12266932960337912,0.279507603186097,0.20566216600787832,0.4412470023980815
14670,2026-05-12 02:30:00+00:00,-0.12266932960337912,0.279507603186097,0.20566216600787832,0.4412470023980815
14671,2026-05-12 02:35:00+00:00,-0.12266932960337912,0.279507603186097,0.20566216600787832,0.4412470023980815
14672,2026-05-12 02:40:00+00:00,-0.12266932960337912,0.279507603186097,0.21332935486569432,0.4412470023980815
14673,2026-05-12 02:45:00+00:00,-0.12266932960337912,0.279507603186097,0.21332935486569432,0.4412470023980815
14674,2026-05-12 02:50:00+00:00,-0.12266932960337912,0.279507603186097,0.20566216600787832,0.4412470023980815
14675,2026-05-12 02:55:00+00:00,-0.13094428793244003,0.279507603186097,0.24746684945588285,0.4412470023980815
14676,2026-05-12 03:00:00+00:00,-0.13094428793244003,0.279507603186097,0.21149928954950578,0.4412470023980815
14677,2026-05-12 03:05:00+00:00,-0.13094428793244003,0.279507603186097,0.030638900144219137,0.3261802575107296
14678,2026-05-12 03:10:00+00:00,-0.13094428793244003,0.279507603186097,0.030638900144219137,0.3261802575107296
14679,2026-05-12 03:15:00+00:00,-0.10100118573510262,0.3204225352112676,0.04566391394264501,0.3261802575107296
14680,2026-05-12 03:20:00+00:00,-0.10100118573510262,0.3204225352112676,0.030638900144219137,0.3261802575107296
14681,2026-05-12 03:25:00+00:00,-0.10100118573510262,0.3204225352112676,0.04566391394264501,0.3261802575107296
14682,2026-05-12 03:30:00+00:00,-0.10863407844465135,0.279507603186097,0.07076428616486521,0.4412470023980815
14683,2026-05-12 03:35:00+00:00,-0.10863407844465135,0.279507603186097,0.07076428616486521,0.4412470023980815
14684,2026-05-12 03:40:00+00:00,-0.10863407844465135,0.279507603186097,0.055739272366439344,0.4412470023980815
14685,2026-05-12 03:45:00+00:00,-0.10863407844465135,0.279507603186097,0.07076428616486521,0.4412470023980815
14686,2026-05-12 03:50:00+00:00,-0.10863407844465135,0.279507603186097,-0.006489352040091204,0.3261802575107296
14687,2026-05-12 03:55:00+00:00,-0.12155411123132812,0.279507603186097,-0.006489352040091204,0.3261802575107296
14688,2026-05-12 04:00:00+00:00,-0.12155411123132812,0.279507603186097,0.05151059576478918,0.3261802575107296
14689,2026-05-12 04:05:00+00:00,-0.12155411123132812,0.279507603186097,0.055739272366439344,0.3778501628664495
14690,2026-05-12 04:10:00+00:00,-0.12155411123132812,0.279507603186097,0.055739272366439344,0.3778501628664495
14691,2026-05-12 04:15:00+00:00,-0.12155411123132812,0.279507603186097,0.03958023301866521,0.3261802575107296
14692,2026-05-12 04:20:00+00:00,-0.12155411123132812,0.279507603186097,0.055739272366439344,0.3778501628664495
14693,2026-05-12 04:25:00+00:00,-0.12155411123132812,0.279507603186097,0.055739272366439344,0.3778501628664495
14694,2026-05-12 04:30:00+00:00,-0.12155411123132812,0.279507603186097,0.055739272366439344,0.3778501628664495
14695,2026-05-12 04:35:00+00:00,-0.12155411123132812,0.279507603186097,0.055739272366439344,0.3778501628664495
14696,2026-05-12 04:40:00+00:00,-0.12155411123132812,0.279507603186097,0.055739272366439344,0.3778501628664495
14697,2026-05-12 04:45:00+00:00,-0.12155411123132812,0.279507603186097,-0.0022606754384410332,0.3261802575107296
14698,2026-05-12 04:50:00+00:00,-0.12155411123132812,0.279507603186097,-0.006489352040091204,0.3261802575107296
14699,2026-05-12 04:55:00+00:00,-0.12155411123132812,0.279507603186097,-0.006489352040091204,0.3261802575107296
14700,2026-05-12 05:00:00+00:00,-0.12155411123132812,0.279507603186097,-0.006489352040091204,0.3261802575107296
14701,2026-05-12 05:05:00+00:00,-0.12155411123132812,0.279507603186097,-0.006489352040091204,0.3261802575107296
14702,2026-05-12 05:10:00+00:00,-0.12155411123132812,0.279507603186097,-0.006489352040091204,0.3261802575107296
14703,2026-05-12 05:15:00+00:00,-0.12155411123132812,0.279507603186097,-0.006489352040091204,0.3261802575107296
14704,2026-05-12 05:20:00+00:00,-0.12155411123132812,0.279507603186097,-0.006489352040091204,0.3261802575107296
14705,2026-05-12 05:25:00+00:00,-0.12155411123132812,0.279507603186097,-0.006489352040091204,0.3261802575107296
14706,2026-05-12 05:30:00+00:00,-0.12155411123132812,0.279507603186097,-0.006489352040091204,0.3261802575107296
14707,2026-05-12 05:35:00+00:00,-0.12155411123132812,0.279507603186097,-0.006489352040091204,0.3261802575107296
14708,2026-05-12 05:40:00+00:00,-0.12155411123132812,0.279507603186097,-0.006489352040091204,0.3261802575107296
14709,2026-05-12 05:45:00+00:00,-0.12155411123132812,0.279507603186097,-0.006489352040091204,0.3261802575107296
14710,2026-05-12 05:50:00+00:00,-0.12155411123132812,0.279507603186097,-0.006489352040091204,0.3261802575107296
14711,2026-05-12 05:55:00+00:00,-0.12155411123132812,0.279507603186097,-0.006489352040091204,0.3261802575107296
14712,2026-05-12 06:00:00+00:00,-0.12155411123132812,0.279507603186097,-0.006489352040091204,0.3261802575107296
14713,2026-05-12 06:05:00+00:00,-0.12155411123132812,0.279507603186097,-0.006489352040091204,0.3261802575107296
14714,2026-05-12 06:10:00+00:00,-0.12155411123132812,0.279507603186097,-0.006489352040091204,0.3261802575107296
14715,2026-05-12 06:15:00+00:00,-0.12155411123132812,0.279507603186097,-0.006489352040091204,0.3261802575107296
14716,2026-05-12 06:20:00+00:00,-0.12155411123132812,0.279507603186097,0.0028784502033157473,0.3261802575107296
14717,2026-05-12 06:25:00+00:00,-0.12155411123132812,0.279507603186097,0.0028784502033157473,0.3261802575107296
14718,2026-05-12 06:30:00+00:00,-0.12155411123132812,0.279507603186097,-0.006489352040091204,0.3261802575107296
14719,2026-05-12 06:35:00+00:00,-0.12155411123132812,0.279507603186097,0.0015566253979166726,0.3261802575107296
14720,2026-05-12 06:40:00+00:00,-0.12155411123132812,0.279507603186097,0.0015566253979166726,0.3261802575107296
14721,2026-05-12 06:45:00+00:00,-0.12155411123132812,0.279507603186097,0.0028784502033157473,0.3261802575107296
14722,2026-05-12 06:50:00+00:00,-0.12155411123132812,0.279507603186097,0.0028784502033157473,0.3261802575107296
14723,2026-05-12 06:55:00+00:00,-0.12155411123132812,0.279507603186097,0.0028784502033157473,0.3261802575107296
14724,2026-05-12 07:00:00+00:00,-0.11392121852177939,0.279507603186097,0.010924427641323621,0.3261802575107296
14725,2026-05-12 07:05:00+00:00,-0.11392121852177939,0.279507603186097,0.010924427641323621,0.3261802575107296
14726,2026-05-12 07:10:00+00:00,-0.11392121852177939,0.279507603186097,0.010924427641323621,0.3261802575107296
14727,2026-05-12 07:15:00+00:00,-0.11392121852177939,0.279507603186097,0.0015566253979166726,0.3261802575107296
14728,2026-05-12 07:20:00+00:00,-0.11392121852177939,0.279507603186097,0.010924427641323621,0.3261802575107296
14729,2026-05-12 07:25:00+00:00,-0.11392121852177939,0.279507603186097,0.010924427641323621,0.3261802575107296
14730,2026-05-12 07:30:00+00:00,-0.11392121852177939,0.279507603186097,0.0028784502033157473,0.3261802575107296
14731,2026-05-12 07:35:00+00:00,-0.11392121852177939,0.279507603186097,0.010924427641323621,0.3261802575107296
14732,2026-05-12 07:40:00+00:00,-0.11392121852177939,0.279507603186097,0.010924427641323621,0.3261802575107296
14733,2026-05-12 07:45:00+00:00,-0.11392121852177939,0.279507603186097,0.010924427641323621,0.3261802575107296
14734,2026-05-12 07:50:00+00:00,-0.11392121852177939,0.279507603186097,0.010924427641323621,0.3261802575107296
14735,2026-05-12 07:55:00+00:00,-0.11392121852177939,0.279507603186097,0.010924427641323621,0.3261802575107296
14736,2026-05-12 08:00:00+00:00,-0.11392121852177939,0.279507603186097,0.0015566253979166726,0.3261802575107296
14737,2026-05-12 08:05:00+00:00,-0.12155411123132812,0.279507603186097,0.0015566253979166726,0.3261802575107296
14738,2026-05-12 08:10:00+00:00,-0.12155411123132812,0.279507603186097,0.010924427641323621,0.3261802575107296
14739,2026-05-12 08:15:00+00:00,-0.12155411123132812,0.279507603186097,0.0028784502033157473,0.3261802575107296
14740,2026-05-12 08:20:00+00:00,-0.12155411123132812,0.279507603186097,-0.006489352040091204,0.3261802575107296
14741,2026-05-12 08:25:00+00:00,-0.12155411123132812,0.279507603186097,0.0015566253979166726,0.3261802575107296
14742,2026-05-12 08:30:00+00:00,-0.12155411123132812,0.279507603186097,0.010924427641323621,0.3261802575107296
14743,2026-05-12 08:35:00+00:00,-0.12155411123132812,0.279507603186097,0.0028784502033157473,0.3261802575107296
14744,2026-05-12 08:40:00+00:00,-0.12155411123132812,0.279507603186097,0.0028784502033157473,0.3261802575107296
14745,2026-05-12 08:45:00+00:00,-0.12155411123132812,0.279507603186097,0.0015566253979166726,0.3261802575107296
14746,2026-05-12 08:50:00+00:00,-0.12155411123132812,0.279507603186097,0.0015566253979166726,0.3261802575107296
14747,2026-05-12 08:55:00+00:00,-0.12155411123132812,0.279507603186097,0.0015566253979166726,0.3261802575107296
14748,2026-05-12 09:00:00+00:00,-0.12155411123132812,0.279507603186097,0.0028784502033157473,0.3261802575107296
14749,2026-05-12 09:05:00+00:00,-0.12155411123132812,0.279507603186097,0.0028784502033157473,0.3261802575107296
14750,2026-05-12 09:10:00+00:00,-0.12155411123132812,0.279507603186097,0.0028784502033157473,0.3261802575107296
14751,2026-05-12 09:15:00+00:00,-0.12155411123132812,0.279507603186097,0.010924427641323621,0.3261802575107296
14752,2026-05-12 09:20:00+00:00,-0.12155411123132812,0.279507603186097,0.010924427641323621,0.3261802575107296
14753,2026-05-12 09:25:00+00:00,-0.12155411123132812,0.279507603186097,0.010924427641323621,0.3261802575107296
14754,2026-05-12 09:30:00+00:00,-0.12155411123132812,0.279507603186097,0.0015566253979166726,0.3261802575107296
14755,2026-05-12 09:35:00+00:00,-0.12155411123132812,0.279507603186097,0.0015566253979166726,0.3261802575107296
14756,2026-05-12 09:40:00+00:00,-0.12155411123132812,0.279507603186097,0.010924427641323621,0.3261802575107296
14757,2026-05-12 09:45:00+00:00,-0.12155411123132812,0.279507603186097,-0.006489352040091204,0.3261802575107296
14758,2026-05-12 09:50:00+00:00,-0.12155411123132812,0.279507603186097,-0.006489352040091204,0.3261802575107296
14759,2026-05-12 09:55:00+00:00,-0.12155411123132812,0.279507603186097,-0.004280498143710784,0.3261802575107296
14760,2026-05-12 10:00:00+00:00,-0.12155411123132812,0.279507603186097,-0.012326475581718658,0.3261802575107296
14761,2026-05-12 10:05:00+00:00,-0.12155411123132812,0.279507603186097,-0.012326475581718658,0.3261802575107296
14762,2026-05-12 10:10:00+00:00,-0.12155411123132812,0.279507603186097,-0.012326475581718658,0.3261802575107296
14763,2026-05-12 10:15:00+00:00,-0.12155411123132812,0.279507603186097,-0.012326475581718658,0.3261802575107296
14764,2026-05-12 10:20:00+00:00,-0.12155411123132812,0.279507603186097,-0.012326475581718658,0.3261802575107296
14765,2026-05-12 10:25:00+00:00,-0.12155411123132812,0.279507603186097,-0.012326475581718658,0.3261802575107296
14766,2026-05-12 10:30:00+00:00,-0.12155411123132812,0.279507603186097,-0.00295867333831171,0.3261802575107296
14767,2026-05-12 10:35:00+00:00,-0.12155411123132812,0.279507603186097,-0.00295867333831171,0.3261802575107296
14768,2026-05-12 10:40:00+00:00,-0.12155411123132812,0.279507603186097,-0.00295867333831171,0.3261802575107296
14769,2026-05-12 10:45:00+00:00,-0.12155411123132812,0.279507603186097,-0.00295867333831171,0.3261802575107296
14770,2026-05-12 10:50:00+00:00,-0.12155411123132812,0.279507603186097,0.0050873040996961645,0.3261802575107296
14771,2026-05-12 10:55:00+00:00,-0.11547029463313689,0.279507603186097,0.011539164727449973,0.3261802575107296
14772,2026-05-12 11:00:00+00:00,-0.11547029463313689,0.279507603186097,0.011539164727449973,0.3261802575107296
14773,2026-05-12 11:05:00+00:00,-0.11547029463313689,0.279507603186097,0.011539164727449973,0.3261802575107296
14774,2026-05-12 11:10:00+00:00,-0.11547029463313689,0.279507603186097,0.0034931872894420997,0.3261802575107296
14775,2026-05-12 11:15:00+00:00,-0.11547029463313689,0.279507603186097,0.0021713624840430283,0.3261802575107296
14776,2026-05-12 11:20:00+00:00,-0.11547029463313689,0.279507603186097,0.0038396049773176916,0.3261802575107296
14777,2026-05-12 11:25:00+00:00,-0.11547029463313689,0.279507603186097,-0.004206372460690185,0.3261802575107296
14778,2026-05-12 11:30:00+00:00,-0.11547029463313689,0.279507603186097,-0.004206372460690185,0.3261802575107296
14779,2026-05-12 11:35:00+00:00,-0.10783740192358816,0.279507603186097,-0.004206372460690185,0.3261802575107296
14780,2026-05-12 11:40:00+00:00,-0.10783740192358816,0.279507603186097,-0.004206372460690185,0.3261802575107296
14781,2026-05-12 11:45:00+00:00,-0.10783740192358816,0.279507603186097,0.045471524487006705,0.3261802575107296
14782,2026-05-12 11:50:00+00:00,-0.10783740192358816,0.279507603186097,0.045471524487006705,0.3261802575107296
14783,2026-05-12 11:55:00+00:00,-0.10783740192358816,0.279507603186097,0.04163014398178641,0.3261802575107296
14784,2026-05-12 12:00:00+00:00,-0.10783740192358816,0.279507603186097,-0.012276429567560636,0.3261802575107296
14785,2026-05-12 12:05:00+00:00,-0.10783740192358816,0.279507603186097,-0.012276429567560636,0.3261802575107296
14786,2026-05-12 12:10:00+00:00,-0.10783740192358816,0.279507603186097,0.03740146738013624,0.3261802575107296
14787,2026-05-12 12:15:00+00:00,-0.10783740192358816,0.279507603186097,-0.012276429567560636,0.3261802575107296
14788,2026-05-12 12:20:00+00:00,-0.10783740192358816,0.279507603186097,-0.012276429567560636,0.3261802575107296
14789,2026-05-12 12:25:00+00:00,-0.10783740192358816,0.279507603186097,-0.012276429567560636,0.3261802575107296
14790,2026-05-12 12:30:00+00:00,-0.10783740192358816,0.279507603186097,-0.013944672060835297,0.3261802575107296
14791,2026-05-12 12:35:00+00:00,-0.10783740192358816,0.279507603186097,-0.013944672060835297,0.3261802575107296
14792,2026-05-12 12:40:00+00:00,-0.10783740192358816,0.279507603186097,0.015101181356784172,0.3261802575107296
14793,2026-05-12 12:45:00+00:00,-0.10783740192358816,0.279507603186097,0.015101181356784172,0.3261802575107296
14794,2026-05-12 12:50:00+00:00,-0.10783740192358816,0.279507603186097,0.019329857958434338,0.3261802575107296
14795,2026-05-12 12:55:00+00:00,-0.10783740192358816,0.279507603186097,0.019329857958434338,0.3261802575107296
14796,2026-05-12 13:00:00+00:00,-0.10783740192358816,0.279507603186097,-0.009715995459185129,0.3261802575107296
14797,2026-05-12 13:05:00+00:00,-0.10783740192358816,0.279507603186097,-0.013944672060835297,0.3261802575107296
14798,2026-05-12 13:10:00+00:00,-0.10783740192358816,0.279507603186097,-0.013944672060835297,0.3261802575107296
14799,2026-05-12 13:15:00+00:00,-0.11547029463313689,0.279507603186097,-0.013944672060835297,0.3261802575107296
14800,2026-05-12 13:20:00+00:00,-0.11547029463313689,0.279507603186097,-0.013944672060835297,0.3261802575107296
14801,2026-05-12 13:25:00+00:00,-0.11547029463313689,0.279507603186097,-0.013944672060835297,0.3261802575107296
14802,2026-05-12 13:30:00+00:00,-0.11547029463313689,0.279507603186097,-0.013944672060835297,0.3261802575107296
14803,2026-05-12 13:35:00+00:00,-0.11547029463313689,0.279507603186097,-0.013944672060835297,0.3261802575107296
14804,2026-05-12 13:40:00+00:00,-0.11547029463313689,0.279507603186097,0.0282711908328804,0.3261802575107296
14805,2026-05-12 13:45:00+00:00,-0.10783740192358816,0.279507603186097,-0.013944672060835297,0.3261802575107296
14806,2026-05-12 13:50:00+00:00,-0.10783740192358816,0.279507603186097,-0.013944672060835297,0.3261802575107296
14807,2026-05-12 13:55:00+00:00,-0.09771892053982557,0.3204225352112676,-0.08644579388271043,0.297427652733119
14808,2026-05-12 14:00:00+00:00,-0.09771892053982557,0.3204225352112676,-0.08644579388271043,0.297427652733119
14809,2026-05-12 14:05:00+00:00,-0.09771892053982557,0.3204225352112676,-0.08644579388271043,0.297427652733119
14810,2026-05-12 14:10:00+00:00,-0.09771892053982557,0.3204225352112676,-0.08644579388271043,0.297427652733119
14811,2026-05-12 14:15:00+00:00,-0.09771892053982557,0.3204225352112676,-0.08644579388271043,0.297427652733119
14812,2026-05-12 14:20:00+00:00,-0.09771892053982557,0.279507603186097,-0.08644579388271043,0.297427652733119
14813,2026-05-12 14:25:00+00:00,-0.09771892053982557,0.279507603186097,-0.08644579388271043,0.297427652733119
14814,2026-05-12 14:30:00+00:00,-0.09771892053982557,0.279507603186097,-0.08644579388271043,0.297427652733119
14815,2026-05-12 14:35:00+00:00,-0.09771892053982557,0.279507603186097,-0.08644579388271043,0.297427652733119
14816,2026-05-12 14:40:00+00:00,-0.09771892053982557,0.279507603186097,-0.08644579388271043,0.297427652733119
14817,2026-05-12 14:45:00+00:00,-0.09771892053982557,0.279507603186097,-0.08644579388271043,0.297427652733119
14818,2026-05-12 14:50:00+00:00,-0.09771892053982557,0.279507603186097,-0.08644579388271043,0.297427652733119
14819,2026-05-12 14:55:00+00:00,-0.1165855130051879,0.279507603186097,-0.08644579388271043,0.297427652733119
14820,2026-05-12 15:00:00+00:00,-0.1165855130051879,0.279507603186097,-0.08644579388271043,0.297427652733119
14821,2026-05-12 15:05:00+00:00,-0.1165855130051879,0.279507603186097,-0.08644579388271043,0.297427652733119
14822,2026-05-12 15:10:00+00:00,-0.1165855130051879,0.279507603186097,-0.08644579388271043,0.297427652733119
14823,2026-05-12 15:15:00+00:00,-0.1165855130051879,0.279507603186097,-0.08644579388271043,0.297427652733119
14824,2026-05-12 15:20:00+00:00,-0.1165855130051879,0.279507603186097,-0.08644579388271043,0.297427652733119
14825,2026-05-12 15:25:00+00:00,-0.1165855130051879,0.279507603186097,-0.08644579388271043,0.297427652733119
14826,2026-05-12 15:30:00+00:00,-0.1165855130051879,0.279507603186097,-0.08644579388271043,0.297427652733119
14827,2026-05-12 15:35:00+00:00,-0.1165855130051879,0.279507603186097,-0.08644579388271043,0.297427652733119
14828,2026-05-12 15:40:00+00:00,-0.1165855130051879,0.279507603186097,-0.08644579388271043,0.297427652733119
14829,2026-05-12 15:45:00+00:00,-0.1165855130051879,0.279507603186097,-0.08644579388271043,0.297427652733119
14830,2026-05-12 15:50:00+00:00,-0.1165855130051879,0.279507603186097,-0.0053609191395519225,0.3261802575107296
14831,2026-05-12 15:55:00+00:00,-0.1165855130051879,0.279507603186097,-0.023963008642395173,0.3261802575107296
14832,2026-05-12 16:00:00+00:00,-0.1165855130051879,0.279507603186097,0.09872298096451801,0.4412470023980815
14833,2026-05-12 16:05:00+00:00,-0.1165855130051879,0.279507603186097,0.14350949162225685,0.4412470023980815
14834,2026-05-12 16:10:00+00:00,-0.1165855130051879,0.279507603186097,0.14350949162225685,0.4412470023980815
14835,2026-05-12 16:15:00+00:00,-0.1165855130051879,0.279507603186097,0.14350949162225685,0.4412470023980815
14836,2026-05-12 16:20:00+00:00,-0.1165855130051879,0.279507603186097,-0.06131932999656225,0.297427652733119
14837,2026-05-12 16:25:00+00:00,-0.1165855130051879,0.279507603186097,-0.06131932999656225,0.297427652733119
14838,2026-05-12 16:30:00+00:00,-0.1165855130051879,0.279507603186097,-0.06131932999656225,0.297427652733119
14839,2026-05-12 16:35:00+00:00,-0.1165855130051879,0.279507603186097,-0.06131932999656225,0.297427652733119
14840,2026-05-12 16:40:00+00:00,-0.1165855130051879,0.279507603186097,-0.06131932999656225,0.297427652733119
14841,2026-05-12 16:45:00+00:00,-0.1165855130051879,0.279507603186097,-0.06131932999656225,0.297427652733119
14842,2026-05-12 16:50:00+00:00,-0.09771892053982557,0.279507603186097,-0.06131932999656225,0.297427652733119
14843,2026-05-12 16:55:00+00:00,-0.09771892053982557,0.279507603186097,-0.02919401944883944,0.297427652733119
14844,2026-05-12 17:00:00+00:00,-0.09771892053982557,0.279507603186097,-0.016008012474558107,0.3261802575107296
14845,2026-05-12 17:05:00+00:00,-0.09771892053982557,0.279507603186097,-0.003592088169457077,0.3261802575107296
14846,2026-05-12 17:10:00+00:00,-0.09771892053982557,0.279507603186097,-0.003592088169457077,0.3261802575107296
14847,2026-05-12 17:15:00+00:00,-0.09771892053982557,0.279507603186097,-0.04508520096058681,0.297427652733119
14848,2026-05-12 17:20:00+00:00,-0.09771892053982557,0.279507603186097,-0.003592088169457077,0.3261802575107296
14849,2026-05-12 17:25:00+00:00,-0.09771892053982557,0.279507603186097,-0.003592088169457077,0.3261802575107296
14850,2026-05-12 17:30:00+00:00,-0.09771892053982557,0.279507603186097,-0.003592088169457077,0.3261802575107296
14851,2026-05-12 17:35:00+00:00,-0.1053518132493743,0.279507603186097,-0.0167780951437384,0.3261802575107296
14852,2026-05-12 17:40:00+00:00,-0.1053518132493743,0.279507603186097,-0.02919401944883944,0.3261802575107296
14853,2026-05-12 17:45:00+00:00,-0.1053518132493743,0.279507603186097,-0.02919401944883944,0.297427652733119
14854,2026-05-12 17:50:00+00:00,-0.1053518132493743,0.279507603186097,-0.02919401944883944,0.297427652733119
14855,2026-05-12 17:55:00+00:00,-0.1053518132493743,0.279507603186097,0.043815782702767266,0.3261802575107296
14856,2026-05-12 18:00:00+00:00,-0.1053518132493743,0.279507603186097,0.043815782702767266,0.3261802575107296
14857,2026-05-12 18:05:00+00:00,-0.1165855130051879,0.279507603186097,0.043815782702767266,0.3261802575107296
14858,2026-05-12 18:10:00+00:00,-0.1165855130051879,0.279507603186097,0.043815782702767266,0.3261802575107296
14859,2026-05-12 18:15:00+00:00,-0.1165855130051879,0.279507603186097,0.002322669911637495,0.3261802575107296
14860,2026-05-12 18:20:00+00:00,-0.1165855130051879,0.279507603186097,0.002322669911637495,0.3261802575107296
14861,2026-05-12 18:25:00+00:00,-0.1165855130051879,0.279507603186097,0.002322669911637495,0.3261802575107296
14862,2026-05-12 18:30:00+00:00,-0.1165855130051879,0.279507603186097,0.05057147685623248,0.3261802575107296
14863,2026-05-12 18:35:00+00:00,-0.1165855130051879,0.279507603186097,0.05057147685623248,0.3261802575107296
14864,2026-05-12 18:40:00+00:00,-0.1165855130051879,0.279507603186097,0.05480015345788264,0.4412470023980815
14865,2026-05-12 18:45:00+00:00,-0.1165855130051879,0.279507603186097,0.05480015345788264,0.4412470023980815
14866,2026-05-12 18:50:00+00:00,-0.1165855130051879,0.279507603186097,0.05480015345788264,0.4412470023980815
14867,2026-05-12 18:55:00+00:00,-0.1165855130051879,0.279507603186097,0.05480015345788264,0.4412470023980815
14868,2026-05-12 19:00:00+00:00,-0.1165855130051879,0.279507603186097,0.05480015345788264,0.4412470023980815
14869,2026-05-12 19:05:00+00:00,-0.1165855130051879,0.279507603186097,0.05480015345788264,0.3778501628664495
14870,2026-05-12 19:10:00+00:00,-0.1165855130051879,0.279507603186097,0.05480015345788264,0.3778501628664495
14871,2026-05-12 19:15:00+00:00,-0.1165855130051879,0.279507603186097,0.06798616043216398,0.3778501628664495
14872,2026-05-12 19:20:00+00:00,-0.1165855130051879,0.279507603186097,0.09859853460170168,0.3778501628664495
14873,2026-05-12 19:25:00+00:00,-0.1165855130051879,0.279507603186097,0.12060286718058946,0.3778501628664495
14874,2026-05-12 19:30:00+00:00,-0.1165855130051879,0.279507603186097,0.12060286718058946,0.3778501628664495
14875,2026-05-12 19:35:00+00:00,-0.1165855130051879,0.279507603186097,0.12827005603840547,0.3778501628664495
14876,2026-05-12 19:40:00+00:00,-0.1165855130051879,0.279507603186097,0.12827005603840547,0.3778501628664495
14877,2026-05-12 19:45:00+00:00,-0.10028335329241546,0.279507603186097,0.12827005603840547,0.4412470023980815
14878,2026-05-12 19:50:00+00:00,-0.10028335329241546,0.279507603186097,0.12827005603840547,0.4412470023980815
14879,2026-05-12 19:55:00+00:00,-0.10028335329241546,0.3204225352112676,0.12827005603840547,0.3778501628664495
14880,2026-05-12 20:00:00+00:00,-0.10028335329241546,0.3204225352112676,0.12827005603840547,0.3778501628664495
14881,2026-05-12 20:05:00+00:00,-0.10028335329241546,0.3204225352112676,0.12827005603840547,0.3261802575107296
14882,2026-05-12 20:10:00+00:00,-0.10028335329241546,0.3204225352112676,0.12827005603840547,0.3261802575107296
14883,2026-05-12 20:15:00+00:00,-0.10028335329241546,0.3204225352112676,0.12827005603840547,0.3261802575107296
14884,2026-05-12 20:20:00+00:00,-0.10028335329241546,0.3204225352112676,0.12827005603840547,0.3261802575107296
14885,2026-05-12 20:25:00+00:00,-0.10028335329241546,0.3204225352112676,0.12827005603840547,0.3261802575107296
14886,2026-05-12 20:30:00+00:00,-0.10028335329241546,0.3204225352112676,0.12827005603840547,0.3261802575107296
14887,2026-05-12 20:35:00+00:00,-0.10028335329241546,0.3204225352112676,0.12827005603840547,0.3261802575107296
14888,2026-05-12 20:40:00+00:00,-0.10028335329241546,0.3204225352112676,0.12827005603840547,0.3261802575107296
14889,2026-05-12 20:45:00+00:00,-0.10028335329241546,0.3204225352112676,0.10626572345951768,0.3261802575107296
14890,2026-05-12 20:50:00+00:00,-0.10028335329241546,0.3204225352112676,0.09307971648523633,0.3261802575107296
14891,2026-05-12 20:55:00+00:00,-0.10028335329241546,0.279507603186097,0.09384979915441666,0.3261802575107296
14892,2026-05-12 22:00:00+00:00,-0.10028335329241546,0.279507603186097,0.10626572345951768,0.3261802575107296
14893,2026-05-12 22:05:00+00:00,-0.10028335329241546,0.279507603186097,0.14005167209724873,0.4412470023980815
14894,2026-05-12 22:10:00+00:00,-0.10028335329241546,0.279507603186097,0.12763574779214773,0.3778501628664495
14895,2026-05-12 22:15:00+00:00,-0.10028335329241546,0.279507603186097,0.18856515594966106,0.4412470023980815
14896,2026-05-12 22:20:00+00:00,-0.1165855130051879,0.279507603186097,0.04016705629234656,0.3261802575107296
14897,2026-05-12 22:25:00+00:00,-0.10028335329241546,0.279507603186097,0.04016705629234656,0.3261802575107296
14898,2026-05-12 22:30:00+00:00,-0.1165855130051879,0.279507603186097,0.04016705629234656,0.3261802575107296
14899,2026-05-12 22:35:00+00:00,-0.1165855130051879,0.279507603186097,0.04016705629234656,0.3261802575107296
14900,2026-05-12 22:40:00+00:00,-0.1165855130051879,0.279507603186097,0.04016705629234656,0.3261802575107296
14901,2026-05-12 22:45:00+00:00,-0.1165855130051879,0.279507603186097,0.04016705629234656,0.3261802575107296
14902,2026-05-12 22:50:00+00:00,-0.11987156173980519,0.279507603186097,0.04016705629234656,0.3261802575107296
14903,2026-05-12 22:55:00+00:00,-0.12999004312356777,0.279507603186097,0.03231402817891339,0.3261802575107296
14904,2026-05-12 23:00:00+00:00,-0.12999004312356777,0.279507603186097,0.03231402817891339,0.3261802575107296
14905,2026-05-12 23:05:00+00:00,-0.12999004312356777,0.279507603186097,0.03231402817891339,0.3261802575107296
14906,2026-05-12 23:10:00+00:00,-0.12999004312356777,0.279507603186097,0.03231402817891339,0.3261802575107296
14907,2026-05-12 23:15:00+00:00,-0.12999004312356777,0.279507603186097,0.05461431420226546,0.4412470023980815
14908,2026-05-12 23:20:00+00:00,-0.12999004312356777,0.279507603186097,0.05461431420226546,0.3778501628664495
14909,2026-05-12 23:25:00+00:00,-0.12999004312356777,0.279507603186097,0.05461431420226546,0.4412470023980815
14910,2026-05-12 23:30:00+00:00,-0.12999004312356777,0.279507603186097,0.05461431420226546,0.4412470023980815
14911,2026-05-12 23:35:00+00:00,-0.12999004312356777,0.279507603186097,0.05461431420226546,0.3778501628664495
14912,2026-05-12 23:40:00+00:00,-0.12999004312356777,0.279507603186097,0.05461431420226546,0.3778501628664495
14913,2026-05-12 23:45:00+00:00,-0.12999004312356777,0.279507603186097,0.05461431420226546,0.4412470023980815
14914,2026-05-12 23:50:00+00:00,-0.12999004312356777,0.279507603186097,0.05461431420226546,0.4412470023980815
14915,2026-05-12 23:55:00+00:00,-0.1349509088791527,0.279507603186097,0.06116069812104621,0.4412470023980815
14916,2026-05-13 00:00:00+00:00,-0.1349509088791527,0.279507603186097,0.06116069812104621,0.3778501628664495
14917,2026-05-13 00:05:00+00:00,-0.1349509088791527,0.279507603186097,0.06116069812104621,0.4412470023980815
14918,2026-05-13 00:10:00+00:00,-0.1349509088791527,0.279507603186097,0.06116069812104621,0.4412470023980815
14919,2026-05-13 00:15:00+00:00,-0.1349509088791527,0.279507603186097,0.06116069812104621,0.3778501628664495
14920,2026-05-13 00:20:00+00:00,-0.1349509088791527,0.279507603186097,0.06116069812104621,0.3778501628664495
14921,2026-05-13 00:25:00+00:00,-0.1349509088791527,0.279507603186097,0.06116069812104621,0.3778501628664495
14922,2026-05-13 00:30:00+00:00,-0.1349509088791527,0.279507603186097,0.06116069812104621,0.4412470023980815
14923,2026-05-13 00:35:00+00:00,-0.1349509088791527,0.279507603186097,0.06116069812104621,0.4412470023980815
14924,2026-05-13 00:40:00+00:00,-0.1349509088791527,0.279507603186097,0.06116069812104621,0.4412470023980815
14925,2026-05-13 00:45:00+00:00,-0.1349509088791527,0.279507603186097,0.07309106086717018,0.4412470023980815
14926,2026-05-13 00:50:00+00:00,-0.1349509088791527,0.279507603186097,0.07309106086717018,0.4412470023980815
14927,2026-05-13 00:55:00+00:00,-0.1349509088791527,0.279507603186097,0.05464449700885882,0.4412470023980815
14928,2026-05-13 01:00:00+00:00,-0.1349509088791527,0.279507603186097,0.05464449700885882,0.4412470023980815
14929,2026-05-13 01:05:00+00:00,-0.1349509088791527,0.279507603186097,0.05464449700885882,0.4412470023980815
14930,2026-05-13 01:10:00+00:00,-0.1349509088791527,0.279507603186097,0.05464449700885882,0.4412470023980815
14931,2026-05-13 01:15:00+00:00,-0.1349509088791527,0.279507603186097,0.05464449700885882,0.4412470023980815
14932,2026-05-13 01:20:00+00:00,-0.1349509088791527,0.279507603186097,0.05464449700885882,0.4412470023980815
14933,2026-05-13 01:25:00+00:00,-0.1349509088791527,0.279507603186097,0.05464449700885882,0.3778501628664495
14934,2026-05-13 01:30:00+00:00,-0.1349509088791527,0.279507603186097,0.05464449700885882,0.3778501628664495
14935,2026-05-13 01:35:00+00:00,-0.1349509088791527,0.279507603186097,0.05464449700885882,0.3778501628664495
14936,2026-05-13 01:40:00+00:00,-0.1349509088791527,0.279507603186097,0.05464449700885882,0.3778501628664495
14937,2026-05-13 01:45:00+00:00,-0.1349509088791527,0.279507603186097,0.05464449700885882,0.3778501628664495
14938,2026-05-13 01:50:00+00:00,-0.1349509088791527,0.279507603186097,0.05428846680120522,0.3778501628664495
14939,2026-05-13 01:55:00+00:00,-0.1349509088791527,0.279507603186097,0.04455838337031065,0.3261802575107296
14940,2026-05-13 02:00:00+00:00,-0.1349509088791527,0.279507603186097,0.04455838337031065,0.3261802575107296
14941,2026-05-13 02:05:00+00:00,-0.1349509088791527,0.279507603186097,0.04455838337031065,0.3261802575107296
14942,2026-05-13 02:10:00+00:00,-0.1349509088791527,0.279507603186097,0.04455838337031065,0.3261802575107296
14943,2026-05-13 02:15:00+00:00,-0.1261574515364185,0.279507603186097,0.044914413577964246,0.3261802575107296
14944,2026-05-13 02:20:00+00:00,-0.1261574515364185,0.279507603186097,0.044914413577964246,0.3261802575107296
14945,2026-05-13 02:25:00+00:00,-0.1261574515364185,0.279507603186097,0.04455838337031065,0.3261802575107296
14946,2026-05-13 02:30:00+00:00,-0.1261574515364185,0.279507603186097,0.0008816021633685739,0.3261802575107296
14947,2026-05-13 02:35:00+00:00,-0.1349509088791527,0.279507603186097,-0.003347074438281593,0.3261802575107296
14948,2026-05-13 02:40:00+00:00,-0.1349509088791527,0.279507603186097,-0.003347074438281593,0.3261802575107296
14949,2026-05-13 02:45:00+00:00,-0.1349509088791527,0.279507603186097,-0.003347074438281593,0.3261802575107296
14950,2026-05-13 02:50:00+00:00,-0.1349509088791527,0.279507603186097,-0.003347074438281593,0.3261802575107296
14951,2026-05-13 02:55:00+00:00,-0.1344324098654794,0.279507603186097,0.0024900491033458642,0.3261802575107296
14952,2026-05-13 03:00:00+00:00,-0.1344324098654794,0.279507603186097,0.0024900491033458642,0.3261802575107296
14953,2026-05-13 03:05:00+00:00,-0.1344324098654794,0.279507603186097,0.0024900491033458642,0.3261802575107296
14954,2026-05-13 03:10:00+00:00,-0.1344324098654794,0.279507603186097,0.0024900491033458642,0.3261802575107296
14955,2026-05-13 03:15:00+00:00,-0.1344324098654794,0.279507603186097,0.0024900491033458642,0.3261802575107296
14956,2026-05-13 03:20:00+00:00,-0.1344324098654794,0.279507603186097,0.0024900491033458642,0.3261802575107296
14957,2026-05-13 03:25:00+00:00,-0.1344324098654794,0.279507603186097,0.06461339416859932,0.4412470023980815
14958,2026-05-13 03:30:00+00:00,-0.1344324098654794,0.279507603186097,0.06884207077024948,0.4412470023980815
14959,2026-05-13 03:35:00+00:00,-0.1344324098654794,0.279507603186097,0.06884207077024948,0.4412470023980815
14960,2026-05-13 03:40:00+00:00,-0.1344324098654794,0.279507603186097,0.06884207077024948,0.4412470023980815
14961,2026-05-13 03:45:00+00:00,-0.1344324098654794,0.279507603186097,0.06884207077024948,0.4412470023980815
14962,2026-05-13 03:50:00+00:00,-0.1344324098654794,0.279507603186097,0.006718725704996031,0.3261802575107296
14963,2026-05-13 03:55:00+00:00,-0.1344324098654794,0.279507603186097,0.0024900491033458642,0.3261802575107296
14964,2026-05-13 04:00:00+00:00,-0.1344324098654794,0.279507603186097,0.0024900491033458642,0.3261802575107296
14965,2026-05-13 04:05:00+00:00,-0.1344324098654794,0.279507603186097,0.0024900491033458642,0.3261802575107296
14966,2026-05-13 04:10:00+00:00,-0.1349509088791527,0.279507603186097,0.0024900491033458642,0.3261802575107296
14967,2026-05-13 04:15:00+00:00,-0.1349509088791527,0.279507603186097,0.07188433944591974,0.4412470023980815
14968,2026-05-13 04:20:00+00:00,-0.1349509088791527,0.279507603186097,0.0761130160475699,0.4412470023980815
14969,2026-05-13 04:25:00+00:00,-0.1349509088791527,0.279507603186097,0.0761130160475699,0.4412470023980815
14970,2026-05-13 04:30:00+00:00,-0.1349509088791527,0.279507603186097,0.0761130160475699,0.4412470023980815
14971,2026-05-13 04:35:00+00:00,-0.1349509088791527,0.279507603186097,0.0761130160475699,0.4412470023980815
14972,2026-05-13 04:40:00+00:00,-0.1349509088791527,0.279507603186097,0.0761130160475699,0.4412470023980815
14973,2026-05-13 04:45:00+00:00,-0.1349509088791527,0.279507603186097,0.07188433944591974,0.4412470023980815
14974,2026-05-13 04:50:00+00:00,-0.1349509088791527,0.279507603186097,0.0761130160475699,0.4412470023980815
14975,2026-05-13 04:55:00+00:00,-0.1349509088791527,0.279507603186097,0.0761130160475699,0.4412470023980815
14976,2026-05-13 05:00:00+00:00,-0.1349509088791527,0.279507603186097,0.07188433944591974,0.3778501628664495
14977,2026-05-13 05:05:00+00:00,-0.1349509088791527,0.279507603186097,0.0761130160475699,0.3778501628664495
14978,2026-05-13 05:10:00+00:00,-0.1349509088791527,0.279507603186097,0.0761130160475699,0.3778501628664495
14979,2026-05-13 05:15:00+00:00,-0.1349509088791527,0.279507603186097,0.0761130160475699,0.4412470023980815
14980,2026-05-13 05:20:00+00:00,-0.1349509088791527,0.279507603186097,0.0761130160475699,0.4412470023980815
14981,2026-05-13 05:25:00+00:00,-0.1349509088791527,0.279507603186097,0.005050483211721367,0.3261802575107296
14982,2026-05-13 05:30:00+00:00,-0.1349509088791527,0.279507603186097,0.07188433944591974,0.4412470023980815
14983,2026-05-13 05:35:00+00:00,-0.1349509088791527,0.279507603186097,0.08382687119583335,0.4412470023980815
14984,2026-05-13 05:40:00+00:00,-0.1349509088791527,0.279507603186097,0.005050483211721367,0.3261802575107296
14985,2026-05-13 05:45:00+00:00,-0.1349509088791527,0.279507603186097,0.09152855734030718,0.4412470023980815
14986,2026-05-13 05:50:00+00:00,-0.1349509088791527,0.279507603186097,0.08804337879369387,0.4412470023980815
14987,2026-05-13 05:55:00+00:00,-0.1349509088791527,0.279507603186097,0.0761130160475699,0.4412470023980815
14988,2026-05-13 06:00:00+00:00,-0.1349509088791527,0.279507603186097,0.0761130160475699,0.3778501628664495
14989,2026-05-13 06:05:00+00:00,-0.1349509088791527,0.279507603186097,0.0761130160475699,0.3778501628664495
14990,2026-05-13 06:10:00+00:00,-0.1349509088791527,0.279507603186097,0.0761130160475699,0.3778501628664495
14991,2026-05-13 06:15:00+00:00,-0.1349509088791527,0.279507603186097,0.0761130160475699,0.3778501628664495
14992,2026-05-13 06:20:00+00:00,-0.1349509088791527,0.279507603186097,0.0761130160475699,0.4412470023980815
14993,2026-05-13 06:25:00+00:00,-0.1349509088791527,0.279507603186097,0.0761130160475699,0.4412470023980815
14994,2026-05-13 06:30:00+00:00,-0.1349509088791527,0.279507603186097,0.0761130160475699,0.4412470023980815
14995,2026-05-13 06:35:00+00:00,-0.1349509088791527,0.279507603186097,0.08382687119583335,0.3778501628664495
14996,2026-05-13 06:40:00+00:00,-0.1349509088791527,0.279507603186097,0.08382687119583335,0.3778501628664495
14997,2026-05-13 06:45:00+00:00,-0.1349509088791527,0.279507603186097,0.08382687119583335,0.4412470023980815
14998,2026-05-13 06:50:00+00:00,-0.1349509088791527,0.279507603186097,0.09575723394195731,0.4412470023980815
14999,2026-05-13 06:55:00+00:00,-0.1349509088791527,0.279507603186097,0.09575723394195731,0.4412470023980815
15000,2026-05-13 07:00:00+00:00,-0.1349509088791527,0.279507603186097,0.09575723394195731,0.4412470023980815
15001,2026-05-13 07:05:00+00:00,-0.1349509088791527,0.279507603186097,0.09575723394195731,0.4412470023980815
15002,2026-05-13 07:10:00+00:00,-0.1349509088791527,0.279507603186097,0.07655592591851296,0.4412470023980815
15003,2026-05-13 07:15:00+00:00,-0.1349509088791527,0.279507603186097,0.07655592591851296,0.4412470023980815
15004,2026-05-13 07:20:00+00:00,-0.1349509088791527,0.279507603186097,0.07655592591851296,0.4412470023980815
15005,2026-05-13 07:25:00+00:00,-0.1349509088791527,0.279507603186097,0.06884207077024948,0.4412470023980815
15006,2026-05-13 07:30:00+00:00,-0.1349509088791527,0.279507603186097,0.06884207077024948,0.4412470023980815
15007,2026-05-13 07:35:00+00:00,-0.1349509088791527,0.279507603186097,0.06884207077024948,0.4412470023980815
15008,2026-05-13 07:40:00+00:00,-0.1349509088791527,0.279507603186097,0.06884207077024948,0.4412470023980815
15009,2026-05-13 07:45:00+00:00,-0.1349509088791527,0.279507603186097,0.06884207077024948,0.4412470023980815
15010,2026-05-13 07:50:00+00:00,-0.1349509088791527,0.279507603186097,0.06884207077024948,0.4412470023980815
15011,2026-05-13 07:55:00+00:00,-0.1349509088791527,0.279507603186097,0.08804337879369387,0.4412470023980815
15012,2026-05-13 08:00:00+00:00,-0.1349509088791527,0.279507603186097,0.09575723394195731,0.4412470023980815
15013,2026-05-13 08:05:00+00:00,-0.1349509088791527,0.279507603186097,0.09575723394195731,0.4412470023980815
15014,2026-05-13 08:10:00+00:00,-0.1349509088791527,0.279507603186097,0.08804337879369387,0.4412470023980815
15015,2026-05-13 08:15:00+00:00,-0.1349509088791527,0.279507603186097,0.005050483211721367,0.3261802575107296
15016,2026-05-13 08:20:00+00:00,-0.1349509088791527,0.279507603186097,0.0008218066100711958,0.3261802575107296
15017,2026-05-13 08:25:00+00:00,-0.1349509088791527,0.279507603186097,0.0008218066100711958,0.3261802575107296
15018,2026-05-13 08:30:00+00:00,-0.1349509088791527,0.279507603186097,0.0024900491033458642,0.3261802575107296
15019,2026-05-13 08:35:00+00:00,-0.1349509088791527,0.279507603186097,0.0024900491033458642,0.3261802575107296
15020,2026-05-13 08:40:00+00:00,-0.1349509088791527,0.279507603186097,0.0024900491033458642,0.3261802575107296
15021,2026-05-13 08:45:00+00:00,-0.1349509088791527,0.279507603186097,0.0024900491033458642,0.3261802575107296
15022,2026-05-13 08:50:00+00:00,-0.1344324098654794,0.279507603186097,0.0838147021920437,0.4412470023980815
15023,2026-05-13 08:55:00+00:00,-0.1344324098654794,0.279507603186097,0.08564463047304759,0.4412470023980815
15024,2026-05-13 09:00:00+00:00,-0.1344324098654794,0.279507603186097,0.08564463047304759,0.4412470023980815
15025,2026-05-13 09:05:00+00:00,-0.1344324098654794,0.279507603186097,-0.015553499823844555,0.3261802575107296
15026,2026-05-13 09:10:00+00:00,-0.1344324098654794,0.279507603186097,-0.019782176425494725,0.3261802575107296
15027,2026-05-13 09:15:00+00:00,-0.1344324098654794,0.279507603186097,-0.019782176425494725,0.3261802575107296
15028,2026-05-13 09:20:00+00:00,-0.1344324098654794,0.279507603186097,-0.017725532832250177,0.3261802575107296
15029,2026-05-13 09:25:00+00:00,-0.1344324098654794,0.279507603186097,-0.019782176425494725,0.3261802575107296
15030,2026-05-13 09:30:00+00:00,-0.1344324098654794,0.279507603186097,-0.019782176425494725,0.3261802575107296
15031,2026-05-13 09:35:00+00:00,-0.1344324098654794,0.279507603186097,-0.01173619898748685,0.3261802575107296
15032,2026-05-13 09:40:00+00:00,-0.1344324098654794,0.279507603186097,-0.019782176425494725,0.3261802575107296
15033,2026-05-13 09:45:00+00:00,-0.1344324098654794,0.279507603186097,0.049612113917079106,0.3261802575107296
15034,2026-05-13 09:50:00+00:00,-0.1344324098654794,0.279507603186097,0.06948559112527344,0.4412470023980815
15035,2026-05-13 09:55:00+00:00,-0.1261574515364185,0.279507603186097,0.07371426772692362,0.3778501628664495
15036,2026-05-13 10:00:00+00:00,-0.1349509088791527,0.279507603186097,0.07371426772692362,0.3778501628664495
15037,2026-05-13 10:05:00+00:00,-0.1349509088791527,0.279507603186097,0.07371426772692362,0.3778501628664495
15038,2026-05-13 10:10:00+00:00,-0.1349509088791527,0.279507603186097,0.07371426772692362,0.3778501628664495
15039,2026-05-13 10:15:00+00:00,-0.1349509088791527,0.279507603186097,0.07371426772692362,0.3778501628664495
15040,2026-05-13 10:20:00+00:00,-0.1349509088791527,0.279507603186097,0.07371426772692362,0.3778501628664495
15041,2026-05-13 10:25:00+00:00,-0.1349509088791527,0.279507603186097,0.07371426772692362,0.3778501628664495
15042,2026-05-13 10:30:00+00:00,-0.1349509088791527,0.279507603186097,0.06577115326485326,0.3778501628664495
15043,2026-05-13 10:35:00+00:00,-0.1349509088791527,0.279507603186097,-0.021450418918769396,0.3261802575107296
15044,2026-05-13 10:40:00+00:00,-0.1349509088791527,0.279507603186097,-0.015679320148168457,0.3261802575107296
15045,2026-05-13 10:45:00+00:00,-0.1349509088791527,0.279507603186097,-0.021450418918769396,0.3261802575107296
15046,2026-05-13 10:50:00+00:00,-0.1349509088791527,0.279507603186097,-0.021450418918769396,0.3261802575107296
15047,2026-05-13 10:55:00+00:00,-0.1349509088791527,0.279507603186097,-0.03757037471446305,0.3261802575107296
15048,2026-05-13 11:00:00+00:00,-0.1349509088791527,0.279507603186097,-0.03757037471446305,0.3261802575107296
15049,2026-05-13 11:05:00+00:00,-0.1349509088791527,0.279507603186097,-0.035902132221188376,0.3261802575107296
15050,2026-05-13 11:10:00+00:00,-0.1349509088791527,0.279507603186097,0.04609469005225938,0.3261802575107296
15051,2026-05-13 11:15:00+00:00,-0.1349509088791527,0.279507603186097,0.05032336665390955,0.34408602150537637
15052,2026-05-13 11:20:00+00:00,-0.1349509088791527,0.279507603186097,0.05032336665390955,0.34408602150537637
15053,2026-05-13 11:25:00+00:00,-0.1349509088791527,0.279507603186097,0.05032336665390955,0.34408602150537637
15054,2026-05-13 11:30:00+00:00,-0.1349509088791527,0.279507603186097,0.05032336665390955,0.34408602150537637
15055,2026-05-13 11:35:00+00:00,-0.1349509088791527,0.279507603186097,0.057594311931229956,0.4412470023980815
15056,2026-05-13 11:40:00+00:00,-0.1349509088791527,0.279507603186097,0.057594311931229956,0.4412470023980815
15057,2026-05-13 11:45:00+00:00,-0.1349509088791527,0.279507603186097,0.057594311931229956,0.4412470023980815
15058,2026-05-13 11:50:00+00:00,-0.1349509088791527,0.279507603186097,0.057594311931229956,0.4412470023980815
15059,2026-05-13 11:55:00+00:00,-0.1349509088791527,0.279507603186097,0.04965119746915961,0.34408602150537637
15060,2026-05-13 12:00:00+00:00,-0.1349509088791527,0.279507603186097,0.06529599807570376,0.4412470023980815
15061,2026-05-13 12:05:00+00:00,-0.1349509088791527,0.279507603186097,0.06952467467735393,0.4412470023980815
15062,2026-05-13 12:10:00+00:00,-0.1349509088791527,0.279507603186097,-0.02757059934221194,0.3261802575107296
15063,2026-05-13 12:15:00+00:00,-0.1349509088791527,0.279507603186097,-0.03757037471446305,0.3261802575107296
15064,2026-05-13 12:20:00+00:00,-0.1349509088791527,0.279507603186097,-0.03757037471446305,0.3261802575107296
15065,2026-05-13 12:25:00+00:00,-0.1349509088791527,0.279507603186097,-0.03757037471446305,0.3261802575107296
15066,2026-05-13 12:30:00+00:00,-0.1349509088791527,0.279507603186097,-0.03757037471446305,0.3261802575107296
15067,2026-05-13 12:35:00+00:00,-0.1349509088791527,0.279507603186097,-0.03757037471446305,0.3261802575107296
15068,2026-05-13 12:40:00+00:00,-0.1349509088791527,0.279507603186097,-0.035902132221188376,0.3261802575107296
15069,2026-05-13 12:45:00+00:00,-0.1349509088791527,0.279507603186097,-0.035902132221188376,0.3261802575107296
15070,2026-05-13 12:50:00+00:00,-0.1349509088791527,0.279507603186097,-0.035902132221188376,0.3261802575107296
15071,2026-05-13 12:55:00+00:00,-0.12483242749539013,0.279507603186097,-0.02116144346544111,0.3261802575107296
15072,2026-05-13 13:00:00+00:00,-0.1261574515364185,0.279507603186097,-0.02116144346544111,0.3261802575107296
15073,2026-05-13 13:05:00+00:00,-0.1261574515364185,0.279507603186097,-0.02116144346544111,0.3261802575107296
15074,2026-05-13 13:10:00+00:00,-0.1261574515364185,0.279507603186097,-0.02116144346544111,0.3261802575107296
15075,2026-05-13 13:15:00+00:00,-0.1261574515364185,0.279507603186097,-0.02116144346544111,0.3261802575107296
15076,2026-05-13 13:20:00+00:00,-0.1261574515364185,0.279507603186097,0.04609469005225938,0.3261802575107296
15077,2026-05-13 13:25:00+00:00,-0.1261574515364185,0.279507603186097,-0.016932766863790947,0.3261802575107296
15078,2026-05-13 13:30:00+00:00,-0.1261574515364185,0.279507603186097,-0.02116144346544111,0.3261802575107296
15079,2026-05-13 13:35:00+00:00,-0.1261574515364185,0.279507603186097,-0.02116144346544111,0.3261802575107296
15080,2026-05-13 13:40:00+00:00,-0.1261574515364185,0.279507603186097,-0.02116144346544111,0.3261802575107296
15081,2026-05-13 13:45:00+00:00,-0.1261574515364185,0.279507603186097,-0.02116144346544111,0.3261802575107296
15082,2026-05-13 13:50:00+00:00,-0.1261574515364185,0.279507603186097,-0.02116144346544111,0.3261802575107296
15083,2026-05-13 13:55:00+00:00,-0.1261574515364185,0.279507603186097,-0.0004465498935656543,0.3261802575107296
15084,2026-05-13 14:00:00+00:00,-0.12483242749539013,0.279507603186097,-0.0004465498935656543,0.3261802575107296
15085,2026-05-13 14:05:00+00:00,-0.12483242749539013,0.279507603186097,-0.0004465498935656543,0.3261802575107296
15086,2026-05-13 14:10:00+00:00,-0.10819508508242089,0.279507603186097,-0.008667914428030573,0.3261802575107296
15087,2026-05-13 14:15:00+00:00,-0.12483242749539013,0.279507603186097,-0.008667914428030573,0.3261802575107296
15088,2026-05-13 14:20:00+00:00,-0.12483242749539013,0.279507603186097,-0.008667914428030573,0.3261802575107296
15089,2026-05-13 14:25:00+00:00,-0.12483242749539013,0.279507603186097,-0.008667914428030573,0.3261802575107296
15090,2026-05-13 14:30:00+00:00,-0.12483242749539013,0.279507603186097,0.028599829547201243,0.3261802575107296
15091,2026-05-13 14:35:00+00:00,-0.12483242749539013,0.279507603186097,0.0037821267080845075,0.3261802575107296
15092,2026-05-13 14:40:00+00:00,-0.12483242749539013,0.279507603186097,-0.008667914428030573,0.3261802575107296
15093,2026-05-13 14:45:00+00:00,-0.12483242749539013,0.279507603186097,-0.008667914428030573,0.3261802575107296
15094,2026-05-13 14:50:00+00:00,-0.12483242749539013,0.279507603186097,-0.008667914428030573,0.3261802575107296
15095,2026-05-13 14:55:00+00:00,-0.12483242749539013,0.279507603186097,-0.0066335134106729,0.3261802575107296
15096,2026-05-13 15:00:00+00:00,-0.12483242749539013,0.279507603186097,-0.0066335134106729,0.3261802575107296
15097,2026-05-13 15:05:00+00:00,-0.12483242749539013,0.279507603186097,0.03485778812450315,0.3261802575107296
15098,2026-05-13 15:10:00+00:00,-0.12483242749539013,0.279507603186097,-0.0066335134106729,0.3261802575107296
15099,2026-05-13 15:15:00+00:00,-0.12483242749539013,0.279507603186097,-0.0066335134106729,0.3261802575107296
15100,2026-05-13 15:20:00+00:00,-0.12483242749539013,0.279507603186097,-0.0066335134106729,0.3261802575107296
15101,2026-05-13 15:25:00+00:00,-0.12483242749539013,0.279507603186097,0.05715807414785522,0.4412470023980815
15102,2026-05-13 15:30:00+00:00,-0.12483242749539013,0.279507603186097,0.06138675074950538,0.4412470023980815
15103,2026-05-13 15:35:00+00:00,-0.12483242749539013,0.279507603186097,0.0686576960268258,0.4412470023980815
15104,2026-05-13 15:40:00+00:00,-0.12483242749539013,0.279507603186097,0.0686576960268258,0.4412470023980815
15105,2026-05-13 15:45:00+00:00,-0.12483242749539013,0.279507603186097,0.0686576960268258,0.4412470023980815
15106,2026-05-13 15:50:00+00:00,-0.12483242749539013,0.279507603186097,0.0686576960268258,0.4412470023980815
15107,2026-05-13 15:55:00+00:00,-0.12483242749539013,0.279507603186097,0.0686576960268258,0.4412470023980815
15108,2026-05-13 16:00:00+00:00,-0.12483242749539013,0.279507603186097,0.0686576960268258,0.4412470023980815
15109,2026-05-13 16:05:00+00:00,-0.12483242749539013,0.279507603186097,0.06138675074950538,0.4412470023980815
15110,2026-05-13 16:10:00+00:00,-0.12483242749539013,0.279507603186097,0.061742780957158974,0.4412470023980815
15111,2026-05-13 16:15:00+00:00,-0.1261574515364185,0.279507603186097,0.061742780957158974,0.4412470023980815
15112,2026-05-13 16:20:00+00:00,-0.1261574515364185,0.279507603186097,0.06138675074950538,0.4412470023980815
15113,2026-05-13 16:25:00+00:00,-0.1261574515364185,0.279507603186097,0.06138675074950538,0.4412470023980815
15114,2026-05-13 16:30:00+00:00,-0.1261574515364185,0.279507603186097,0.06138675074950538,0.4412470023980815
15115,2026-05-13 16:35:00+00:00,-0.1261574515364185,0.279507603186097,0.06138675074950538,0.4412470023980815
15116,2026-05-13 16:40:00+00:00,-0.1261574515364185,0.279507603186097,0.061742780957158974,0.4412470023980815
15117,2026-05-13 16:45:00+00:00,-0.1261574515364185,0.279507603186097,0.061742780957158974,0.4412470023980815
15118,2026-05-13 16:50:00+00:00,-0.1261574515364185,0.279507603186097,0.061742780957158974,0.4412470023980815
15119,2026-05-13 16:55:00+00:00,-0.1261574515364185,0.279507603186097,0.061742780957158974,0.4412470023980815
15120,2026-05-13 17:00:00+00:00,-0.1261574515364185,0.279507603186097,0.061742780957158974,0.4412470023980815
15121,2026-05-13 17:05:00+00:00,-0.1261574515364185,0.279507603186097,0.061742780957158974,0.4412470023980815
15122,2026-05-13 17:10:00+00:00,-0.1261574515364185,0.279507603186097,0.061742780957158974,0.4412470023980815
15123,2026-05-13 17:15:00+00:00,-0.1261574515364185,0.279507603186097,0.061742780957158974,0.4412470023980815
15124,2026-05-13 17:20:00+00:00,-0.1261574515364185,0.279507603186097,0.061742780957158974,0.4412470023980815
15125,2026-05-13 17:25:00+00:00,-0.12483242749539013,0.279507603186097,0.06138675074950538,0.4412470023980815
15126,2026-05-13 17:30:00+00:00,-0.12483242749539013,0.279507603186097,-0.00240483680902273,0.3261802575107296
15127,2026-05-13 17:35:00+00:00,-0.12483242749539013,0.279507603186097,-0.0066335134106729,0.3261802575107296
15128,2026-05-13 17:40:00+00:00,-0.12483242749539013,0.279507603186097,-0.0008624146400719572,0.3261802575107296
15129,2026-05-13 17:45:00+00:00,-0.12483242749539013,0.279507603186097,-0.0008624146400719572,0.3261802575107296
15130,2026-05-13 17:50:00+00:00,-0.12483242749539013,0.279507603186097,-0.0008624146400719572,0.3261802575107296
15131,2026-05-13 17:55:00+00:00,-0.12483242749539013,0.279507603186097,-0.008667914428030573,0.3261802575107296
15132,2026-05-13 18:00:00+00:00,-0.12483242749539013,0.279507603186097,-0.008667914428030573,0.3261802575107296
15133,2026-05-13 18:05:00+00:00,-0.12483242749539013,0.279507603186097,-0.0004465498935656543,0.3261802575107296
15134,2026-05-13 18:10:00+00:00,-0.12483242749539013,0.279507603186097,0.07945776960638896,0.4412470023980815
15135,2026-05-13 18:15:00+00:00,-0.12483242749539013,0.279507603186097,0.0037821267080845075,0.3261802575107296
15136,2026-05-13 18:20:00+00:00,-0.12483242749539013,0.279507603186097,-0.0004465498935656543,0.3261802575107296
15137,2026-05-13 18:25:00+00:00,-0.12483242749539013,0.279507603186097,0.05512367313049754,0.4412470023980815
15138,2026-05-13 18:30:00+00:00,-0.12483242749539013,0.279507603186097,-0.0004465498935656543,0.3261802575107296
15139,2026-05-13 18:35:00+00:00,-0.12483242749539013,0.279507603186097,-0.0004465498935656543,0.3261802575107296
15140,2026-05-13 18:40:00+00:00,-0.12483242749539013,0.279507603186097,-0.0004465498935656543,0.3261802575107296
15141,2026-05-13 18:45:00+00:00,-0.12483242749539013,0.279507603186097,-0.0004465498935656543,0.3261802575107296
15142,2026-05-13 18:50:00+00:00,-0.12483242749539013,0.279507603186097,-0.0004465498935656543,0.3261802575107296
15143,2026-05-13 18:55:00+00:00,-0.12483242749539013,0.279507603186097,-0.0004465498935656543,0.3261802575107296
15144,2026-05-13 19:00:00+00:00,-0.12483242749539013,0.279507603186097,-0.0004465498935656543,0.3261802575107296
15145,2026-05-13 19:05:00+00:00,-0.12483242749539013,0.279507603186097,-0.0004465498935656543,0.3261802575107296
15146,2026-05-13 19:10:00+00:00,-0.12483242749539013,0.279507603186097,-0.0004465498935656543,0.3261802575107296
15147,2026-05-13 19:15:00+00:00,-0.12483242749539013,0.279507603186097,-0.0004465498935656543,0.3261802575107296
15148,2026-05-13 19:20:00+00:00,-0.10819508508242089,0.279507603186097,-0.0004465498935656543,0.3261802575107296
15149,2026-05-13 19:25:00+00:00,-0.12483242749539013,0.279507603186097,-0.0004465498935656543,0.3261802575107296
15150,2026-05-13 19:30:00+00:00,-0.12483242749539013,0.279507603186097,-0.0004465498935656543,0.3261802575107296
15151,2026-05-13 19:35:00+00:00,-0.12483242749539013,0.279507603186097,-0.0004465498935656543,0.3261802575107296
15152,2026-05-13 19:40:00+00:00,-0.12483242749539013,0.279507603186097,-0.0004465498935656543,0.3261802575107296
15153,2026-05-13 19:45:00+00:00,-0.12483242749539013,0.279507603186097,-0.0004465498935656543,0.3261802575107296
15154,2026-05-13 19:50:00+00:00,-0.12483242749539013,0.279507603186097,-0.0004465498935656543,0.3261802575107296
15155,2026-05-13 19:55:00+00:00,-0.1261574515364185,0.279507603186097,-0.0004465498935656543,0.3261802575107296
15156,2026-05-13 20:00:00+00:00,-0.12483242749539013,0.279507603186097,-0.0004465498935656543,0.3261802575107296
15157,2026-05-13 20:05:00+00:00,-0.12483242749539013,0.279507603186097,-0.0004465498935656543,0.3261802575107296
15158,2026-05-13 20:10:00+00:00,-0.12483242749539013,0.279507603186097,0.067527406860265,0.4412470023980815
15159,2026-05-13 20:15:00+00:00,-0.12483242749539013,0.279507603186097,0.062394618407817945,0.4412470023980815
15160,2026-05-13 20:20:00+00:00,-0.12483242749539013,0.279507603186097,0.067527406860265,0.4412470023980815
15161,2026-05-13 20:25:00+00:00,-0.12483242749539013,0.279507603186097,0.07175608346191518,0.4412470023980815
15162,2026-05-13 20:30:00+00:00,-0.12483242749539013,0.279507603186097,-0.008667914428030573,0.3261802575107296
15163,2026-05-13 20:35:00+00:00,-0.12483242749539013,0.279507603186097,0.067527406860265,0.4412470023980815
15164,2026-05-13 20:40:00+00:00,-0.12483242749539013,0.279507603186097,-0.004439237826380405,0.3261802575107296
15165,2026-05-13 20:45:00+00:00,-0.12483242749539013,0.279507603186097,-0.008667914428030573,0.3261802575107296
15166,2026-05-13 20:50:00+00:00,-0.12483242749539013,0.279507603186097,-0.008667914428030573,0.3261802575107296
15167,2026-05-13 20:55:00+00:00,-0.12483242749539013,0.279507603186097,-0.0066335134106729,0.3261802575107296
15168,2026-05-13 22:00:00+00:00,-0.12483242749539013,0.279507603186097,0.06442901942517563,0.4412470023980815
15169,2026-05-13 22:05:00+00:00,-0.12483242749539013,0.279507603186097,-0.00240483680902273,0.3261802575107296
15170,2026-05-13 22:10:00+00:00,-0.12483242749539013,0.279507603186097,0.06442901942517563,0.4412470023980815
15171,2026-05-13 22:15:00+00:00,-0.12483242749539013,0.279507603186097,0.0686576960268258,0.4412470023980815
15172,2026-05-13 22:20:00+00:00,-0.12483242749539013,0.279507603186097,0.0686576960268258,0.4412470023980815
15173,2026-05-13 22:25:00+00:00,-0.12483242749539013,0.279507603186097,0.0686576960268258,0.4412470023980815
15174,2026-05-13 22:30:00+00:00,-0.12483242749539013,0.279507603186097,0.0686576960268258,0.4412470023980815
15175,2026-05-13 22:35:00+00:00,-0.12483242749539013,0.279507603186097,0.0686576960268258,0.4412470023980815
15176,2026-05-13 22:40:00+00:00,-0.12483242749539013,0.279507603186097,0.0686576960268258,0.4412470023980815
15177,2026-05-13 22:45:00+00:00,-0.12483242749539013,0.279507603186097,0.0686576960268258,0.4412470023980815
15178,2026-05-13 22:50:00+00:00,-0.12483242749539013,0.279507603186097,0.0686576960268258,0.4412470023980815
15179,2026-05-13 22:55:00+00:00,-0.12483242749539013,0.279507603186097,0.06116069812104621,0.3778501628664495
15180,2026-05-13 23:00:00+00:00,-0.1261574515364185,0.279507603186097,0.06116069812104621,0.3778501628664495
15181,2026-05-13 23:05:00+00:00,-0.1261574515364185,0.279507603186097,0.06116069812104621,0.3778501628664495
15182,2026-05-13 23:10:00+00:00,-0.1261574515364185,0.279507603186097,0.06116069812104621,0.3778501628664495
15183,2026-05-13 23:15:00+00:00,-0.1261574515364185,0.279507603186097,0.06116069812104621,0.3778501628664495
15184,2026-05-13 23:20:00+00:00,-0.1261574515364185,0.279507603186097,0.06116069812104621,0.3778501628664495
15185,2026-05-13 23:25:00+00:00,-0.1261574515364185,0.279507603186097,0.083165030699934,0.4412470023980815
15186,2026-05-13 23:30:00+00:00,-0.10985529182364606,0.279507603186097,0.06116069812104621,0.4412470023980815
15187,2026-05-13 23:35:00+00:00,-0.1261574515364185,0.279507603186097,0.06116069812104621,0.4412470023980815
15188,2026-05-13 23:40:00+00:00,-0.1261574515364185,0.279507603186097,0.07309106086717018,0.4412470023980815
15189,2026-05-13 23:45:00+00:00,-0.1261574515364185,0.279507603186097,0.07309106086717018,0.4412470023980815
15190,2026-05-13 23:50:00+00:00,-0.1261574515364185,0.279507603186097,0.06116069812104621,0.4412470023980815
15191,2026-05-13 23:55:00+00:00,-0.1165855130051879,0.279507603186097,0.05461431420226546,0.4412470023980815
15192,2026-05-14 00:00:00+00:00,-0.1165855130051879,0.279507603186097,0.06654467694838942,0.4412470023980815
15193,2026-05-14 00:05:00+00:00,-0.1165855130051879,0.279507603186097,0.04694712534444947,0.3261802575107296
15194,2026-05-14 00:10:00+00:00,-0.1165855130051879,0.279507603186097,0.05461431420226546,0.4412470023980815
15195,2026-05-14 00:15:00+00:00,-0.1165855130051879,0.279507603186097,0.04694712534444947,0.3261802575107296
15196,2026-05-14 00:20:00+00:00,-0.1053518132493743,0.279507603186097,0.04694712534444947,0.3261802575107296
15197,2026-05-14 00:25:00+00:00,-0.1053518132493743,0.279507603186097,0.04694712534444947,0.3261802575107296
15198,2026-05-14 00:30:00+00:00,-0.1053518132493743,0.279507603186097,0.05461431420226546,0.4412470023980815
15199,2026-05-14 00:35:00+00:00,-0.1053518132493743,0.279507603186097,0.05887748809057344,0.4412470023980815
15200,2026-05-14 00:40:00+00:00,-0.1053518132493743,0.279507603186097,0.04694712534444947,0.3261802575107296
15201,2026-05-14 00:45:00+00:00,-0.1053518132493743,0.279507603186097,0.05461431420226546,0.3778501628664495
15202,2026-05-14 00:50:00+00:00,-0.1053518132493743,0.279507603186097,0.05461431420226546,0.4412470023980815
15203,2026-05-14 00:55:00+00:00,-0.1053518132493743,0.279507603186097,0.057712701637354834,0.3778501628664495
15204,2026-05-14 01:00:00+00:00,-0.1053518132493743,0.279507603186097,0.057712701637354834,0.4412470023980815
15205,2026-05-14 01:05:00+00:00,-0.1053518132493743,0.279507603186097,0.037986432347735466,0.3261802575107296
15206,2026-05-14 01:10:00+00:00,-0.1053518132493743,0.279507603186097,0.026090566888269297,0.3261802575107296
15207,2026-05-14 01:15:00+00:00,-0.1053518132493743,0.279507603186097,0.037986432347735466,0.3261802575107296
15208,2026-05-14 01:20:00+00:00,-0.1053518132493743,0.279507603186097,0.037986432347735466,0.3261802575107296
15209,2026-05-14 01:25:00+00:00,-0.1053518132493743,0.279507603186097,0.037986432347735466,0.3261802575107296
15210,2026-05-14 01:30:00+00:00,-0.1053518132493743,0.279507603186097,0.04734277836012675,0.3261802575107296
15211,2026-05-14 01:35:00+00:00,-0.1053518132493743,0.279507603186097,0.037986432347735466,0.3261802575107296
15212,2026-05-14 01:40:00+00:00,-0.1053518132493743,0.279507603186097,0.030319243489919465,0.3261802575107296
15213,2026-05-14 01:45:00+00:00,-0.1053518132493743,0.279507603186097,0.030319243489919465,0.3261802575107296
15214,2026-05-14 01:50:00+00:00,-0.1053518132493743,0.279507603186097,-0.01274714609131741,0.3261802575107296
15215,2026-05-14 01:55:00+00:00,-0.11143562984756553,0.3204225352112676,0.021400019950133905,0.3261802575107296
15216,2026-05-14 02:00:00+00:00,-0.11143562984756553,0.3204225352112676,0.025628696551784066,0.34408602150537637
15217,2026-05-14 02:05:00+00:00,-0.11143562984756553,0.3204225352112676,0.025628696551784066,0.34408602150537637
15218,2026-05-14 02:10:00+00:00,-0.11143562984756553,0.3204225352112676,0.0005283243295638612,0.3261802575107296
15219,2026-05-14 02:15:00+00:00,-0.1038027371380168,0.3204225352112676,0.016625926864290055,0.3261802575107296
15220,2026-05-14 02:20:00+00:00,-0.1038027371380168,0.3204225352112676,0.032184956365307216,0.34408602150537637
15221,2026-05-14 02:25:00+00:00,-0.1038027371380168,0.3204225352112676,0.032184956365307216,0.34408602150537637
15222,2026-05-14 02:30:00+00:00,-0.1038027371380168,0.3204225352112676,0.032184956365307216,0.34408602150537637
15223,2026-05-14 02:35:00+00:00,-0.1038027371380168,0.3204225352112676,0.032184956365307216,0.34408602150537637
15224,2026-05-14 02:40:00+00:00,-0.1038027371380168,0.3204225352112676,0.032184956365307216,0.34408602150537637
15225,2026-05-14 02:45:00+00:00,-0.1038027371380168,0.3204225352112676,-0.017437693029452805,0.3261802575107296
15226,2026-05-14 02:50:00+00:00,-0.1038027371380168,0.3204225352112676,-0.0037003522720862997,0.3261802575107296
15227,2026-05-14 02:55:00+00:00,-0.1038027371380168,0.3204225352112676,-0.04326333688550881,0.297427652733119
15228,2026-05-14 03:00:00+00:00,-0.11143562984756553,0.3204225352112676,0.010882888754330855,0.3261802575107296
15229,2026-05-14 03:05:00+00:00,-0.11143562984756553,0.3204225352112676,-0.0228232545241356,0.3261802575107296
15230,2026-05-14 03:10:00+00:00,-0.11143562984756553,0.3204225352112676,-0.04326333688550881,0.297427652733119
15231,2026-05-14 03:15:00+00:00,-0.11143562984756553,0.3204225352112676,-0.04326333688550881,0.297427652733119
15232,2026-05-14 03:20:00+00:00,-0.11143562984756553,0.3204225352112676,0.053056651985877265,0.3778501628664495
15233,2026-05-14 03:25:00+00:00,-0.11143562984756553,0.3204225352112676,0.04535496584140345,0.3778501628664495
15234,2026-05-14 03:30:00+00:00,-0.11143562984756553,0.3204225352112676,-0.039034660283858644,0.3261802575107296
15235,2026-05-14 03:35:00+00:00,-0.11143562984756553,0.3204225352112676,-0.04326333688550881,0.297427652733119
15236,2026-05-14 03:40:00+00:00,-0.11143562984756553,0.3204225352112676,-0.04326333688550881,0.297427652733119
15237,2026-05-14 03:45:00+00:00,-0.11143562984756553,0.3204225352112676,-0.04326333688550881,0.297427652733119
15238,2026-05-14 03:50:00+00:00,-0.11143562984756553,0.3204225352112676,-0.04326333688550881,0.297427652733119
15239,2026-05-14 03:55:00+00:00,-0.11143562984756553,0.3204225352112676,-0.04326333688550881,0.297427652733119
15240,2026-05-14 04:00:00+00:00,-0.11143562984756553,0.3204225352112676,-0.03389553464210186,0.3261802575107296
15241,2026-05-14 04:05:00+00:00,-0.11143562984756553,0.3204225352112676,-0.04326333688550881,0.297427652733119
15242,2026-05-14 04:10:00+00:00,-0.11143562984756553,0.3204225352112676,-0.04326333688550881,0.297427652733119
15243,2026-05-14 04:15:00+00:00,-0.11143562984756553,0.3204225352112676,-0.035217359447500936,0.3261802575107296
15244,2026-05-14 04:20:00+00:00,-0.1038027371380168,0.3204225352112676,0.027956279763657048,0.3261802575107296
15245,2026-05-14 04:25:00+00:00,-0.1038027371380168,0.3204225352112676,0.0005283243295638612,0.3261802575107296
15246,2026-05-14 04:30:00+00:00,-0.1038027371380168,0.3204225352112676,0.0005283243295638612,0.3261802575107296
15247,2026-05-14 04:35:00+00:00,-0.1038027371380168,0.3204225352112676,0.0005283243295638612,0.3261802575107296
15248,2026-05-14 04:40:00+00:00,-0.1038027371380168,0.3204225352112676,0.0005283243295638612,0.3261802575107296
15249,2026-05-14 04:45:00+00:00,-0.1038027371380168,0.3204225352112676,0.0005283243295638612,0.3261802575107296
15250,2026-05-14 04:50:00+00:00,-0.1038027371380168,0.3204225352112676,0.032184956365307216,0.34408602150537637
15251,2026-05-14 04:55:00+00:00,-0.1038027371380168,0.3204225352112676,0.032184956365307216,0.3261802575107296
15252,2026-05-14 05:00:00+00:00,-0.1038027371380168,0.3204225352112676,0.04720997016373309,0.3261802575107296
15253,2026-05-14 05:05:00+00:00,-0.1038027371380168,0.3204225352112676,0.04720997016373309,0.3261802575107296
15254,2026-05-14 05:10:00+00:00,-0.1038027371380168,0.3204225352112676,0.04720997016373309,0.3261802575107296
15255,2026-05-14 05:15:00+00:00,-0.1038027371380168,0.3204225352112676,0.04720997016373309,0.3261802575107296
15256,2026-05-14 05:20:00+00:00,-0.1038027371380168,0.3204225352112676,0.04720997016373309,0.3261802575107296
15257,2026-05-14 05:25:00+00:00,-0.13094428793244003,0.279507603186097,0.04720997016373309,0.3261802575107296
15258,2026-05-14 05:30:00+00:00,-0.13094428793244003,0.279507603186097,0.04720997016373309,0.3261802575107296
15259,2026-05-14 05:35:00+00:00,-0.13094428793244003,0.279507603186097,0.04720997016373309,0.3261802575107296
15260,2026-05-14 05:40:00+00:00,-0.13094428793244003,0.279507603186097,0.04720997016373309,0.3261802575107296
15261,2026-05-14 05:45:00+00:00,-0.13094428793244003,0.279507603186097,0.04720997016373309,0.3261802575107296
15262,2026-05-14 05:50:00+00:00,-0.13094428793244003,0.279507603186097,0.04720997016373309,0.3261802575107296
15263,2026-05-14 05:55:00+00:00,-0.12056616479748558,0.279507603186097,0.04720997016373309,0.34408602150537637
15264,2026-05-14 06:00:00+00:00,-0.09342461400306235,0.3204225352112676,0.032184956365307216,0.34408602150537637
15265,2026-05-14 06:05:00+00:00,-0.09342461400306235,0.3204225352112676,0.04720997016373309,0.34408602150537637
15266,2026-05-14 06:10:00+00:00,-0.09342461400306235,0.3204225352112676,0.04720997016373309,0.34408602150537637
15267,2026-05-14 06:15:00+00:00,-0.09342461400306235,0.3204225352112676,0.04298129356208292,0.34408602150537637
15268,2026-05-14 06:20:00+00:00,-0.09342461400306235,0.3204225352112676,0.04298129356208292,0.34408602150537637
15269,2026-05-14 06:25:00+00:00,-0.09342461400306235,0.3204225352112676,0.04720997016373309,0.34408602150537637
15270,2026-05-14 06:30:00+00:00,-0.10105750671261107,0.3204225352112676,0.057285328587527426,0.4412470023980815
15271,2026-05-14 06:35:00+00:00,-0.10105750671261107,0.3204225352112676,0.057285328587527426,0.4412470023980815
15272,2026-05-14 06:40:00+00:00,-0.10105750671261107,0.3204225352112676,0.032184956365307216,0.34408602150537637
15273,2026-05-14 06:45:00+00:00,-0.09342461400306235,0.3204225352112676,0.032184956365307216,0.34408602150537637
15274,2026-05-14 06:50:00+00:00,-0.09342461400306235,0.3204225352112676,0.032184956365307216,0.34408602150537637
15275,2026-05-14 06:55:00+00:00,-0.09342461400306235,0.3204225352112676,0.032184956365307216,0.3261802575107296
15276,2026-05-14 07:00:00+00:00,-0.10105750671261107,0.3204225352112676,0.032184956365307216,0.3261802575107296
15277,2026-05-14 07:05:00+00:00,-0.10105750671261107,0.3204225352112676,0.04535496584140345,0.3261802575107296
15278,2026-05-14 07:10:00+00:00,-0.10105750671261107,0.3204225352112676,0.04535496584140345,0.3261802575107296
15279,2026-05-14 07:15:00+00:00,-0.10105750671261107,0.3204225352112676,0.06037997963982932,0.4412470023980815
15280,2026-05-14 07:20:00+00:00,-0.10105750671261107,0.3204225352112676,0.04535496584140345,0.3261802575107296
15281,2026-05-14 07:25:00+00:00,-0.10105750671261107,0.3204225352112676,0.06037997963982932,0.3778501628664495
15282,2026-05-14 07:30:00+00:00,-0.10105750671261107,0.3204225352112676,0.06037997963982932,0.3778501628664495
15283,2026-05-14 07:35:00+00:00,-0.10105750671261107,0.3204225352112676,0.04904962674046233,0.3261802575107296
15284,2026-05-14 07:40:00+00:00,-0.10105750671261107,0.3204225352112676,0.06037997963982932,0.3778501628664495
15285,2026-05-14 07:45:00+00:00,-0.12056616479748558,0.279507603186097,0.04535496584140345,0.3261802575107296
15286,2026-05-14 07:50:00+00:00,-0.12056616479748558,0.279507603186097,0.040653710350209954,0.3261802575107296
15287,2026-05-14 07:55:00+00:00,-0.12056616479748558,0.279507603186097,0.040653710350209954,0.3778501628664495
15288,2026-05-14 08:00:00+00:00,-0.12056616479748558,0.279507603186097,0.040653710350209954,0.3778501628664495
15289,2026-05-14 08:05:00+00:00,-0.12056616479748558,0.279507603186097,0.015553338127989745,0.3261802575107296
15290,2026-05-14 08:10:00+00:00,-0.12056616479748558,0.279507603186097,0.015553338127989745,0.3261802575107296
15291,2026-05-14 08:15:00+00:00,-0.12056616479748558,0.279507603186097,0.0358796172643661,0.3261802575107296
15292,2026-05-14 08:20:00+00:00,-0.12056616479748558,0.279507603186097,0.04720997016373309,0.34408602150537637
15293,2026-05-14 08:25:00+00:00,-0.09342461400306235,0.279507603186097,0.04720997016373309,0.34408602150537637
15294,2026-05-14 08:30:00+00:00,-0.09342461400306235,0.279507603186097,0.032184956365307216,0.34408602150537637
15295,2026-05-14 08:35:00+00:00,-0.09342461400306235,0.279507603186097,0.032184956365307216,0.34408602150537637
15296,2026-05-14 08:40:00+00:00,-0.09342461400306235,0.279507603186097,0.032184956365307216,0.34408602150537637
15297,2026-05-14 08:45:00+00:00,-0.10105750671261107,0.279507603186097,0.04720997016373309,0.34408602150537637
15298,2026-05-14 08:50:00+00:00,-0.10105750671261107,0.279507603186097,0.0723103423859533,0.4412470023980815
15299,2026-05-14 08:55:00+00:00,-0.11143562984756553,0.279507603186097,0.0723103423859533,0.4412470023980815
15300,2026-05-14 09:00:00+00:00,-0.11143562984756553,0.279507603186097,0.0723103423859533,0.4412470023980815
15301,2026-05-14 09:05:00+00:00,-0.11143562984756553,0.279507603186097,0.0723103423859533,0.4412470023980815
15302,2026-05-14 09:10:00+00:00,-0.11143562984756553,0.279507603186097,0.0723103423859533,0.4412470023980815
15303,2026-05-14 09:15:00+00:00,-0.11143562984756553,0.279507603186097,0.057285328587527426,0.4412470023980815
15304,2026-05-14 09:20:00+00:00,-0.11143562984756553,0.279507603186097,0.057285328587527426,0.4412470023980815
15305,2026-05-14 09:25:00+00:00,-0.11143562984756553,0.279507603186097,0.032184956365307216,0.3261802575107296
15306,2026-05-14 09:30:00+00:00,-0.1038027371380168,0.279507603186097,0.027956279763657048,0.3261802575107296
15307,2026-05-14 09:35:00+00:00,-0.1038027371380168,0.279507603186097,0.032184956365307216,0.34408602150537637
15308,2026-05-14 09:40:00+00:00,-0.1038027371380168,0.279507603186097,0.032184956365307216,0.34408602150537637
15309,2026-05-14 09:45:00+00:00,-0.11143562984756553,0.279507603186097,0.032184956365307216,0.34408602150537637
15310,2026-05-14 09:50:00+00:00,-0.11143562984756553,0.279507603186097,0.04535496584140345,0.3778501628664495
15311,2026-05-14 09:55:00+00:00,-0.11143562984756553,0.279507603186097,0.04535496584140345,0.3261802575107296
15312,2026-05-14 10:00:00+00:00,-0.11143562984756553,0.279507603186097,0.04535496584140345,0.3261802575107296
15313,2026-05-14 10:05:00+00:00,-0.11143562984756553,0.279507603186097,0.04535496584140345,0.3261802575107296
15314,2026-05-14 10:10:00+00:00,-0.11143562984756553,0.279507603186097,0.057285328587527426,0.4412470023980815
15315,2026-05-14 10:15:00+00:00,-0.11143562984756553,0.279507603186097,0.057285328587527426,0.4412470023980815
15316,2026-05-14 10:20:00+00:00,-0.11143562984756553,0.279507603186097,0.06495251744534342,0.4412470023980815
15317,2026-05-14 10:25:00+00:00,-0.11143562984756553,0.279507603186097,0.05302215469921944,0.3261802575107296
15318,2026-05-14 10:30:00+00:00,-0.11143562984756553,0.279507603186097,0.06495251744534342,0.4412470023980815
15319,2026-05-14 10:35:00+00:00,-0.11143562984756553,0.279507603186097,0.06495251744534342,0.4412470023980815
15320,2026-05-14 10:40:00+00:00,-0.11143562984756553,0.279507603186097,0.06495251744534342,0.4412470023980815
15321,2026-05-14 10:45:00+00:00,-0.11143562984756553,0.279507603186097,0.057285328587527426,0.4412470023980815
15322,2026-05-14 10:50:00+00:00,-0.11143562984756553,0.279507603186097,0.04535496584140345,0.3261802575107296
15323,2026-05-14 10:55:00+00:00,-0.1053518132493743,0.279507603186097,0.04373676936228681,0.3261802575107296
15324,2026-05-14 11:00:00+00:00,-0.1053518132493743,0.279507603186097,0.05566713210841079,0.4412470023980815
15325,2026-05-14 11:05:00+00:00,-0.1053518132493743,0.279507603186097,0.04373676936228681,0.3261802575107296
15326,2026-05-14 11:10:00+00:00,-0.1053518132493743,0.279507603186097,0.04373676936228681,0.3261802575107296
15327,2026-05-14 11:15:00+00:00,-0.1053518132493743,0.279507603186097,0.05566713210841079,0.4412470023980815
15328,2026-05-14 11:20:00+00:00,-0.1053518132493743,0.279507603186097,0.05566713210841079,0.4412470023980815
15329,2026-05-14 11:25:00+00:00,-0.1053518132493743,0.279507603186097,0.05566713210841079,0.4412470023980815
15330,2026-05-14 11:30:00+00:00,-0.1053518132493743,0.279507603186097,0.05566713210841079,0.4412470023980815
15331,2026-05-14 11:35:00+00:00,-0.1053518132493743,0.279507603186097,0.05566713210841079,0.4412470023980815
15332,2026-05-14 11:40:00+00:00,-0.1053518132493743,0.279507603186097,0.05566713210841079,0.4412470023980815
15333,2026-05-14 11:45:00+00:00,-0.1053518132493743,0.279507603186097,0.051403958220102804,0.3261802575107296
15334,2026-05-14 11:50:00+00:00,-0.1053518132493743,0.279507603186097,0.04373676936228681,0.3261802575107296
15335,2026-05-14 11:55:00+00:00,-0.1053518132493743,0.279507603186097,0.05566713210841079,0.4412470023980815
15336,2026-05-14 12:00:00+00:00,-0.1053518132493743,0.279507603186097,0.05566713210841079,0.4412470023980815
15337,2026-05-14 12:05:00+00:00,-0.1053518132493743,0.279507603186097,0.04373676936228681,0.34408602150537637
15338,2026-05-14 12:10:00+00:00,-0.1053518132493743,0.279507603186097,0.04373676936228681,0.34408602150537637
15339,2026-05-14 12:15:00+00:00,-0.1053518132493743,0.279507603186097,0.04373676936228681,0.34408602150537637
15340,2026-05-14 12:20:00+00:00,-0.1053518132493743,0.279507603186097,0.051403958220102804,0.34408602150537637
15341,2026-05-14 12:25:00+00:00,-0.1053518132493743,0.279507603186097,0.051403958220102804,0.34408602150537637
15342,2026-05-14 12:30:00+00:00,-0.1053518132493743,0.279507603186097,0.04373676936228681,0.34408602150537637
15343,2026-05-14 12:35:00+00:00,-0.1053518132493743,0.279507603186097,0.04373676936228681,0.34408602150537637
15344,2026-05-14 12:40:00+00:00,-0.1053518132493743,0.279507603186097,0.033366846085058716,0.34408602150537637
15345,2026-05-14 12:45:00+00:00,-0.1053518132493743,0.279507603186097,0.019747326184359443,0.3261802575107296
15346,2026-05-14 12:50:00+00:00,-0.1053518132493743,0.279507603186097,0.051403958220102804,0.34408602150537637
15347,2026-05-14 12:55:00+00:00,-0.1053518132493743,0.279507603186097,0.051403958220102804,0.3261802575107296
15348,2026-05-14 13:00:00+00:00,-0.1053518132493743,0.279507603186097,0.03167768893048342,0.3261802575107296
15349,2026-05-14 13:05:00+00:00,-0.1053518132493743,0.279507603186097,0.019747326184359443,0.3261802575107296
15350,2026-05-14 13:10:00+00:00,-0.1053518132493743,0.279507603186097,0.04007360532073581,0.3261802575107296
15351,2026-05-14 13:15:00+00:00,-0.1053518132493743,0.279507603186097,0.024010500072667428,0.3261802575107296
15352,2026-05-14 13:20:00+00:00,-0.1053518132493743,0.279507603186097,0.03167768893048342,0.3261802575107296
15353,2026-05-14 13:25:00+00:00,-0.1053518132493743,0.279507603186097,0.035901246490427655,0.3261802575107296
15354,2026-05-14 13:30:00+00:00,-0.1053518132493743,0.279507603186097,-0.017058587188114847,0.3261802575107296
15355,2026-05-14 13:35:00+00:00,-0.1053518132493743,0.279507603186097,-0.028472602115603513,0.3261802575107296
15356,2026-05-14 13:40:00+00:00,-0.1053518132493743,0.279507603186097,-0.015390344694840179,0.3261802575107296
15357,2026-05-14 13:45:00+00:00,-0.1053518132493743,0.279507603186097,0.01551864958270928,0.3261802575107296
15358,2026-05-14 13:50:00+00:00,-0.1053518132493743,0.279507603186097,0.028234057632611657,0.3261802575107296
15359,2026-05-14 13:55:00+00:00,-0.1053518132493743,0.279507603186097,-0.02191948007441326,0.3261802575107296
15360,2026-05-14 14:00:00+00:00,-0.1053518132493743,0.279507603186097,0.019781823471017264,0.3261802575107296
15361,2026-05-14 14:05:00+00:00,-0.09771892053982557,0.279507603186097,-0.005318548751202939,0.3261802575107296
15362,2026-05-14 14:10:00+00:00,-0.1165855130051879,0.279507603186097,-0.005318548751202939,0.3261802575107296
15363,2026-05-14 14:15:00+00:00,-0.1165855130051879,0.279507603186097,-0.001089872149552777,0.3261802575107296
15364,2026-05-14 14:20:00+00:00,-0.1165855130051879,0.279507603186097,-0.001089872149552777,0.3261802575107296
15365,2026-05-14 14:25:00+00:00,-0.1165855130051879,0.279507603186097,-0.001089872149552777,0.3261802575107296
15366,2026-05-14 14:30:00+00:00,-0.1165855130051879,0.279507603186097,-0.001089872149552777,0.3261802575107296
15367,2026-05-14 14:35:00+00:00,-0.1165855130051879,0.279507603186097,-0.001089872149552777,0.3261802575107296
15368,2026-05-14 14:40:00+00:00,-0.1165855130051879,0.279507603186097,0.0031336854103914524,0.3261802575107296
15369,2026-05-14 14:45:00+00:00,-0.09771892053982557,0.279507603186097,-0.0010949911912587088,0.3261802575107296
15370,2026-05-14 14:50:00+00:00,-0.09771892053982557,0.279507603186097,-0.02191948007441326,0.3261802575107296
15371,2026-05-14 14:55:00+00:00,-0.09771892053982557,0.279507603186097,-0.030140844608878177,0.3261802575107296
15372,2026-05-14 15:00:00+00:00,-0.09771892053982557,0.279507603186097,-0.030140844608878177,0.3261802575107296
15373,2026-05-14 15:05:00+00:00,-0.09771892053982557,0.279507603186097,-0.030140844608878177,0.3261802575107296
15374,2026-05-14 15:10:00+00:00,-0.09771892053982557,0.279507603186097,-0.030140844608878177,0.3261802575107296
15375,2026-05-14 15:15:00+00:00,-0.09771892053982557,0.279507603186097,-0.0010949911912587088,0.3261802575107296
15376,2026-05-14 15:20:00+00:00,-0.09771892053982557,0.279507603186097,-0.030140844608878177,0.3261802575107296
15377,2026-05-14 15:25:00+00:00,-0.1053518132493743,0.279507603186097,-0.030140844608878177,0.3261802575107296
15378,2026-05-14 15:30:00+00:00,-0.1053518132493743,0.279507603186097,0.039508092760636646,0.3261802575107296
15379,2026-05-14 15:35:00+00:00,-0.1053518132493743,0.279507603186097,-0.030140844608878177,0.3261802575107296
15380,2026-05-14 15:40:00+00:00,-0.1053518132493743,0.279507603186097,-0.030140844608878177,0.3261802575107296
15381,2026-05-14 15:45:00+00:00,-0.1053518132493743,0.279507603186097,-0.030140844608878177,0.3261802575107296
15382,2026-05-14 15:50:00+00:00,-0.1053518132493743,0.279507603186097,-0.030140844608878177,0.3261802575107296
15383,2026-05-14 15:55:00+00:00,-0.1053518132493743,0.279507603186097,-0.030140844608878177,0.3261802575107296
15384,2026-05-14 16:00:00+00:00,-0.1053518132493743,0.279507603186097,-0.030140844608878177,0.3261802575107296
15385,2026-05-14 16:05:00+00:00,-0.1053518132493743,0.279507603186097,-0.030140844608878177,0.3261802575107296
15386,2026-05-14 16:10:00+00:00,-0.1053518132493743,0.279507603186097,-0.030140844608878177,0.3261802575107296
15387,2026-05-14 16:15:00+00:00,-0.1053518132493743,0.279507603186097,-0.030140844608878177,0.3261802575107296
15388,2026-05-14 16:20:00+00:00,-0.1053518132493743,0.279507603186097,-0.030140844608878177,0.3261802575107296
15389,2026-05-14 16:25:00+00:00,-0.1053518132493743,0.279507603186097,-0.030140844608878177,0.3261802575107296
15390,2026-05-14 16:30:00+00:00,-0.1053518132493743,0.279507603186097,-0.02077304236547123,0.3261802575107296
15391,2026-05-14 16:35:00+00:00,-0.1053518132493743,0.279507603186097,-0.02077304236547123,0.3261802575107296
15392,2026-05-14 16:40:00+00:00,-0.1053518132493743,0.279507603186097,-0.02077304236547123,0.3261802575107296
15393,2026-05-14 16:45:00+00:00,-0.1053518132493743,0.279507603186097,-0.012727064927463358,0.3261802575107296
15394,2026-05-14 16:50:00+00:00,-0.1053518132493743,0.279507603186097,-0.0220948671708703,0.3261802575107296
15395,2026-05-14 16:55:00+00:00,-0.1053518132493743,0.279507603186097,-0.013873502636405386,0.3261802575107296
15396,2026-05-14 17:00:00+00:00,-0.1053518132493743,0.279507603186097,-0.02191948007441326,0.3261802575107296
15397,2026-05-14 17:05:00+00:00,-0.1053518132493743,0.279507603186097,-0.02191948007441326,0.3261802575107296
15398,2026-05-14 17:10:00+00:00,-0.1053518132493743,0.279507603186097,-0.02191948007441326,0.3261802575107296
15399,2026-05-14 17:15:00+00:00,-0.1053518132493743,0.279507603186097,-0.02191948007441326,0.3261802575107296
15400,2026-05-14 17:20:00+00:00,-0.1053518132493743,0.279507603186097,-0.02191948007441326,0.3261802575107296
15401,2026-05-14 17:25:00+00:00,-0.1053518132493743,0.279507603186097,-0.02191948007441326,0.3261802575107296
15402,2026-05-14 17:30:00+00:00,-0.1053518132493743,0.279507603186097,-0.02191948007441326,0.3261802575107296
15403,2026-05-14 17:35:00+00:00,-0.1053518132493743,0.279507603186097,-0.030140844608878177,0.3261802575107296
15404,2026-05-14 17:40:00+00:00,-0.1053518132493743,0.279507603186097,-0.030140844608878177,0.3261802575107296
15405,2026-05-14 17:45:00+00:00,-0.1053518132493743,0.279507603186097,-0.030140844608878177,0.3261802575107296
15406,2026-05-14 17:50:00+00:00,-0.1053518132493743,0.279507603186097,0.011352268182251594,0.3261802575107296
15407,2026-05-14 17:55:00+00:00,-0.1053518132493743,0.279507603186097,0.011352268182251594,0.3261802575107296
15408,2026-05-14 18:00:00+00:00,-0.1053518132493743,0.279507603186097,0.011352268182251594,0.3261802575107296
15409,2026-05-14 18:05:00+00:00,-0.1053518132493743,0.279507603186097,0.01939824562025947,0.3261802575107296
15410,2026-05-14 18:10:00+00:00,-0.1053518132493743,0.279507603186097,0.01939824562025947,0.3261802575107296
15411,2026-05-14 18:15:00+00:00,-0.1053518132493743,0.279507603186097,0.01939824562025947,0.3261802575107296
15412,2026-05-14 18:20:00+00:00,-0.1053518132493743,0.279507603186097,0.01939824562025947,0.3261802575107296
15413,2026-05-14 18:25:00+00:00,-0.1053518132493743,0.279507603186097,0.01939824562025947,0.3261802575107296
15414,2026-05-14 18:30:00+00:00,-0.1053518132493743,0.279507603186097,0.01939824562025947,0.3261802575107296
15415,2026-05-14 18:35:00+00:00,-0.1053518132493743,0.279507603186097,0.027619610154724382,0.3261802575107296
15416,2026-05-14 18:40:00+00:00,-0.1053518132493743,0.279507603186097,0.027619610154724382,0.3261802575107296
15417,2026-05-14 18:45:00+00:00,-0.1053518132493743,0.279507603186097,0.027619610154724382,0.3261802575107296
15418,2026-05-14 18:50:00+00:00,-0.1053518132493743,0.279507603186097,0.027619610154724382,0.3261802575107296
15419,2026-05-14 18:55:00+00:00,-0.1165855130051879,0.279507603186097,0.027619610154724382,0.3261802575107296
15420,2026-05-14 19:00:00+00:00,-0.1165855130051879,0.279507603186097,0.027619610154724382,0.3261802575107296
15421,2026-05-14 19:05:00+00:00,-0.1165855130051879,0.279507603186097,0.027619610154724382,0.3261802575107296
15422,2026-05-14 19:10:00+00:00,-0.1165855130051879,0.279507603186097,0.027619610154724382,0.3261802575107296
15423,2026-05-14 19:15:00+00:00,-0.1165855130051879,0.279507603186097,0.027619610154724382,0.3261802575107296
15424,2026-05-14 19:20:00+00:00,-0.1165855130051879,0.279507603186097,0.027619610154724382,0.3261802575107296
15425,2026-05-14 19:25:00+00:00,-0.1165855130051879,0.279507603186097,0.027619610154724382,0.3261802575107296
15426,2026-05-14 19:30:00+00:00,-0.1165855130051879,0.279507603186097,0.027619610154724382,0.3261802575107296
15427,2026-05-14 19:35:00+00:00,-0.1165855130051879,0.279507603186097,0.027619610154724382,0.3261802575107296
15428,2026-05-14 19:40:00+00:00,-0.1165855130051879,0.279507603186097,0.027619610154724382,0.3261802575107296
15429,2026-05-14 19:45:00+00:00,-0.1165855130051879,0.279507603186097,0.027619610154724382,0.3261802575107296
15430,2026-05-14 19:50:00+00:00,-0.1165855130051879,0.279507603186097,0.027619610154724382,0.3261802575107296
15431,2026-05-14 19:55:00+00:00,-0.1165855130051879,0.279507603186097,-0.004505700392998433,0.3261802575107296
15432,2026-05-14 20:00:00+00:00,-0.1165855130051879,0.279507603186097,-0.004505700392998433,0.3261802575107296
15433,2026-05-14 20:05:00+00:00,-0.1165855130051879,0.279507603186097,-0.004505700392998433,0.3261802575107296
15434,2026-05-14 20:10:00+00:00,-0.1165855130051879,0.279507603186097,-0.004505700392998433,0.3261802575107296
15435,2026-05-14 20:15:00+00:00,-0.1165855130051879,0.279507603186097,-0.004505700392998433,0.3261802575107296
15436,2026-05-14 20:20:00+00:00,-0.1165855130051879,0.279507603186097,-0.004505700392998433,0.3261802575107296
15437,2026-05-14 20:25:00+00:00,-0.1165855130051879,0.279507603186097,-0.004505700392998433,0.3261802575107296
15438,2026-05-14 20:30:00+00:00,-0.1165855130051879,0.279507603186097,-0.004505700392998433,0.3261802575107296
15439,2026-05-14 20:35:00+00:00,-0.1165855130051879,0.279507603186097,-0.004505700392998433,0.3261802575107296
15440,2026-05-14 20:40:00+00:00,-0.1165855130051879,0.279507603186097,0.08684191057976327,0.4412470023980815
15441,2026-05-14 20:45:00+00:00,-0.1165855130051879,0.279507603186097,0.08684191057976327,0.4412470023980815
15442,2026-05-14 20:50:00+00:00,-0.1165855130051879,0.279507603186097,0.08684191057976327,0.4412470023980815
15443,2026-05-14 20:55:00+00:00,-0.1165855130051879,0.279507603186097,0.1322214506836952,0.4412470023980815
15444,2026-05-14 22:00:00+00:00,-0.1165855130051879,0.279507603186097,0.11828717521167786,0.4412470023980815
15445,2026-05-14 22:05:00+00:00,-0.1165855130051879,0.279507603186097,0.13666816842920293,0.4412470023980815
15446,2026-05-14 22:10:00+00:00,-0.1165855130051879,0.279507603186097,0.13666816842920293,0.4412470023980815
15447,2026-05-14 22:15:00+00:00,-0.1165855130051879,0.279507603186097,0.13666816842920293,0.4412470023980815
15448,2026-05-14 22:20:00+00:00,-0.1165855130051879,0.279507603186097,0.026939564238916146,0.34408602150537637
15449,2026-05-14 22:25:00+00:00,-0.1165855130051879,0.279507603186097,0.026939564238916146,0.34408602150537637
15450,2026-05-14 22:30:00+00:00,-0.1165855130051879,0.279507603186097,0.026939564238916146,0.34408602150537637
15451,2026-05-14 22:35:00+00:00,-0.1053518132493743,0.279507603186097,0.026939564238916146,0.34408602150537637
15452,2026-05-14 22:40:00+00:00,-0.1053518132493743,0.279507603186097,0.026939564238916146,0.34408602150537637
15453,2026-05-14 22:45:00+00:00,-0.1053518132493743,0.279507603186097,0.026939564238916146,0.34408602150537637
15454,2026-05-14 22:50:00+00:00,-0.1053518132493743,0.279507603186097,0.018718199704451224,0.34408602150537637
15455,2026-05-14 22:55:00+00:00,-0.1053518132493743,0.279507603186097,0.002795114484147607,0.3261802575107296
15456,2026-05-14 23:00:00+00:00,-0.1053518132493743,0.279507603186097,0.037985454037316735,0.3778501628664495
15457,2026-05-14 23:05:00+00:00,-0.1053518132493743,0.279507603186097,0.03721537136813645,0.3778501628664495
15458,2026-05-14 23:10:00+00:00,-0.1053518132493743,0.279507603186097,0.0247994470630354,0.34408602150537637
15459,2026-05-14 23:15:00+00:00,-0.1053518132493743,0.279507603186097,0.002795114484147607,0.3261802575107296
15460,2026-05-14 23:20:00+00:00,-0.1053518132493743,0.279507603186097,0.002795114484147607,0.3261802575107296
15461,2026-05-14 23:25:00+00:00,-0.09771892053982557,0.3204225352112676,0.002795114484147607,0.3261802575107296
15462,2026-05-14 23:30:00+00:00,-0.09771892053982557,0.3204225352112676,0.002795114484147607,0.3261802575107296
15463,2026-05-14 23:35:00+00:00,-0.09771892053982557,0.3204225352112676,0.011016479018612524,0.3261802575107296
15464,2026-05-14 23:40:00+00:00,-0.09771892053982557,0.3204225352112676,0.011016479018612524,0.3261802575107296
15465,2026-05-14 23:45:00+00:00,-0.1053518132493743,0.279507603186097,0.011016479018612524,0.3261802575107296
15466,2026-05-14 23:50:00+00:00,-0.1053518132493743,0.279507603186097,0.002795114484147607,0.3261802575107296
15467,2026-05-14 23:55:00+00:00,-0.1053518132493743,0.279507603186097,-0.007335117910959065,0.3261802575107296
15468,2026-05-15 00:00:00+00:00,-0.1053518132493743,0.279507603186097,-0.007335117910959065,0.3261802575107296
15469,2026-05-15 00:05:00+00:00,-0.1053518132493743,0.279507603186097,-0.007335117910959065,0.3261802575107296
15470,2026-05-15 00:10:00+00:00,-0.1053518132493743,0.279507603186097,0.0008862466235058531,0.3261802575107296
15471,2026-05-15 00:15:00+00:00,-0.1053518132493743,0.279507603186097,-0.0084815556199011,0.3261802575107296
15472,2026-05-15 00:20:00+00:00,-0.1053518132493743,0.279507603186097,-0.007335117910959065,0.3261802575107296
15473,2026-05-15 00:25:00+00:00,-0.1053518132493743,0.279507603186097,0.0008862466235058531,0.3261802575107296
15474,2026-05-15 00:30:00+00:00,-0.1053518132493743,0.279507603186097,-0.007159730814502022,0.3261802575107296
15475,2026-05-15 00:35:00+00:00,-0.1053518132493743,0.279507603186097,0.0008862466235058531,0.3261802575107296
15476,2026-05-15 00:40:00+00:00,-0.1053518132493743,0.279507603186097,0.0008862466235058531,0.3261802575107296
15477,2026-05-15 00:45:00+00:00,-0.1165855130051879,0.279507603186097,0.0008862466235058531,0.3261802575107296
15478,2026-05-15 00:50:00+00:00,-0.1165855130051879,0.279507603186097,0.0008862466235058531,0.3261802575107296
15479,2026-05-15 00:55:00+00:00,-0.1165855130051879,0.279507603186097,0.03327457541524942,0.3778501628664495
15480,2026-05-15 01:00:00+00:00,-0.1165855130051879,0.279507603186097,0.03327457541524942,0.3261802575107296
15481,2026-05-15 01:05:00+00:00,-0.1165855130051879,0.279507603186097,0.03327457541524942,0.3261802575107296
15482,2026-05-15 01:10:00+00:00,-0.1165855130051879,0.279507603186097,0.03327457541524942,0.3261802575107296
15483,2026-05-15 01:15:00+00:00,-0.1165855130051879,0.279507603186097,0.03327457541524942,0.3261802575107296
15484,2026-05-15 01:20:00+00:00,-0.1165855130051879,0.279507603186097,0.03327457541524942,0.3261802575107296
15485,2026-05-15 01:25:00+00:00,-0.1165855130051879,0.279507603186097,0.03327457541524942,0.3261802575107296
15486,2026-05-15 01:30:00+00:00,-0.1165855130051879,0.279507603186097,0.03327457541524942,0.3261802575107296
15487,2026-05-15 01:35:00+00:00,-0.1165855130051879,0.279507603186097,0.03327457541524942,0.3261802575107296
15488,2026-05-15 01:40:00+00:00,-0.1165855130051879,0.279507603186097,0.03327457541524942,0.3261802575107296
15489,2026-05-15 01:45:00+00:00,-0.1165855130051879,0.279507603186097,0.03327457541524942,0.3261802575107296
15490,2026-05-15 01:50:00+00:00,-0.09771892053982557,0.3204225352112676,0.03327457541524942,0.3261802575107296
15491,2026-05-15 01:55:00+00:00,-0.1038027371380168,0.3204225352112676,-0.02219394503693703,0.297427652733119
15492,2026-05-15 02:00:00+00:00,-0.1038027371380168,0.3204225352112676,-0.02219394503693703,0.297427652733119
15493,2026-05-15 02:05:00+00:00,-0.1038027371380168,0.3204225352112676,-0.030415309571401948,0.297427652733119
15494,2026-05-15 02:10:00+00:00,-0.1038027371380168,0.3204225352112676,-0.030415309571401948,0.297427652733119
15495,2026-05-15 02:15:00+00:00,-0.1038027371380168,0.3204225352112676,-0.030415309571401948,0.297427652733119
15496,2026-05-15 02:20:00+00:00,-0.1038027371380168,0.3204225352112676,-0.030415309571401948,0.297427652733119
15497,2026-05-15 02:25:00+00:00,-0.1038027371380168,0.3204225352112676,-0.030415309571401948,0.297427652733119
15498,2026-05-15 02:30:00+00:00,-0.1038027371380168,0.3204225352112676,-0.030415309571401948,0.297427652733119
15499,2026-05-15 02:35:00+00:00,-0.1038027371380168,0.3204225352112676,-0.030415309571401948,0.297427652733119
15500,2026-05-15 02:40:00+00:00,-0.1038027371380168,0.3204225352112676,-0.030415309571401948,0.297427652733119
15501,2026-05-15 02:45:00+00:00,-0.1038027371380168,0.3204225352112676,-0.030415309571401948,0.297427652733119
15502,2026-05-15 02:50:00+00:00,-0.1038027371380168,0.3204225352112676,-0.030415309571401948,0.297427652733119
15503,2026-05-15 02:55:00+00:00,-0.1038027371380168,0.3204225352112676,0.040361559014961766,0.3778501628664495
15504,2026-05-15 03:00:00+00:00,-0.11143562984756553,0.279507603186097,0.040361559014961766,0.3778501628664495
15505,2026-05-15 03:05:00+00:00,-0.11143562984756553,0.279507603186097,0.040361559014961766,0.3778501628664495
15506,2026-05-15 03:10:00+00:00,-0.11143562984756553,0.279507603186097,0.040361559014961766,0.3778501628664495
15507,2026-05-15 03:15:00+00:00,-0.11143562984756553,0.279507603186097,0.040361559014961766,0.3778501628664495
15508,2026-05-15 03:20:00+00:00,-0.11143562984756553,0.279507603186097,0.040361559014961766,0.3778501628664495
15509,2026-05-15 03:25:00+00:00,-0.11143562984756553,0.279507603186097,0.040361559014961766,0.3778501628664495
15510,2026-05-15 03:30:00+00:00,-0.11143562984756553,0.279507603186097,0.040361559014961766,0.3778501628664495
15511,2026-05-15 03:35:00+00:00,-0.11143562984756553,0.279507603186097,0.040361559014961766,0.3778501628664495
15512,2026-05-15 03:40:00+00:00,-0.11143562984756553,0.279507603186097,0.040361559014961766,0.3778501628664495
15513,2026-05-15 03:45:00+00:00,-0.11143562984756553,0.279507603186097,0.040361559014961766,0.3778501628664495
15514,2026-05-15 03:50:00+00:00,-0.11143562984756553,0.279507603186097,0.040361559014961766,0.3778501628664495
15515,2026-05-15 03:55:00+00:00,-0.11143562984756553,0.279507603186097,-0.059291642088473304,0.297427652733119
15516,2026-05-15 04:00:00+00:00,-0.11143562984756553,0.279507603186097,-0.059291642088473304,0.297427652733119
15517,2026-05-15 04:05:00+00:00,-0.11143562984756553,0.279507603186097,-0.059291642088473304,0.297427652733119
15518,2026-05-15 04:10:00+00:00,-0.11143562984756553,0.279507603186097,-0.059291642088473304,0.297427652733119
15519,2026-05-15 04:15:00+00:00,-0.11143562984756553,0.279507603186097,-0.059291642088473304,0.297427652733119
15520,2026-05-15 04:20:00+00:00,-0.11143562984756553,0.279507603186097,-0.059291642088473304,0.297427652733119
15521,2026-05-15 04:25:00+00:00,-0.11143562984756553,0.279507603186097,-0.059291642088473304,0.297427652733119
15522,2026-05-15 04:30:00+00:00,-0.11143562984756553,0.279507603186097,-0.059291642088473304,0.297427652733119
15523,2026-05-15 04:35:00+00:00,-0.11143562984756553,0.279507603186097,-0.059291642088473304,0.297427652733119
15524,2026-05-15 04:40:00+00:00,-0.11143562984756553,0.279507603186097,-0.059291642088473304,0.297427652733119
15525,2026-05-15 04:45:00+00:00,-0.11143562984756553,0.279507603186097,-0.059291642088473304,0.297427652733119
15526,2026-05-15 04:50:00+00:00,-0.11143562984756553,0.279507603186097,-0.059291642088473304,0.297427652733119
15527,2026-05-15 04:55:00+00:00,-0.11143562984756553,0.279507603186097,-0.059291642088473304,0.297427652733119
15528,2026-05-15 05:00:00+00:00,-0.11143562984756553,0.279507603186097,-0.059291642088473304,0.297427652733119
15529,2026-05-15 05:05:00+00:00,-0.11143562984756553,0.279507603186097,-0.051070277554008385,0.297427652733119
15530,2026-05-15 05:10:00+00:00,-0.11143562984756553,0.279507603186097,-0.051070277554008385,0.297427652733119
15531,2026-05-15 05:15:00+00:00,-0.11143562984756553,0.279507603186097,-0.051070277554008385,0.297427652733119
15532,2026-05-15 05:20:00+00:00,-0.11143562984756553,0.279507603186097,-0.051070277554008385,0.297427652733119
15533,2026-05-15 05:25:00+00:00,-0.13094428793244003,0.279507603186097,-0.051070277554008385,0.297427652733119
15534,2026-05-15 05:30:00+00:00,-0.13094428793244003,0.279507603186097,-0.051070277554008385,0.297427652733119
15535,2026-05-15 05:35:00+00:00,-0.13094428793244003,0.279507603186097,-0.051070277554008385,0.297427652733119
15536,2026-05-15 05:40:00+00:00,-0.13094428793244003,0.279507603186097,-0.051070277554008385,0.297427652733119
15537,2026-05-15 05:45:00+00:00,-0.13094428793244003,0.279507603186097,-0.051070277554008385,0.297427652733119
15538,2026-05-15 05:50:00+00:00,-0.13094428793244003,0.279507603186097,-0.051070277554008385,0.297427652733119
15539,2026-05-15 05:55:00+00:00,-0.13094428793244003,0.279507603186097,-0.051070277554008385,0.297427652733119
15540,2026-05-15 06:00:00+00:00,-0.13094428793244003,0.279507603186097,-0.051070277554008385,0.297427652733119
15541,2026-05-15 06:05:00+00:00,-0.13094428793244003,0.279507603186097,-0.051070277554008385,0.297427652733119
15542,2026-05-15 06:10:00+00:00,-0.13094428793244003,0.279507603186097,-0.051070277554008385,0.297427652733119
15543,2026-05-15 06:15:00+00:00,-0.13094428793244003,0.279507603186097,0.041106119037631055,0.3778501628664495
15544,2026-05-15 06:20:00+00:00,-0.13094428793244003,0.279507603186097,0.003930687689829895,0.3261802575107296
15545,2026-05-15 06:25:00+00:00,-0.13094428793244003,0.279507603186097,0.041106119037631055,0.3778501628664495
15546,2026-05-15 06:30:00+00:00,-0.13094428793244003,0.279507603186097,0.003930687689829895,0.3261802575107296
15547,2026-05-15 06:35:00+00:00,-0.13094428793244003,0.279507603186097,0.003930687689829895,0.3261802575107296
15548,2026-05-15 06:40:00+00:00,-0.13094428793244003,0.279507603186097,-0.051070277554008385,0.297427652733119
15549,2026-05-15 06:45:00+00:00,-0.13094428793244003,0.279507603186097,-0.051070277554008385,0.297427652733119
15550,2026-05-15 06:50:00+00:00,-0.13094428793244003,0.279507603186097,-0.051070277554008385,0.297427652733119
15551,2026-05-15 06:55:00+00:00,-0.11162797953147185,0.3204225352112676,-0.13197941627568904,0.297427652733119
15552,2026-05-15 07:00:00+00:00,-0.11162797953147185,0.3204225352112676,-0.140200780810154,0.297427652733119
15553,2026-05-15 07:05:00+00:00,-0.11162797953147185,0.3204225352112676,-0.140200780810154,0.297427652733119
15554,2026-05-15 07:10:00+00:00,-0.11162797953147185,0.3204225352112676,-0.140200780810154,0.297427652733119
15555,2026-05-15 07:15:00+00:00,-0.11162797953147185,0.3204225352112676,-0.140200780810154,0.297427652733119
15556,2026-05-15 07:20:00+00:00,-0.11162797953147185,0.3204225352112676,-0.140200780810154,0.297427652733119
15557,2026-05-15 07:25:00+00:00,-0.11162797953147185,0.3204225352112676,-0.140200780810154,0.297427652733119
15558,2026-05-15 07:30:00+00:00,-0.11162797953147185,0.3204225352112676,-0.140200780810154,0.297427652733119
15559,2026-05-15 07:35:00+00:00,-0.11162797953147185,0.3204225352112676,-0.140200780810154,0.297427652733119
15560,2026-05-15 07:40:00+00:00,-0.11143562984756553,0.3204225352112676,-0.140200780810154,0.297427652733119
15561,2026-05-15 07:45:00+00:00,-0.11162797953147185,0.3204225352112676,-0.140200780810154,0.297427652733119
15562,2026-05-15 07:50:00+00:00,-0.11162797953147185,0.3204225352112676,-0.140200780810154,0.297427652733119
15563,2026-05-15 07:55:00+00:00,-0.08184468958645223,0.3204225352112676,-0.2216905452008183,0.0
15564,2026-05-15 08:00:00+00:00,-0.08184468958645223,0.3204225352112676,-0.2216905452008183,0.0
15565,2026-05-15 08:05:00+00:00,-0.08184468958645223,0.3204225352112676,-0.2216905452008183,0.0
15566,2026-05-15 08:10:00+00:00,-0.08184468958645223,0.3204225352112676,-0.2216905452008183,0.0
15567,2026-05-15 08:15:00+00:00,-0.08184468958645223,0.3204225352112676,-0.2216905452008183,0.0
15568,2026-05-15 08:20:00+00:00,-0.08184468958645223,0.3204225352112676,-0.2216905452008183,0.0
15569,2026-05-15 08:25:00+00:00,-0.08184468958645223,0.3204225352112676,-0.2216905452008183,0.0
15570,2026-05-15 08:30:00+00:00,-0.08184468958645223,0.3204225352112676,-0.2216905452008183,0.0
15571,2026-05-15 08:35:00+00:00,-0.08184468958645223,0.3204225352112676,-0.21346918066635337,0.297427652733119
15572,2026-05-15 08:40:00+00:00,-0.08184468958645223,0.3204225352112676,-0.21346918066635337,0.297427652733119
15573,2026-05-15 08:45:00+00:00,-0.10116099798742041,0.279507603186097,-0.21346918066635337,0.297427652733119
15574,2026-05-15 08:50:00+00:00,-0.10116099798742041,0.279507603186097,-0.21346918066635337,0.297427652733119
15575,2026-05-15 08:55:00+00:00,-0.10116099798742041,0.279507603186097,-0.2932536073153829,0.297427652733119
15576,2026-05-15 09:00:00+00:00,-0.10116099798742041,0.279507603186097,-0.2932536073153829,0.297427652733119
15577,2026-05-15 09:05:00+00:00,-0.10116099798742041,0.279507603186097,-0.2843012866976358,0.297427652733119
15578,2026-05-15 09:10:00+00:00,-0.10116099798742041,0.279507603186097,-0.23006675056305775,0.297427652733119
15579,2026-05-15 09:15:00+00:00,-0.10116099798742041,0.279507603186097,-0.23006675056305775,0.297427652733119
15580,2026-05-15 09:20:00+00:00,-0.10116099798742041,0.279507603186097,-0.015784743313428676,0.3261802575107296
15581,2026-05-15 09:25:00+00:00,-0.10116099798742041,0.279507603186097,0.029001767344310155,0.3261802575107296
15582,2026-05-15 09:30:00+00:00,-0.10116099798742041,0.279507603186097,0.029001767344310155,0.3261802575107296
15583,2026-05-15 09:35:00+00:00,-0.10116099798742041,0.279507603186097,0.029001767344310155,0.3261802575107296
15584,2026-05-15 09:40:00+00:00,-0.10116099798742041,0.279507603186097,-0.025232768790267875,0.297427652733119
15585,2026-05-15 09:45:00+00:00,-0.10116099798742041,0.279507603186097,-0.025232768790267875,0.297427652733119
15586,2026-05-15 09:50:00+00:00,-0.10116099798742041,0.279507603186097,-0.2843012866976358,0.0
15587,2026-05-15 09:55:00+00:00,-0.0928860396583595,0.279507603186097,-0.2843012866976358,0.0
15588,2026-05-15 10:00:00+00:00,-0.0928860396583595,0.279507603186097,-0.2843012866976358,0.0
15589,2026-05-15 10:05:00+00:00,-0.0928860396583595,0.279507603186097,-0.2843012866976358,0.0
15590,2026-05-15 10:10:00+00:00,-0.0928860396583595,0.279507603186097,-0.2843012866976358,0.0
15591,2026-05-15 10:15:00+00:00,-0.08184468958645223,0.3204225352112676,-0.2932536073153829,0.0
15592,2026-05-15 10:20:00+00:00,-0.08184468958645223,0.3204225352112676,-0.30147497184984784,0.0
15593,2026-05-15 10:25:00+00:00,-0.08184468958645223,0.3204225352112676,-0.30147497184984784,0.0
15594,2026-05-15 10:30:00+00:00,-0.08184468958645223,0.3204225352112676,-0.30147497184984784,0.0
15595,2026-05-15 10:35:00+00:00,-0.08184468958645223,0.3204225352112676,-0.30147497184984784,0.0
15596,2026-05-15 10:40:00+00:00,-0.08184468958645223,0.3204225352112676,-0.30147497184984784,0.0
15597,2026-05-15 10:45:00+00:00,-0.08184468958645223,0.3204225352112676,-0.30147497184984784,0.0
15598,2026-05-15 10:50:00+00:00,-0.08184468958645223,0.3204225352112676,-0.2920673783280757,0.0
15599,2026-05-15 10:55:00+00:00,-0.08184468958645223,0.3204225352112676,-0.21729571755972749,0.0
15600,2026-05-15 11:00:00+00:00,-0.08184468958645223,0.3204225352112676,-0.21729571755972749,0.0
15601,2026-05-15 11:05:00+00:00,-0.08184468958645223,0.3204225352112676,-0.2267033110814996,0.0
15602,2026-05-15 11:10:00+00:00,-0.08184468958645223,0.3204225352112676,-0.2267033110814996,0.0
15603,2026-05-15 11:15:00+00:00,-0.08184468958645223,0.3204225352112676,-0.21708600740870193,0.297427652733119
15604,2026-05-15 11:20:00+00:00,-0.08184468958645223,0.3204225352112676,-0.2267033110814996,0.0
15605,2026-05-15 11:25:00+00:00,-0.08184468958645223,0.3204225352112676,-0.2173906277737426,0.297427652733119
15606,2026-05-15 11:30:00+00:00,-0.08184468958645223,0.3204225352112676,-0.2267033110814996,0.0
15607,2026-05-15 11:35:00+00:00,-0.08184468958645223,0.3204225352112676,-0.22700793144654025,0.0
15608,2026-05-15 11:40:00+00:00,-0.08184468958645223,0.3204225352112676,-0.19583225800325066,0.297427652733119
15609,2026-05-15 11:45:00+00:00,-0.08184468958645223,0.3204225352112676,-0.2267033110814996,0.0
15610,2026-05-15 11:50:00+00:00,-0.08184468958645223,0.3204225352112676,-0.18761089346878573,0.297427652733119
15611,2026-05-15 11:55:00+00:00,-0.08184468958645223,0.3204225352112676,-0.19583225800325066,0.297427652733119
15612,2026-05-15 12:00:00+00:00,-0.08184468958645223,0.3204225352112676,-0.18761089346878573,0.297427652733119
15613,2026-05-15 12:05:00+00:00,-0.08184468958645223,0.3204225352112676,-0.18761089346878573,0.297427652733119
15614,2026-05-15 12:10:00+00:00,-0.08184468958645223,0.3204225352112676,-0.21848194654703468,0.0
15615,2026-05-15 12:15:00+00:00,-0.08184468958645223,0.3204225352112676,-0.21848194654703468,0.0
15616,2026-05-15 12:20:00+00:00,-0.08184468958645223,0.3204225352112676,-0.2267033110814996,0.0
15617,2026-05-15 12:25:00+00:00,-0.08184468958645223,0.3204225352112676,-0.2267033110814996,0.0
15618,2026-05-15 12:30:00+00:00,-0.08184468958645223,0.3204225352112676,-0.2267033110814996,0.0
15619,2026-05-15 12:35:00+00:00,-0.08184468958645223,0.3204225352112676,-0.2267033110814996,0.0
15620,2026-05-15 12:40:00+00:00,-0.08184468958645223,0.3204225352112676,-0.21848194654703468,0.0
15621,2026-05-15 12:45:00+00:00,-0.08184468958645223,0.3204225352112676,-0.21848194654703468,0.0
15622,2026-05-15 12:50:00+00:00,-0.08184468958645223,0.3204225352112676,-0.21848194654703468,0.0
15623,2026-05-15 12:55:00+00:00,-0.08184468958645223,0.3204225352112676,-0.2932536073153829,0.0
15624,2026-05-15 13:00:00+00:00,-0.08184468958645223,0.3204225352112676,-0.2932536073153829,0.0
15625,2026-05-15 13:05:00+00:00,-0.08184468958645223,0.3204225352112676,-0.2932536073153829,0.0
15626,2026-05-15 13:10:00+00:00,-0.08184468958645223,0.3204225352112676,-0.2932536073153829,0.0
15627,2026-05-15 13:15:00+00:00,-0.08184468958645223,0.3204225352112676,-0.30147497184984784,0.0
15628,2026-05-15 13:20:00+00:00,-0.08184468958645223,0.3204225352112676,-0.30147497184984784,0.0
15629,2026-05-15 13:25:00+00:00,-0.08184468958645223,0.3204225352112676,-0.2828774589653092,0.0
15630,2026-05-15 13:30:00+00:00,-0.08184468958645223,0.3204225352112676,-0.30147497184984784,0.0
15631,2026-05-15 13:35:00+00:00,-0.0816523399025459,0.3204225352112676,-0.30147497184984784,0.0
15632,2026-05-15 13:40:00+00:00,-0.0816523399025459,0.3204225352112676,-0.30147497184984784,0.0
15633,2026-05-15 13:45:00+00:00,-0.0816523399025459,0.3204225352112676,-0.30147497184984784,0.0
15634,2026-05-15 13:50:00+00:00,-0.0816523399025459,0.3204225352112676,-0.30147497184984784,0.0
15635,2026-05-15 13:55:00+00:00,-0.0816523399025459,0.3204225352112676,-0.30147497184984784,0.0
15636,2026-05-15 14:00:00+00:00,-0.0816523399025459,0.3204225352112676,-0.2932536073153829,0.0
15637,2026-05-15 14:05:00+00:00,-0.0816523399025459,0.3204225352112676,-0.2932536073153829,0.0
15638,2026-05-15 14:10:00+00:00,-0.08184468958645223,0.3204225352112676,-0.2932536073153829,0.0
15639,2026-05-15 14:15:00+00:00,-0.08184468958645223,0.3204225352112676,-0.30147497184984784,0.0
15640,2026-05-15 14:20:00+00:00,-0.08184468958645223,0.3204225352112676,-0.2920673783280757,0.0
15641,2026-05-15 14:25:00+00:00,-0.08184468958645223,0.3204225352112676,-0.30147497184984784,0.0
15642,2026-05-15 14:30:00+00:00,-0.08184468958645223,0.3204225352112676,-0.30147497184984784,0.0
15643,2026-05-15 14:35:00+00:00,-0.08184468958645223,0.3204225352112676,-0.30147497184984784,0.0
15644,2026-05-15 14:40:00+00:00,-0.08184468958645223,0.3204225352112676,-0.29185766817705017,0.297427652733119
15645,2026-05-15 14:45:00+00:00,-0.08184468958645223,0.3204225352112676,-0.29185766817705017,0.297427652733119
15646,2026-05-15 14:50:00+00:00,-0.08184468958645223,0.3204225352112676,-0.3017795922148885,0.0
15647,2026-05-15 14:55:00+00:00,-0.1132722582824448,0.3204225352112676,-0.24442171112795508,0.0
15648,2026-05-15 15:00:00+00:00,-0.08184468958645223,0.3204225352112676,-0.20874323501522252,0.297427652733119
15649,2026-05-15 15:05:00+00:00,-0.08184468958645223,0.3204225352112676,-0.2441170907629144,0.0
15650,2026-05-15 15:10:00+00:00,-0.08184468958645223,0.3204225352112676,-0.20551938793249624,0.0
15651,2026-05-15 15:15:00+00:00,-0.08184468958645223,0.3204225352112676,-0.21252079993360345,0.0
15652,2026-05-15 15:20:00+00:00,-0.08184468958645223,0.3204225352112676,-0.23474928851950747,0.0
15653,2026-05-15 15:25:00+00:00,-0.08184468958645223,0.3204225352112676,-0.23474928851950747,0.0
15654,2026-05-15 15:30:00+00:00,-0.08184468958645223,0.3204225352112676,-0.2267033110814996,0.0
15655,2026-05-15 15:35:00+00:00,-0.08184468958645223,0.3204225352112676,-0.2267033110814996,0.0
15656,2026-05-15 15:40:00+00:00,-0.08184468958645223,0.3204225352112676,-0.2267033110814996,0.0
15657,2026-05-15 15:45:00+00:00,-0.08184468958645223,0.3204225352112676,-0.2267033110814996,0.0
15658,2026-05-15 15:50:00+00:00,-0.08184468958645223,0.3204225352112676,-0.2267033110814996,0.0
15659,2026-05-15 15:55:00+00:00,-0.08184468958645223,0.3204225352112676,-0.2267033110814996,0.0
15660,2026-05-15 16:00:00+00:00,-0.08184468958645223,0.3204225352112676,-0.2267033110814996,0.0
15661,2026-05-15 16:05:00+00:00,-0.08184468958645223,0.3204225352112676,-0.2267033110814996,0.0
15662,2026-05-15 16:10:00+00:00,-0.08184468958645223,0.3204225352112676,-0.21848194654703468,0.0
15663,2026-05-15 16:15:00+00:00,-0.08184468958645223,0.3204225352112676,-0.21848194654703468,0.0
15664,2026-05-15 16:20:00+00:00,-0.08184468958645223,0.3204225352112676,-0.21848194654703468,0.297427652733119
15665,2026-05-15 16:25:00+00:00,-0.08184468958645223,0.3204225352112676,-0.21848194654703468,0.297427652733119
15666,2026-05-15 16:30:00+00:00,-0.08184468958645223,0.3204225352112676,-0.21848194654703468,0.0
15667,2026-05-15 16:35:00+00:00,-0.08184468958645223,0.3204225352112676,-0.19583225800325066,0.297427652733119
15668,2026-05-15 16:40:00+00:00,-0.08184468958645223,0.3204225352112676,-0.19583225800325066,0.297427652733119
15669,2026-05-15 16:45:00+00:00,-0.08184468958645223,0.3204225352112676,-0.19583225800325066,0.297427652733119
15670,2026-05-15 16:50:00+00:00,-0.08184468958645223,0.3204225352112676,-0.19583225800325066,0.297427652733119
15671,2026-05-15 16:55:00+00:00,-0.08184468958645223,0.3204225352112676,-0.16370694745552783,0.297427652733119
15672,2026-05-15 17:00:00+00:00,-0.08184468958645223,0.3204225352112676,-0.15429935393375574,0.297427652733119
15673,2026-05-15 17:05:00+00:00,-0.08184468958645223,0.3204225352112676,-0.15429935393375574,0.297427652733119
15674,2026-05-15 17:10:00+00:00,-0.1132722582824448,0.3204225352112676,-0.20882485159587189,0.297427652733119
15675,2026-05-15 17:15:00+00:00,-0.1132722582824448,0.3204225352112676,-0.16733173880474211,0.297427652733119
15676,2026-05-15 17:20:00+00:00,-0.1132722582824448,0.3204225352112676,-0.19141889732402614,0.297427652733119
15677,2026-05-15 17:25:00+00:00,-0.0816523399025459,0.3204225352112676,-0.19248117508303692,0.297427652733119
15678,2026-05-15 17:30:00+00:00,-0.11307990859853848,0.3204225352112676,-0.18443519764502905,0.297427652733119
15679,2026-05-15 17:35:00+00:00,-0.11307990859853848,0.3204225352112676,-0.17137780207009556,0.297427652733119
15680,2026-05-15 17:40:00+00:00,-0.12431360835435207,0.279507603186097,-0.16554060668496076,0.297427652733119
15681,2026-05-15 17:45:00+00:00,-0.12431360835435207,0.279507603186097,-0.09532496272842554,0.297427652733119
15682,2026-05-15 17:50:00+00:00,-0.12431360835435207,0.279507603186097,-0.1416963859066529,0.297427652733119
15683,2026-05-15 17:55:00+00:00,-0.12431360835435207,0.279507603186097,-0.01623833888425313,0.3261802575107296
15684,2026-05-15 18:00:00+00:00,-0.12431360835435207,0.279507603186097,-0.01623833888425313,0.3261802575107296
15685,2026-05-15 18:05:00+00:00,-0.12431360835435207,0.279507603186097,0.07948931004145465,0.4412470023980815
15686,2026-05-15 18:10:00+00:00,-0.12431360835435207,0.279507603186097,0.017188376890746482,0.3261802575107296
15687,2026-05-15 18:15:00+00:00,-0.0928860396583595,0.279507603186097,0.07589764996080911,0.4412470023980815
15688,2026-05-15 18:20:00+00:00,-0.0928860396583595,0.279507603186097,0.05651617523291914,0.4412470023980815
15689,2026-05-15 18:25:00+00:00,-0.0928860396583595,0.279507603186097,0.06321104725585441,0.4412470023980815
15690,2026-05-15 18:30:00+00:00,-0.0928860396583595,0.279507603186097,-0.15393076635444167,0.297427652733119
15691,2026-05-15 18:35:00+00:00,-0.0928860396583595,0.279507603186097,-0.16391213939445393,0.297427652733119
15692,2026-05-15 18:40:00+00:00,-0.0928860396583595,0.279507603186097,-0.1946516843061278,0.297427652733119
15693,2026-05-15 18:45:00+00:00,-0.0928860396583595,0.279507603186097,-0.1802788558657447,0.297427652733119
15694,2026-05-15 18:50:00+00:00,-0.0928860396583595,0.279507603186097,-0.17777024045915818,0.297427652733119
15695,2026-05-15 18:55:00+00:00,-0.0928860396583595,0.279507603186097,-0.17777024045915818,0.297427652733119
15696,2026-05-15 19:00:00+00:00,-0.0928860396583595,0.279507603186097,-0.13627712766802844,0.297427652733119
15697,2026-05-15 19:05:00+00:00,-0.0816523399025459,0.3204225352112676,-0.16353156035907082,0.297427652733119
15698,2026-05-15 19:10:00+00:00,-0.0816523399025459,0.3204225352112676,-0.16353156035907082,0.297427652733119
15699,2026-05-15 19:15:00+00:00,-0.0816523399025459,0.3204225352112676,-0.15548558292106293,0.297427652733119
15700,2026-05-15 19:20:00+00:00,-0.0816523399025459,0.3204225352112676,-0.15548558292106293,0.297427652733119
15701,2026-05-15 19:25:00+00:00,-0.0816523399025459,0.3204225352112676,-0.15548558292106293,0.297427652733119
15702,2026-05-15 19:30:00+00:00,-0.0928860396583595,0.279507603186097,-0.15548558292106293,0.297427652733119
15703,2026-05-15 19:35:00+00:00,-0.0928860396583595,0.279507603186097,-0.15548558292106293,0.297427652733119
15704,2026-05-15 19:40:00+00:00,-0.0928860396583595,0.279507603186097,-0.15548558292106293,0.297427652733119
15705,2026-05-15 19:45:00+00:00,-0.0928860396583595,0.279507603186097,-0.15548558292106293,0.297427652733119
15706,2026-05-15 19:50:00+00:00,-0.0816523399025459,0.3204225352112676,-0.15548558292106293,0.297427652733119
15707,2026-05-15 19:55:00+00:00,-0.0816523399025459,0.3204225352112676,-0.18761089346878573,0.297427652733119
15708,2026-05-15 20:00:00+00:00,-0.0816523399025459,0.3204225352112676,-0.18761089346878573,0.297427652733119
15709,2026-05-15 20:05:00+00:00,-0.0816523399025459,0.3204225352112676,-0.18761089346878573,0.297427652733119
15710,2026-05-15 20:10:00+00:00,-0.0928860396583595,0.279507603186097,-0.18761089346878573,0.297427652733119
15711,2026-05-15 20:15:00+00:00,-0.0928860396583595,0.279507603186097,-0.18761089346878573,0.297427652733119
15712,2026-05-15 20:20:00+00:00,-0.0928860396583595,0.279507603186097,-0.18761089346878573,0.297427652733119
15713,2026-05-15 20:25:00+00:00,-0.0928860396583595,0.279507603186097,-0.18761089346878573,0.297427652733119
15714,2026-05-15 20:30:00+00:00,-0.0928860396583595,0.279507603186097,-0.18761089346878573,0.297427652733119
15715,2026-05-15 20:35:00+00:00,-0.0928860396583595,0.279507603186097,-0.18761089346878573,0.297427652733119
15716,2026-05-15 20:40:00+00:00,-0.0928860396583595,0.279507603186097,-0.1786585728510386,0.297427652733119
15717,2026-05-15 20:45:00+00:00,-0.0928860396583595,0.279507603186097,-0.18761089346878573,0.297427652733119
15718,2026-05-15 20:50:00+00:00,-0.0928860396583595,0.279507603186097,-0.18761089346878573,0.297427652733119
15719,2026-05-15 20:55:00+00:00,-0.0928860396583595,0.279507603186097,-0.038163338713881445,0.3261802575107296
15720,2026-05-17 22:00:00+00:00,-0.0928860396583595,0.279507603186097,-0.038163338713881445,0.3261802575107296
15721,2026-05-17 22:05:00+00:00,-0.0928860396583595,0.279507603186097,-0.0475311409572884,0.297427652733119
15722,2026-05-17 22:10:00+00:00,-0.0928860396583595,0.279507603186097,-0.0475311409572884,0.297427652733119
15723,2026-05-17 22:15:00+00:00,-0.0928860396583595,0.279507603186097,-0.0475311409572884,0.297427652733119
15724,2026-05-17 22:20:00+00:00,-0.0928860396583595,0.279507603186097,-0.05557711839529628,0.297427652733119
15725,2026-05-17 22:25:00+00:00,-0.08184468958645223,0.3204225352112676,-0.04620931615188932,0.297427652733119
15726,2026-05-17 22:30:00+00:00,-0.08184468958645223,0.3204225352112676,-0.06379848292976119,0.297427652733119
15727,2026-05-17 22:35:00+00:00,-0.08184468958645223,0.3204225352112676,-0.06379848292976119,0.297427652733119
15728,2026-05-17 22:40:00+00:00,-0.08184468958645223,0.3204225352112676,-0.05575250549175331,0.297427652733119
15729,2026-05-17 22:45:00+00:00,-0.08184468958645223,0.3204225352112676,-0.06379848292976119,0.297427652733119
15730,2026-05-17 22:50:00+00:00,-0.08184468958645223,0.3204225352112676,-0.06379848292976119,0.297427652733119
15731,2026-05-17 22:55:00+00:00,-0.10554416293328063,0.3204225352112676,-0.06379848292976119,0.297427652733119
15732,2026-05-17 23:00:00+00:00,-0.1053518132493743,0.3204225352112676,-0.06379848292976119,0.297427652733119
15733,2026-05-17 23:05:00+00:00,-0.1053518132493743,0.3204225352112676,-0.054430680686354246,0.297427652733119
15734,2026-05-17 23:10:00+00:00,-0.1053518132493743,0.3204225352112676,-0.06379848292976119,0.297427652733119
15735,2026-05-17 23:15:00+00:00,-0.1053518132493743,0.3204225352112676,-0.054430680686354246,0.297427652733119
15736,2026-05-17 23:20:00+00:00,-0.10554416293328063,0.3204225352112676,-0.054430680686354246,0.297427652733119
15737,2026-05-17 23:25:00+00:00,-0.10554416293328063,0.3204225352112676,-0.054430680686354246,0.297427652733119
15738,2026-05-17 23:30:00+00:00,-0.1053518132493743,0.3204225352112676,-0.04638470324834637,0.297427652733119
15739,2026-05-17 23:35:00+00:00,-0.1053518132493743,0.3204225352112676,-0.054430680686354246,0.297427652733119
15740,2026-05-17 23:40:00+00:00,-0.1053518132493743,0.3204225352112676,-0.04638470324834637,0.297427652733119
15741,2026-05-17 23:45:00+00:00,-0.1053518132493743,0.3204225352112676,-0.04638470324834637,0.297427652733119
15742,2026-05-17 23:50:00+00:00,-0.1053518132493743,0.3204225352112676,-0.05575250549175331,0.297427652733119
15743,2026-05-17 23:55:00+00:00,-0.1053518132493743,0.3204225352112676,-0.04638470324834637,0.297427652733119
15744,2026-05-18 00:00:00+00:00,-0.1053518132493743,0.3204225352112676,-0.038163338713881445,0.3261802575107296
15745,2026-05-18 00:05:00+00:00,-0.1053518132493743,0.3204225352112676,-0.04620931615188932,0.297427652733119
15746,2026-05-18 00:10:00+00:00,-0.1053518132493743,0.279507603186097,-0.038163338713881445,0.3261802575107296
15747,2026-05-18 00:15:00+00:00,-0.1053518132493743,0.279507603186097,-0.038163338713881445,0.3261802575107296
15748,2026-05-18 00:20:00+00:00,-0.1053518132493743,0.279507603186097,-0.038163338713881445,0.3261802575107296
15749,2026-05-18 00:25:00+00:00,-0.1165855130051879,0.279507603186097,-0.038163338713881445,0.3261802575107296
15750,2026-05-18 00:30:00+00:00,-0.1165855130051879,0.279507603186097,-0.038163338713881445,0.3261802575107296
15751,2026-05-18 00:35:00+00:00,-0.1165855130051879,0.279507603186097,-0.038163338713881445,0.3261802575107296
15752,2026-05-18 00:40:00+00:00,-0.1165855130051879,0.279507603186097,-0.038163338713881445,0.3261802575107296
15753,2026-05-18 00:45:00+00:00,-0.1165855130051879,0.279507603186097,-0.038163338713881445,0.3261802575107296
15754,2026-05-18 00:50:00+00:00,-0.1165855130051879,0.279507603186097,0.016071197420696598,0.3261802575107296
15755,2026-05-18 00:55:00+00:00,-0.1165855130051879,0.279507603186097,0.03810773546211285,0.3778501628664495
15756,2026-05-18 01:00:00+00:00,-0.1165855130051879,0.279507603186097,0.04747553770551981,0.3778501628664495
15757,2026-05-18 01:05:00+00:00,-0.1165855130051879,0.279507603186097,0.03810773546211285,0.3778501628664495
15758,2026-05-18 01:10:00+00:00,-0.1165855130051879,0.279507603186097,0.03942956026751193,0.3261802575107296
15759,2026-05-18 01:15:00+00:00,-0.1165855130051879,0.279507603186097,0.04747553770551981,0.3261802575107296
15760,2026-05-18 01:20:00+00:00,-0.1165855130051879,0.279507603186097,0.030061758024104972,0.3261802575107296
15761,2026-05-18 01:25:00+00:00,-0.1165855130051879,0.279507603186097,0.03810773546211285,0.3261802575107296
15762,2026-05-18 01:30:00+00:00,-0.1165855130051879,0.279507603186097,0.03810773546211285,0.3261802575107296
15763,2026-05-18 01:35:00+00:00,-0.1165855130051879,0.279507603186097,0.030061758024104972,0.3261802575107296
15764,2026-05-18 01:40:00+00:00,-0.1165855130051879,0.279507603186097,0.030061758024104972,0.3261802575107296
15765,2026-05-18 01:45:00+00:00,-0.1165855130051879,0.279507603186097,0.030061758024104972,0.3261802575107296
15766,2026-05-18 01:50:00+00:00,-0.1165855130051879,0.279507603186097,0.030061758024104972,0.3261802575107296
15767,2026-05-18 01:55:00+00:00,-0.12266932960337912,0.279507603186097,0.025332020326384395,0.3778501628664495
15768,2026-05-18 02:00:00+00:00,-0.12266932960337912,0.279507603186097,0.025332020326384395,0.3778501628664495
15769,2026-05-18 02:05:00+00:00,-0.12266932960337912,0.279507603186097,0.025332020326384395,0.3778501628664495
15770,2026-05-18 02:10:00+00:00,-0.12266932960337912,0.279507603186097,0.061199356080051684,0.3778501628664495
15771,2026-05-18 02:15:00+00:00,-0.12266932960337912,0.279507603186097,0.025332020326384395,0.3778501628664495
15772,2026-05-18 02:20:00+00:00,-0.12266932960337912,0.279507603186097,0.061199356080051684,0.3778501628664495
15773,2026-05-18 02:25:00+00:00,-0.12266932960337912,0.279507603186097,0.025332020326384395,0.3778501628664495
15774,2026-05-18 02:30:00+00:00,-0.12266932960337912,0.279507603186097,0.025332020326384395,0.3778501628664495
15775,2026-05-18 02:35:00+00:00,-0.12266932960337912,0.279507603186097,0.061199356080051684,0.3778501628664495
15776,2026-05-18 02:40:00+00:00,-0.12266932960337912,0.279507603186097,0.025332020326384395,0.3261802575107296
15777,2026-05-18 02:45:00+00:00,-0.12266932960337912,0.279507603186097,0.025332020326384395,0.3261802575107296
15778,2026-05-18 02:50:00+00:00,-0.12266932960337912,0.279507603186097,0.13278869578865832,0.4412470023980815
15779,2026-05-18 02:55:00+00:00,-0.13094428793244003,0.279507603186097,0.13862581933028575,0.4412470023980815
15780,2026-05-18 03:00:00+00:00,-0.13094428793244003,0.279507603186097,0.13862581933028575,0.4412470023980815
15781,2026-05-18 03:05:00+00:00,-0.13094428793244003,0.279507603186097,0.13862581933028575,0.4412470023980815
15782,2026-05-18 03:10:00+00:00,-0.13094428793244003,0.279507603186097,0.13862581933028575,0.4412470023980815
15783,2026-05-18 03:15:00+00:00,-0.13094428793244003,0.279507603186097,0.13862581933028575,0.4412470023980815
15784,2026-05-18 03:20:00+00:00,-0.13094428793244003,0.279507603186097,0.13862581933028575,0.4412470023980815
15785,2026-05-18 03:25:00+00:00,-0.13094428793244003,0.279507603186097,0.031169143868011857,0.3261802575107296
15786,2026-05-18 03:30:00+00:00,-0.13094428793244003,0.279507603186097,0.031169143868011857,0.3261802575107296
15787,2026-05-18 03:35:00+00:00,-0.11162797953147185,0.279507603186097,0.031169143868011857,0.3261802575107296
15788,2026-05-18 03:40:00+00:00,-0.11162797953147185,0.279507603186097,0.06703647962167915,0.4412470023980815
15789,2026-05-18 03:45:00+00:00,-0.11162797953147185,0.279507603186097,0.07126515622332931,0.4412470023980815
15790,2026-05-18 03:50:00+00:00,-0.11162797953147185,0.279507603186097,0.07126515622332931,0.4412470023980815
15791,2026-05-18 03:55:00+00:00,-0.11143562984756553,0.279507603186097,0.09570103550363426,0.4412470023980815
15792,2026-05-18 04:00:00+00:00,-0.11143562984756553,0.279507603186097,0.09570103550363426,0.4412470023980815
15793,2026-05-18 04:05:00+00:00,-0.11143562984756553,0.279507603186097,0.09570103550363426,0.3778501628664495
15794,2026-05-18 04:10:00+00:00,-0.11143562984756553,0.279507603186097,0.09570103550363426,0.3778501628664495
15795,2026-05-18 04:15:00+00:00,-0.11143562984756553,0.279507603186097,0.09570103550363426,0.3778501628664495
15796,2026-05-18 04:20:00+00:00,-0.11143562984756553,0.279507603186097,0.03844232573940582,0.3261802575107296
15797,2026-05-18 04:25:00+00:00,-0.11143562984756553,0.279507603186097,0.03421364913775566,0.3261802575107296
15798,2026-05-18 04:30:00+00:00,-0.11143562984756553,0.279507603186097,0.0914723589019841,0.3778501628664495
15799,2026-05-18 04:35:00+00:00,-0.11162797953147185,0.279507603186097,0.08253102602753803,0.3778501628664495
15800,2026-05-18 04:40:00+00:00,-0.11162797953147185,0.279507603186097,0.08253102602753803,0.3778501628664495
15801,2026-05-18 04:45:00+00:00,-0.11162797953147185,0.279507603186097,0.08253102602753803,0.3778501628664495
15802,2026-05-18 04:50:00+00:00,-0.11162797953147185,0.279507603186097,0.08253102602753803,0.4412470023980815
15803,2026-05-18 04:55:00+00:00,-0.11162797953147185,0.279507603186097,0.08253102602753803,0.4412470023980815
15804,2026-05-18 05:00:00+00:00,-0.11162797953147185,0.279507603186097,0.03844232573940582,0.3261802575107296
15805,2026-05-18 05:05:00+00:00,-0.11162797953147185,0.279507603186097,0.07830234942588787,0.4412470023980815
15806,2026-05-18 05:10:00+00:00,-0.11162797953147185,0.279507603186097,0.07830234942588787,0.4412470023980815
15807,2026-05-18 05:15:00+00:00,-0.11162797953147185,0.279507603186097,0.07830234942588787,0.4412470023980815
15808,2026-05-18 05:20:00+00:00,-0.11162797953147185,0.279507603186097,0.08253102602753803,0.4412470023980815
15809,2026-05-18 05:25:00+00:00,-0.11162797953147185,0.279507603186097,0.08253102602753803,0.3778501628664495
15810,2026-05-18 05:30:00+00:00,-0.11143562984756553,0.279507603186097,0.08253102602753803,0.4412470023980815
15811,2026-05-18 05:35:00+00:00,-0.11143562984756553,0.279507603186097,0.09570103550363426,0.4412470023980815
15812,2026-05-18 05:40:00+00:00,-0.11143562984756553,0.279507603186097,0.09570103550363426,0.4412470023980815
15813,2026-05-18 05:45:00+00:00,-0.11143562984756553,0.279507603186097,0.10763139824975823,0.4412470023980815
15814,2026-05-18 05:50:00+00:00,-0.11143562984756553,0.279507603186097,0.03844232573940582,0.3261802575107296
15815,2026-05-18 05:55:00+00:00,-0.11143562984756553,0.279507603186097,0.022947779333546935,0.3261802575107296
15816,2026-05-18 06:00:00+00:00,-0.11143562984756553,0.279507603186097,0.022947779333546935,0.3261802575107296
15817,2026-05-18 06:05:00+00:00,-0.11143562984756553,0.279507603186097,0.09213685184389935,0.4412470023980815
15818,2026-05-18 06:10:00+00:00,-0.11143562984756553,0.279507603186097,0.09213685184389935,0.4412470023980815
15819,2026-05-18 06:15:00+00:00,-0.11143562984756553,0.279507603186097,0.022947779333546935,0.3261802575107296
15820,2026-05-18 06:20:00+00:00,-0.11143562984756553,0.279507603186097,0.08020648909777538,0.4412470023980815
15821,2026-05-18 06:25:00+00:00,-0.11143562984756553,0.279507603186097,0.0963655284455495,0.4412470023980815
15822,2026-05-18 06:30:00+00:00,-0.11143562984756553,0.279507603186097,0.09213685184389935,0.4412470023980815
15823,2026-05-18 06:35:00+00:00,-0.11143562984756553,0.279507603186097,0.0963655284455495,0.4412470023980815
15824,2026-05-18 06:40:00+00:00,-0.11143562984756553,0.279507603186097,0.08443516569942554,0.4412470023980815
15825,2026-05-18 06:45:00+00:00,-0.11143562984756553,0.279507603186097,0.08443516569942554,0.4412470023980815
15826,2026-05-18 06:50:00+00:00,-0.11143562984756553,0.279507603186097,0.08443516569942554,0.4412470023980815
15827,2026-05-18 06:55:00+00:00,-0.11143562984756553,0.279507603186097,0.09570103550363426,0.4412470023980815
15828,2026-05-18 07:00:00+00:00,-0.11143562984756553,0.279507603186097,0.09570103550363426,0.4412470023980815
15829,2026-05-18 07:05:00+00:00,-0.11143562984756553,0.279507603186097,0.09570103550363426,0.4412470023980815
15830,2026-05-18 07:10:00+00:00,-0.11143562984756553,0.279507603186097,0.10295847465647359,0.4412470023980815
15831,2026-05-18 07:15:00+00:00,-0.11143562984756553,0.279507603186097,0.10295847465647359,0.4412470023980815
15832,2026-05-18 07:20:00+00:00,-0.11143562984756553,0.279507603186097,0.11488883740259756,0.4412470023980815
15833,2026-05-18 07:25:00+00:00,-0.11143562984756553,0.279507603186097,0.0914723589019841,0.3778501628664495
15834,2026-05-18 07:30:00+00:00,-0.11143562984756553,0.279507603186097,0.09570103550363426,0.3778501628664495
15835,2026-05-18 07:35:00+00:00,-0.11143562984756553,0.279507603186097,0.09570103550363426,0.4412470023980815
15836,2026-05-18 07:40:00+00:00,-0.11143562984756553,0.279507603186097,0.09570103550363426,0.4412470023980815
15837,2026-05-18 07:45:00+00:00,-0.11143562984756553,0.279507603186097,0.10763139824975823,0.4412470023980815
15838,2026-05-18 07:50:00+00:00,-0.11143562984756553,0.279507603186097,0.09570103550363426,0.4412470023980815
15839,2026-05-18 07:55:00+00:00,-0.11143562984756553,0.279507603186097,0.09570103550363426,0.4412470023980815
15840,2026-05-18 08:00:00+00:00,-0.11143562984756553,0.279507603186097,0.11072604930206013,0.4412470023980815
15841,2026-05-18 08:05:00+00:00,-0.11162797953147185,0.279507603186097,0.10481347897880323,0.4412470023980815
15842,2026-05-18 08:10:00+00:00,-0.11162797953147185,0.279507603186097,0.10481347897880323,0.4412470023980815
15843,2026-05-18 08:15:00+00:00,-0.11162797953147185,0.279507603186097,0.10481347897880323,0.4412470023980815
15844,2026-05-18 08:20:00+00:00,-0.11143562984756553,0.279507603186097,0.08978846518037736,0.4412470023980815
15845,2026-05-18 08:25:00+00:00,-0.11143562984756553,0.279507603186097,0.10295847465647359,0.4412470023980815
15846,2026-05-18 08:30:00+00:00,-0.11143562984756553,0.279507603186097,0.10295847465647359,0.4412470023980815
15847,2026-05-18 08:35:00+00:00,-0.11143562984756553,0.279507603186097,0.10295847465647359,0.4412470023980815
15848,2026-05-18 08:40:00+00:00,-0.11143562984756553,0.279507603186097,0.10295847465647359,0.4412470023980815
15849,2026-05-18 08:45:00+00:00,-0.11143562984756553,0.279507603186097,0.10295847465647359,0.4412470023980815
15850,2026-05-18 08:50:00+00:00,-0.11143562984756553,0.279507603186097,0.10295847465647359,0.3778501628664495
15851,2026-05-18 08:55:00+00:00,-0.11143562984756553,0.279507603186097,0.11798348845489946,0.4412470023980815
15852,2026-05-18 09:00:00+00:00,-0.11143562984756553,0.279507603186097,0.11111073583229385,0.4412470023980815
15853,2026-05-18 09:05:00+00:00,-0.11143562984756553,0.279507603186097,0.12613574963071972,0.4412470023980815
15854,2026-05-18 09:10:00+00:00,-0.11143562984756553,0.279507603186097,0.12991385120102342,0.4412470023980815
15855,2026-05-18 09:15:00+00:00,-0.11143562984756553,0.279507603186097,0.11488883740259756,0.4412470023980815
15856,2026-05-18 09:20:00+00:00,-0.11143562984756553,0.279507603186097,0.12991385120102342,0.4412470023980815
15857,2026-05-18 09:25:00+00:00,-0.11143562984756553,0.279507603186097,0.12991385120102342,0.4412470023980815
15858,2026-05-18 09:30:00+00:00,-0.11143562984756553,0.279507603186097,0.12991385120102342,0.4412470023980815
15859,2026-05-18 09:35:00+00:00,-0.11143562984756553,0.279507603186097,0.11488883740259756,0.4412470023980815
15860,2026-05-18 09:40:00+00:00,-0.11143562984756553,0.279507603186097,0.11488883740259756,0.4412470023980815
15861,2026-05-18 09:45:00+00:00,-0.11143562984756553,0.279507603186097,0.11488883740259756,0.4412470023980815
15862,2026-05-18 09:50:00+00:00,-0.11143562984756553,0.279507603186097,0.11488883740259756,0.4412470023980815
15863,2026-05-18 09:55:00+00:00,-0.11143562984756553,0.279507603186097,0.1090517138609701,0.4412470023980815
15864,2026-05-18 10:00:00+00:00,-0.11143562984756553,0.279507603186097,0.03260520219777837,0.3261802575107296
15865,2026-05-18 10:05:00+00:00,-0.11143562984756553,0.279507603186097,0.028376525596128188,0.3261802575107296
15866,2026-05-18 10:10:00+00:00,-0.11143562984756553,0.279507603186097,0.028376525596128188,0.3261802575107296
15867,2026-05-18 10:15:00+00:00,-0.11143562984756553,0.279507603186097,0.10482303725931993,0.4412470023980815
15868,2026-05-18 10:20:00+00:00,-0.11143562984756553,0.279507603186097,0.04082656673224328,0.3778501628664495
15869,2026-05-18 10:25:00+00:00,-0.11143562984756553,0.279507603186097,0.03659789013059312,0.34408602150537637
15870,2026-05-18 10:30:00+00:00,-0.11143562984756553,0.279507603186097,0.03659789013059312,0.34408602150537637
15871,2026-05-18 10:35:00+00:00,-0.12266932960337912,0.279507603186097,0.03659789013059312,0.34408602150537637
15872,2026-05-18 10:40:00+00:00,-0.12266932960337912,0.279507603186097,0.10482303725931993,0.4412470023980815
15873,2026-05-18 10:45:00+00:00,-0.12266932960337912,0.279507603186097,0.1090517138609701,0.4412470023980815
15874,2026-05-18 10:50:00+00:00,-0.12266932960337912,0.279507603186097,0.1090517138609701,0.4412470023980815
15875,2026-05-18 10:55:00+00:00,-0.1165855130051879,0.279507603186097,0.1032048407802033,0.4412470023980815
15876,2026-05-18 11:00:00+00:00,-0.1165855130051879,0.279507603186097,0.039208370253126644,0.3778501628664495
15877,2026-05-18 11:05:00+00:00,-0.1165855130051879,0.279507603186097,0.03497969365147648,0.34408602150537637
15878,2026-05-18 11:10:00+00:00,-0.1165855130051879,0.279507603186097,0.09127447803407933,0.4412470023980815
15879,2026-05-18 11:15:00+00:00,-0.1165855130051879,0.279507603186097,0.10743351738185346,0.4412470023980815
15880,2026-05-18 11:20:00+00:00,-0.1053518132493743,0.279507603186097,0.03497969365147648,0.3778501628664495
15881,2026-05-18 11:25:00+00:00,-0.1053518132493743,0.279507603186097,0.03497969365147648,0.34408602150537637
15882,2026-05-18 11:30:00+00:00,-0.1053518132493743,0.279507603186097,0.08401703888124,0.4412470023980815
15883,2026-05-18 11:35:00+00:00,-0.1053518132493743,0.279507603186097,0.08824571548289016,0.3778501628664495
15884,2026-05-18 11:40:00+00:00,-0.1053518132493743,0.279507603186097,0.08824571548289016,0.3778501628664495
15885,2026-05-18 11:45:00+00:00,-0.1053518132493743,0.279507603186097,0.08824571548289016,0.3778501628664495
15886,2026-05-18 11:50:00+00:00,-0.1053518132493743,0.279507603186097,0.08824571548289016,0.3778501628664495
15887,2026-05-18 11:55:00+00:00,-0.1053518132493743,0.279507603186097,0.08824571548289016,0.3778501628664495
15888,2026-05-18 12:00:00+00:00,-0.1053518132493743,0.279507603186097,0.08824571548289016,0.3778501628664495
15889,2026-05-18 12:05:00+00:00,-0.1053518132493743,0.279507603186097,0.08824571548289016,0.3778501628664495
15890,2026-05-18 12:10:00+00:00,-0.1053518132493743,0.279507603186097,0.09591290434070615,0.3778501628664495
15891,2026-05-18 12:15:00+00:00,-0.10554416293328063,0.279507603186097,0.08274289486460992,0.3778501628664495
15892,2026-05-18 12:20:00+00:00,-0.10554416293328063,0.279507603186097,0.08274289486460992,0.3778501628664495
15893,2026-05-18 12:25:00+00:00,-0.10554416293328063,0.279507603186097,0.08274289486460992,0.3778501628664495
15894,2026-05-18 12:30:00+00:00,-0.10554416293328063,0.279507603186097,0.08274289486460992,0.3778501628664495
15895,2026-05-18 12:35:00+00:00,-0.10554416293328063,0.279507603186097,0.08274289486460992,0.3778501628664495
15896,2026-05-18 12:40:00+00:00,-0.10554416293328063,0.279507603186097,0.08274289486460992,0.3778501628664495
15897,2026-05-18 12:45:00+00:00,-0.10554416293328063,0.279507603186097,0.08274289486460992,0.3778501628664495
15898,2026-05-18 12:50:00+00:00,-0.10554416293328063,0.279507603186097,0.07507570600679393,0.3778501628664495
15899,2026-05-18 12:55:00+00:00,-0.10554416293328063,0.279507603186097,0.08274289486460992,0.3778501628664495
15900,2026-05-18 13:00:00+00:00,-0.10554416293328063,0.279507603186097,0.08274289486460992,0.3778501628664495
15901,2026-05-18 13:05:00+00:00,-0.10554416293328063,0.279507603186097,0.08274289486460992,0.3778501628664495
15902,2026-05-18 13:10:00+00:00,-0.10554416293328063,0.279507603186097,0.08274289486460992,0.3778501628664495
15903,2026-05-18 13:15:00+00:00,-0.10554416293328063,0.279507603186097,0.08274289486460992,0.3778501628664495
15904,2026-05-18 13:20:00+00:00,-0.10554416293328063,0.279507603186097,0.08274289486460992,0.3778501628664495
15905,2026-05-18 13:25:00+00:00,-0.10554416293328063,0.279507603186097,0.08274289486460992,0.3778501628664495
15906,2026-05-18 13:30:00+00:00,-0.10554416293328063,0.279507603186097,0.08274289486460992,0.3778501628664495
15907,2026-05-18 13:35:00+00:00,-0.10554416293328063,0.279507603186097,0.08274289486460992,0.3778501628664495
15908,2026-05-18 13:40:00+00:00,-0.10554416293328063,0.279507603186097,0.08274289486460992,0.3778501628664495
15909,2026-05-18 13:45:00+00:00,-0.10554416293328063,0.279507603186097,0.08274289486460992,0.3778501628664495
15910,2026-05-18 13:50:00+00:00,-0.10554416293328063,0.279507603186097,0.08274289486460992,0.3778501628664495
15911,2026-05-18 13:55:00+00:00,-0.10554416293328063,0.279507603186097,0.08274289486460992,0.3778501628664495
15912,2026-05-18 14:00:00+00:00,-0.10554416293328063,0.279507603186097,0.08274289486460992,0.3778501628664495
15913,2026-05-18 14:05:00+00:00,-0.10554416293328063,0.279507603186097,0.08274289486460992,0.3778501628664495
15914,2026-05-18 14:10:00+00:00,-0.10554416293328063,0.279507603186097,0.08274289486460992,0.3778501628664495
15915,2026-05-18 14:15:00+00:00,-0.10554416293328063,0.279507603186097,0.08274289486460992,0.4412470023980815
15916,2026-05-18 14:20:00+00:00,-0.10554416293328063,0.279507603186097,0.08274289486460992,0.3778501628664495
15917,2026-05-18 14:25:00+00:00,-0.10554416293328063,0.279507603186097,0.08274289486460992,0.3778501628664495
15918,2026-05-18 14:30:00+00:00,-0.10554416293328063,0.279507603186097,0.08274289486460992,0.3778501628664495
15919,2026-05-18 14:35:00+00:00,-0.10554416293328063,0.279507603186097,0.08274289486460992,0.3778501628664495
15920,2026-05-18 14:40:00+00:00,-0.10554416293328063,0.279507603186097,0.08274289486460992,0.3778501628664495
15921,2026-05-18 14:45:00+00:00,-0.10554416293328063,0.279507603186097,0.08274289486460992,0.3778501628664495
15922,2026-05-18 14:50:00+00:00,-0.10554416293328063,0.279507603186097,0.08274289486460992,0.3778501628664495
15923,2026-05-18 14:55:00+00:00,-0.10554416293328063,0.279507603186097,0.07147702506040121,0.3778501628664495
15924,2026-05-18 15:00:00+00:00,-0.10554416293328063,0.279507603186097,0.04102475786968126,0.3261802575107296
15925,2026-05-18 15:05:00+00:00,-0.10554416293328063,0.279507603186097,0.023713823847267758,0.3261802575107296
15926,2026-05-18 15:10:00+00:00,-0.1165855130051879,0.279507603186097,0.059581159600935046,0.3778501628664495
15927,2026-05-18 15:15:00+00:00,-0.1165855130051879,0.279507603186097,0.02794250044891792,0.3261802575107296
15928,2026-05-18 15:20:00+00:00,-0.1165855130051879,0.279507603186097,0.059581159600935046,0.3778501628664495
15929,2026-05-18 15:25:00+00:00,-0.1165855130051879,0.279507603186097,0.023713823847267758,0.3261802575107296
15930,2026-05-18 15:30:00+00:00,-0.1165855130051879,0.279507603186097,0.059581159600935046,0.3778501628664495
15931,2026-05-18 15:35:00+00:00,-0.1165855130051879,0.279507603186097,0.059581159600935046,0.3778501628664495
15932,2026-05-18 15:40:00+00:00,-0.1165855130051879,0.279507603186097,0.044010975554849056,0.3261802575107296
15933,2026-05-18 15:45:00+00:00,-0.1165855130051879,0.279507603186097,0.18772542864630792,0.4412470023980815
15934,2026-05-18 15:50:00+00:00,-0.1165855130051879,0.279507603186097,0.18772542864630792,0.4412470023980815
15935,2026-05-18 15:55:00+00:00,-0.1165855130051879,0.279507603186097,0.1856961466706562,0.4412470023980815
15936,2026-05-18 16:00:00+00:00,-0.1165855130051879,0.279507603186097,0.18991970423060042,0.4412470023980815
15937,2026-05-18 16:05:00+00:00,-0.1165855130051879,0.279507603186097,0.1908238160813973,0.4412470023980815
15938,2026-05-18 16:10:00+00:00,-0.1165855130051879,0.279507603186097,0.2040771398881813,0.4412470023980815
15939,2026-05-18 16:15:00+00:00,-0.1165855130051879,0.279507603186097,0.21343348590057257,0.4412470023980815
15940,2026-05-18 16:20:00+00:00,-0.1165855130051879,0.279507603186097,0.21343348590057257,0.4412470023980815
15941,2026-05-18 16:25:00+00:00,-0.1165855130051879,0.279507603186097,0.19065463667186733,0.4412470023980815
15942,2026-05-18 16:30:00+00:00,-0.1165855130051879,0.279507603186097,0.021679422829910082,0.3261802575107296
15943,2026-05-18 16:35:00+00:00,-0.1165855130051879,0.279507603186097,0.053323201023633145,0.3261802575107296
15944,2026-05-18 16:40:00+00:00,-0.1053518132493743,0.279507603186097,0.07072188710137954,0.3778501628664495
15945,2026-05-18 16:45:00+00:00,-0.1053518132493743,0.279507603186097,0.07072188710137954,0.3778501628664495
15946,2026-05-18 16:50:00+00:00,-0.1053518132493743,0.279507603186097,0.07072188710137954,0.3778501628664495
15947,2026-05-18 16:55:00+00:00,-0.1053518132493743,0.279507603186097,0.029158894068015345,0.3261802575107296
15948,2026-05-18 17:00:00+00:00,-0.1053518132493743,0.279507603186097,0.012545108902784725,0.3261802575107296
15949,2026-05-18 17:05:00+00:00,-0.1053518132493743,0.279507603186097,0.019802548055624057,0.3261802575107296
15950,2026-05-18 17:10:00+00:00,-0.1053518132493743,0.279507603186097,0.029158894068015345,0.3261802575107296
15951,2026-05-18 17:15:00+00:00,-0.1053518132493743,0.279507603186097,0.029158894068015345,0.3261802575107296
15952,2026-05-18 17:20:00+00:00,-0.1053518132493743,0.279507603186097,0.029158894068015345,0.3261802575107296
15953,2026-05-18 17:25:00+00:00,-0.1053518132493743,0.279507603186097,0.03682608292583134,0.34408602150537637
15954,2026-05-18 17:30:00+00:00,-0.1053518132493743,0.279507603186097,0.029158894068015345,0.3261802575107296
15955,2026-05-18 17:35:00+00:00,-0.10554416293328063,0.279507603186097,0.023656073449735103,0.3261802575107296
15956,2026-05-18 17:40:00+00:00,-0.10554416293328063,0.279507603186097,0.023656073449735103,0.3261802575107296
15957,2026-05-18 17:45:00+00:00,-0.10554416293328063,0.279507603186097,0.023656073449735103,0.3261802575107296
15958,2026-05-18 17:50:00+00:00,-0.10554416293328063,0.279507603186097,0.023656073449735103,0.3261802575107296
15959,2026-05-18 17:55:00+00:00,-0.10554416293328063,0.279507603186097,0.023656073449735103,0.3261802575107296
15960,2026-05-18 18:00:00+00:00,-0.10554416293328063,0.279507603186097,0.023656073449735103,0.3261802575107296
15961,2026-05-18 18:05:00+00:00,-0.10554416293328063,0.279507603186097,0.01598888459191911,0.3261802575107296
15962,2026-05-18 18:10:00+00:00,-0.10554416293328063,0.279507603186097,0.01176020799026895,0.3261802575107296
15963,2026-05-18 18:15:00+00:00,-0.10554416293328063,0.279507603186097,-0.04049004330149946,0.3261802575107296
15964,2026-05-18 18:20:00+00:00,-0.10554416293328063,0.279507603186097,-0.03649735536868472,0.3261802575107296
15965,2026-05-18 18:25:00+00:00,-0.10554416293328063,0.279507603186097,-0.03649735536868472,0.3261802575107296
15966,2026-05-18 18:30:00+00:00,-0.10554416293328063,0.279507603186097,-0.03649735536868472,0.3261802575107296
15967,2026-05-18 18:35:00+00:00,-0.10554416293328063,0.279507603186097,-0.03649735536868472,0.3261802575107296
15968,2026-05-18 18:40:00+00:00,-0.1165855130051879,0.279507603186097,-0.03649735536868472,0.3261802575107296
15969,2026-05-18 18:45:00+00:00,-0.1165855130051879,0.279507603186097,-0.03649735536868472,0.3261802575107296
15970,2026-05-18 18:50:00+00:00,-0.1165855130051879,0.279507603186097,-0.03649735536868472,0.3261802575107296
15971,2026-05-18 18:55:00+00:00,-0.1165855130051879,0.279507603186097,-0.03649735536868472,0.3261802575107296
15972,2026-05-18 19:00:00+00:00,-0.1165855130051879,0.279507603186097,0.008316432301134562,0.3261802575107296
15973,2026-05-18 19:05:00+00:00,-0.1165855130051879,0.279507603186097,0.012545108902784725,0.3261802575107296
15974,2026-05-18 19:10:00+00:00,-0.1165855130051879,0.279507603186097,-0.0006249005733115021,0.3261802575107296
15975,2026-05-18 19:15:00+00:00,-0.1165855130051879,0.279507603186097,-0.0006249005733115021,0.3261802575107296
15976,2026-05-18 19:20:00+00:00,-0.1165855130051879,0.279507603186097,0.012545108902784725,0.3261802575107296
15977,2026-05-18 19:25:00+00:00,-0.1165855130051879,0.279507603186097,0.012545108902784725,0.3261802575107296
15978,2026-05-18 19:30:00+00:00,-0.1165855130051879,0.279507603186097,0.012545108902784725,0.3261802575107296
15979,2026-05-18 19:35:00+00:00,-0.1165855130051879,0.279507603186097,0.02021229776060072,0.3261802575107296
15980,2026-05-18 19:40:00+00:00,-0.1053518132493743,0.279507603186097,0.03682608292583134,0.34408602150537637
15981,2026-05-18 19:45:00+00:00,-0.10554416293328063,0.279507603186097,0.023656073449735103,0.3261802575107296
15982,2026-05-18 19:50:00+00:00,-0.10554416293328063,0.279507603186097,0.01598888459191911,0.3261802575107296
15983,2026-05-18 19:55:00+00:00,-0.10554416293328063,0.279507603186097,0.01598888459191911,0.3261802575107296
15984,2026-05-18 20:00:00+00:00,-0.10554416293328063,0.279507603186097,0.01598888459191911,0.3261802575107296
15985,2026-05-18 20:05:00+00:00,-0.10554416293328063,0.279507603186097,0.023656073449735103,0.3261802575107296
15986,2026-05-18 20:10:00+00:00,-0.10554416293328063,0.279507603186097,0.023656073449735103,0.3261802575107296
15987,2026-05-18 20:15:00+00:00,-0.10554416293328063,0.279507603186097,0.023656073449735103,0.3261802575107296
15988,2026-05-18 20:20:00+00:00,-0.10554416293328063,0.279507603186097,0.04839409859618701,0.3261802575107296
15989,2026-05-18 20:25:00+00:00,-0.10554416293328063,0.279507603186097,0.023656073449735103,0.3261802575107296
15990,2026-05-18 20:30:00+00:00,-0.10554416293328063,0.279507603186097,0.023656073449735103,0.3261802575107296
15991,2026-05-18 20:35:00+00:00,-0.10554416293328063,0.279507603186097,0.04839409859618701,0.3261802575107296
15992,2026-05-18 20:40:00+00:00,-0.10554416293328063,0.279507603186097,0.04839409859618701,0.3261802575107296
15993,2026-05-18 20:45:00+00:00,-0.10028335329241546,0.279507603186097,0.04839409859618701,0.3261802575107296
15994,2026-05-18 20:50:00+00:00,-0.10028335329241546,0.279507603186097,0.04839409859618701,0.3261802575107296
15995,2026-05-18 20:55:00+00:00,-0.10028335329241546,0.279507603186097,0.04839409859618701,0.3261802575107296
15996,2026-05-18 22:00:00+00:00,-0.10028335329241546,0.279507603186097,0.04839409859618701,0.3261802575107296
15997,2026-05-18 22:05:00+00:00,-0.10028335329241546,0.279507603186097,0.04839409859618701,0.3261802575107296
15998,2026-05-18 22:10:00+00:00,-0.10028335329241546,0.279507603186097,0.03682608292583134,0.3261802575107296
15999,2026-05-18 22:15:00+00:00,-0.10028335329241546,0.279507603186097,0.03682608292583134,0.3261802575107296
16000,2026-05-18 22:20:00+00:00,-0.10028335329241546,0.279507603186097,0.03682608292583134,0.3261802575107296
16001,2026-05-18 22:25:00+00:00,-0.10028335329241546,0.279507603186097,0.03682608292583134,0.3261802575107296
16002,2026-05-18 22:30:00+00:00,-0.10028335329241546,0.279507603186097,0.03682608292583134,0.3261802575107296
16003,2026-05-18 22:35:00+00:00,-0.10028335329241546,0.279507603186097,0.03682608292583134,0.3261802575107296
16004,2026-05-18 22:40:00+00:00,-0.10028335329241546,0.279507603186097,0.03682608292583134,0.3261802575107296
16005,2026-05-18 22:45:00+00:00,-0.10028335329241546,0.279507603186097,0.03682608292583134,0.3261802575107296
16006,2026-05-18 22:50:00+00:00,-0.10028335329241546,0.279507603186097,0.03682608292583134,0.3261802575107296
16007,2026-05-18 22:55:00+00:00,-0.10028335329241546,0.3204225352112676,0.04023892461660688,0.3261802575107296
16008,2026-05-18 23:00:00+00:00,-0.10028335329241546,0.3204225352112676,0.04023892461660688,0.3261802575107296
16009,2026-05-18 23:05:00+00:00,-0.10028335329241546,0.3204225352112676,0.05180694028696255,0.3261802575107296
16010,2026-05-18 23:10:00+00:00,-0.10028335329241546,0.3204225352112676,0.05180694028696255,0.3261802575107296
16011,2026-05-18 23:15:00+00:00,-0.10028335329241546,0.3204225352112676,0.05180694028696255,0.3261802575107296
16012,2026-05-18 23:20:00+00:00,-0.10028335329241546,0.3204225352112676,0.027068915140510644,0.3261802575107296
16013,2026-05-18 23:25:00+00:00,-0.10028335329241546,0.3204225352112676,0.027068915140510644,0.3261802575107296
16014,2026-05-18 23:30:00+00:00,-0.10028335329241546,0.3204225352112676,0.04023892461660688,0.3261802575107296
16015,2026-05-18 23:35:00+00:00,-0.10028335329241546,0.3204225352112676,0.027068915140510644,0.3261802575107296
16016,2026-05-18 23:40:00+00:00,-0.10028335329241546,0.3204225352112676,0.027068915140510644,0.3261802575107296
16017,2026-05-18 23:45:00+00:00,-0.10028335329241546,0.3204225352112676,0.027068915140510644,0.3261802575107296
16018,2026-05-18 23:50:00+00:00,-0.10028335329241546,0.3204225352112676,0.027068915140510644,0.3261802575107296
16019,2026-05-18 23:55:00+00:00,-0.10028335329241546,0.3204225352112676,0.027068915140510644,0.3261802575107296
16020,2026-05-19 00:00:00+00:00,-0.10028335329241546,0.3204225352112676,0.027068915140510644,0.3261802575107296
16021,2026-05-19 00:05:00+00:00,-0.10028335329241546,0.3204225352112676,0.027068915140510644,0.3261802575107296
16022,2026-05-19 00:10:00+00:00,-0.10028335329241546,0.3204225352112676,0.027068915140510644,0.3261802575107296
16023,2026-05-19 00:15:00+00:00,-0.10028335329241546,0.3204225352112676,0.027068915140510644,0.3261802575107296
16024,2026-05-19 00:20:00+00:00,-0.10028335329241546,0.3204225352112676,0.010455129975280036,0.3261802575107296
16025,2026-05-19 00:25:00+00:00,-0.10028335329241546,0.3204225352112676,0.010455129975280036,0.3261802575107296
16026,2026-05-19 00:30:00+00:00,-0.10554416293328063,0.3204225352112676,0.027068915140510644,0.3261802575107296
16027,2026-05-19 00:35:00+00:00,-0.1053518132493743,0.3204225352112676,0.010455129975280036,0.3261802575107296
16028,2026-05-19 00:40:00+00:00,-0.1053518132493743,0.3204225352112676,0.03903483978003586,0.3261802575107296
16029,2026-05-19 00:45:00+00:00,-0.1053518132493743,0.3204225352112676,0.052169287362730854,0.3261802575107296
16030,2026-05-19 00:50:00+00:00,-0.1053518132493743,0.3204225352112676,0.052169287362730854,0.3261802575107296
16031,2026-05-19 00:55:00+00:00,-0.1053518132493743,0.3204225352112676,0.04090341755852214,0.3261802575107296
16032,2026-05-19 01:00:00+00:00,-0.1053518132493743,0.3204225352112676,0.024289632393291526,0.3261802575107296
16033,2026-05-19 01:05:00+00:00,-0.1053518132493743,0.3204225352112676,0.024289632393291526,0.3261802575107296
16034,2026-05-19 01:10:00+00:00,-0.1053518132493743,0.3204225352112676,0.024289632393291526,0.3261802575107296
16035,2026-05-19 01:15:00+00:00,-0.10554416293328063,0.3204225352112676,-0.0008107398289286787,0.3261802575107296
16036,2026-05-19 01:20:00+00:00,-0.10554416293328063,0.3204225352112676,-0.0008107398289286787,0.3261802575107296
16037,2026-05-19 01:25:00+00:00,-0.10554416293328063,0.3204225352112676,-0.0008107398289286787,0.3261802575107296
16038,2026-05-19 01:30:00+00:00,-0.10554416293328063,0.3204225352112676,-0.0008107398289286787,0.3261802575107296
16039,2026-05-19 01:35:00+00:00,-0.10554416293328063,0.3204225352112676,-0.0008107398289286787,0.3261802575107296
16040,2026-05-19 01:40:00+00:00,-0.10554416293328063,0.3204225352112676,-0.0008107398289286787,0.3261802575107296
16041,2026-05-19 01:45:00+00:00,-0.10554416293328063,0.3204225352112676,-0.0008107398289286787,0.3261802575107296
16042,2026-05-19 01:50:00+00:00,-0.10554416293328063,0.3204225352112676,-0.008477928686744672,0.3261802575107296
16043,2026-05-19 01:55:00+00:00,-0.1012498563965174,0.3204225352112676,0.0009932959058051361,0.3261802575107296
16044,2026-05-19 02:00:00+00:00,-0.1012498563965174,0.3204225352112676,0.0009932959058051361,0.3261802575107296
16045,2026-05-19 02:05:00+00:00,-0.1012498563965174,0.3204225352112676,0.0009932959058051361,0.3261802575107296
16046,2026-05-19 02:10:00+00:00,-0.1012498563965174,0.3204225352112676,0.01591792391646046,0.3261802575107296
16047,2026-05-19 02:15:00+00:00,-0.1012498563965174,0.3204225352112676,0.012139822346156744,0.3261802575107296
16048,2026-05-19 02:20:00+00:00,-0.1012498563965174,0.3204225352112676,0.02527426992885174,0.3261802575107296
16049,2026-05-19 02:25:00+00:00,-0.1012498563965174,0.3204225352112676,0.02527426992885174,0.3261802575107296
16050,2026-05-19 02:30:00+00:00,-0.1012498563965174,0.3204225352112676,0.02527426992885174,0.3261802575107296
16051,2026-05-19 02:35:00+00:00,-0.10105750671261107,0.3204225352112676,0.017607081071035747,0.3261802575107296
16052,2026-05-19 02:40:00+00:00,-0.1012498563965174,0.3204225352112676,0.01337840446938559,0.3261802575107296
16053,2026-05-19 02:45:00+00:00,-0.10105750671261107,0.3204225352112676,-0.009523835289997909,0.3261802575107296
16054,2026-05-19 02:50:00+00:00,-0.1012498563965174,0.3204225352112676,-0.05784121217978027,0.297427652733119
16055,2026-05-19 02:55:00+00:00,-0.10105750671261107,0.3204225352112676,-0.05784121217978027,0.297427652733119
16056,2026-05-19 03:00:00+00:00,-0.10105750671261107,0.3204225352112676,-0.05784121217978027,0.297427652733119
16057,2026-05-19 03:05:00+00:00,-0.10105750671261107,0.3204225352112676,-0.05784121217978027,0.297427652733119
16058,2026-05-19 03:10:00+00:00,-0.10105750671261107,0.3204225352112676,-0.006495072738808737,0.3261802575107296
16059,2026-05-19 03:15:00+00:00,-0.10105750671261107,0.3204225352112676,-0.05784121217978027,0.297427652733119
16060,2026-05-19 03:20:00+00:00,-0.1012498563965174,0.3204225352112676,-0.05784121217978027,0.297427652733119
16061,2026-05-19 03:25:00+00:00,-0.1012498563965174,0.3204225352112676,-0.05784121217978027,0.297427652733119
16062,2026-05-19 03:30:00+00:00,-0.1012498563965174,0.3204225352112676,-0.05784121217978027,0.297427652733119
16063,2026-05-19 03:35:00+00:00,-0.1012498563965174,0.3204225352112676,0.01337840446938559,0.3261802575107296
16064,2026-05-19 03:40:00+00:00,-0.1012498563965174,0.3204225352112676,-0.04539117104366519,0.297427652733119
16065,2026-05-19 03:45:00+00:00,-0.1012498563965174,0.3204225352112676,-0.04961984764531535,0.297427652733119
16066,2026-05-19 03:50:00+00:00,-0.1012498563965174,0.3204225352112676,-0.04961984764531535,0.297427652733119
16067,2026-05-19 03:55:00+00:00,-0.1012498563965174,0.3204225352112676,-0.04961984764531535,0.297427652733119
16068,2026-05-19 04:00:00+00:00,-0.1012498563965174,0.3204225352112676,-0.04961984764531535,0.297427652733119
16069,2026-05-19 04:05:00+00:00,-0.10105750671261107,0.3204225352112676,-0.05784121217978027,0.297427652733119
16070,2026-05-19 04:10:00+00:00,-0.10105750671261107,0.3204225352112676,-0.05784121217978027,0.297427652733119
16071,2026-05-19 04:15:00+00:00,-0.10105750671261107,0.3204225352112676,-0.05784121217978027,0.297427652733119
16072,2026-05-19 04:20:00+00:00,-0.10105750671261107,0.3204225352112676,-0.05784121217978027,0.297427652733119
16073,2026-05-19 04:25:00+00:00,-0.10105750671261107,0.3204225352112676,-0.05784121217978027,0.297427652733119
16074,2026-05-19 04:30:00+00:00,-0.10105750671261107,0.3204225352112676,-0.04847340993637332,0.297427652733119
16075,2026-05-19 04:35:00+00:00,-0.10105750671261107,0.3204225352112676,-0.0402520454019084,0.3261802575107296
16076,2026-05-19 04:40:00+00:00,-0.10105750671261107,0.3204225352112676,-0.0402520454019084,0.3261802575107296
16077,2026-05-19 04:45:00+00:00,-0.10105750671261107,0.3204225352112676,-0.032206067963900534,0.3261802575107296
16078,2026-05-19 04:50:00+00:00,-0.10105750671261107,0.3204225352112676,-0.041573870207307476,0.297427652733119
16079,2026-05-19 04:55:00+00:00,-0.11143562984756553,0.3204225352112676,-0.032206067963900534,0.3261802575107296
16080,2026-05-19 05:00:00+00:00,-0.13094428793244003,0.279507603186097,-0.041573870207307476,0.297427652733119
16081,2026-05-19 05:05:00+00:00,-0.13094428793244003,0.279507603186097,-0.04961984764531535,0.297427652733119
16082,2026-05-19 05:10:00+00:00,-0.13094428793244003,0.279507603186097,-0.041573870207307476,0.297427652733119
16083,2026-05-19 05:15:00+00:00,-0.11143562984756553,0.3204225352112676,-0.0402520454019084,0.3261802575107296
16084,2026-05-19 05:20:00+00:00,-0.11143562984756553,0.3204225352112676,-0.0402520454019084,0.3261802575107296
16085,2026-05-19 05:25:00+00:00,-0.13094428793244003,0.279507603186097,-0.04961984764531535,0.297427652733119
16086,2026-05-19 05:30:00+00:00,-0.13094428793244003,0.279507603186097,-0.04961984764531535,0.297427652733119
16087,2026-05-19 05:35:00+00:00,-0.13094428793244003,0.279507603186097,-0.041573870207307476,0.297427652733119
16088,2026-05-19 05:40:00+00:00,-0.13094428793244003,0.279507603186097,-0.04961984764531535,0.297427652733119
16089,2026-05-19 05:45:00+00:00,-0.11143562984756553,0.3204225352112676,-0.04961984764531535,0.297427652733119
16090,2026-05-19 05:50:00+00:00,-0.11143562984756553,0.3204225352112676,-0.04961984764531535,0.297427652733119
16091,2026-05-19 05:55:00+00:00,-0.10105750671261107,0.3204225352112676,-0.04961984764531535,0.297427652733119
16092,2026-05-19 06:00:00+00:00,-0.10105750671261107,0.3204225352112676,-0.04961984764531535,0.297427652733119
16093,2026-05-19 06:05:00+00:00,-0.10105750671261107,0.3204225352112676,-0.04961984764531535,0.297427652733119
16094,2026-05-19 06:10:00+00:00,-0.10105750671261107,0.3204225352112676,-0.04961984764531535,0.297427652733119
16095,2026-05-19 06:15:00+00:00,-0.10105750671261107,0.3204225352112676,0.0099346287802512,0.3261802575107296
16096,2026-05-19 06:20:00+00:00,-0.10105750671261107,0.3204225352112676,0.014163305381901364,0.3261802575107296
16097,2026-05-19 06:25:00+00:00,-0.10105750671261107,0.3204225352112676,0.014163305381901364,0.3261802575107296
16098,2026-05-19 06:30:00+00:00,-0.10105750671261107,0.3204225352112676,0.014163305381901364,0.3261802575107296
16099,2026-05-19 06:35:00+00:00,-0.10105750671261107,0.3204225352112676,0.014163305381901364,0.3261802575107296
16100,2026-05-19 06:40:00+00:00,-0.10105750671261107,0.3204225352112676,0.014163305381901364,0.3261802575107296
16101,2026-05-19 06:45:00+00:00,-0.10105750671261107,0.3204225352112676,-0.0536125355781301,0.297427652733119
16102,2026-05-19 06:50:00+00:00,-0.10105750671261107,0.3204225352112676,0.0099346287802512,0.3261802575107296
16103,2026-05-19 06:55:00+00:00,-0.10105750671261107,0.3204225352112676,0.02654841394548181,0.34408602150537637
16104,2026-05-19 07:00:00+00:00,-0.10105750671261107,0.3204225352112676,0.030777090547131982,0.3778501628664495
16105,2026-05-19 07:05:00+00:00,-0.10105750671261107,0.3204225352112676,0.014163305381901364,0.34408602150537637
16106,2026-05-19 07:10:00+00:00,-0.1012498563965174,0.3204225352112676,0.0009932959058051361,0.3261802575107296
16107,2026-05-19 07:15:00+00:00,-0.1012498563965174,0.3204225352112676,0.017607081071035747,0.3261802575107296
16108,2026-05-19 07:20:00+00:00,-0.1012498563965174,0.3204225352112676,0.017607081071035747,0.3261802575107296
16109,2026-05-19 07:25:00+00:00,-0.1012498563965174,0.3204225352112676,0.01337840446938559,0.3261802575107296
16110,2026-05-19 07:30:00+00:00,-0.1012498563965174,0.3204225352112676,-0.0536125355781301,0.297427652733119
16111,2026-05-19 07:35:00+00:00,-0.1012498563965174,0.3204225352112676,-0.05784121217978027,0.297427652733119
16112,2026-05-19 07:40:00+00:00,-0.1012498563965174,0.3204225352112676,-0.05784121217978027,0.297427652733119
16113,2026-05-19 07:45:00+00:00,-0.1012498563965174,0.3204225352112676,-0.0032353806958450248,0.3261802575107296
16114,2026-05-19 07:50:00+00:00,-0.1012498563965174,0.3204225352112676,0.0009932959058051361,0.3261802575107296
16115,2026-05-19 07:55:00+00:00,-0.1012498563965174,0.279507603186097,0.0009932959058051361,0.3261802575107296
16116,2026-05-19 08:00:00+00:00,-0.10105750671261107,0.279507603186097,0.014163305381901364,0.34408602150537637
16117,2026-05-19 08:05:00+00:00,-0.10105750671261107,0.279507603186097,-0.0536125355781301,0.297427652733119
16118,2026-05-19 08:10:00+00:00,-0.10105750671261107,0.279507603186097,0.021864991526375176,0.3261802575107296
16119,2026-05-19 08:15:00+00:00,-0.10105750671261107,0.279507603186097,-0.0536125355781301,0.297427652733119
16120,2026-05-19 08:20:00+00:00,-0.10105750671261107,0.279507603186097,-0.05784121217978027,0.297427652733119
16121,2026-05-19 08:25:00+00:00,-0.10105750671261107,0.279507603186097,-0.05784121217978027,0.297427652733119
16122,2026-05-19 08:30:00+00:00,-0.10105750671261107,0.279507603186097,-0.037401129818407056,0.3261802575107296
16123,2026-05-19 08:35:00+00:00,-0.10105750671261107,0.279507603186097,-0.05784121217978027,0.297427652733119
16124,2026-05-19 08:40:00+00:00,-0.10105750671261107,0.279507603186097,-0.05784121217978027,0.297427652733119
16125,2026-05-19 08:45:00+00:00,-0.10105750671261107,0.279507603186097,0.018605299483411466,0.3261802575107296
16126,2026-05-19 08:50:00+00:00,-0.10105750671261107,0.279507603186097,-0.05784121217978027,0.297427652733119
16127,2026-05-19 08:55:00+00:00,-0.10105750671261107,0.279507603186097,-0.05784121217978027,0.297427652733119
16128,2026-05-19 09:00:00+00:00,-0.10105750671261107,0.279507603186097,-0.05784121217978027,0.297427652733119
16129,2026-05-19 09:05:00+00:00,-0.10105750671261107,0.279507603186097,-0.05784121217978027,0.297427652733119
16130,2026-05-19 09:10:00+00:00,-0.10105750671261107,0.279507603186097,-0.05784121217978027,0.297427652733119
16131,2026-05-19 09:15:00+00:00,-0.10105750671261107,0.279507603186097,-0.05784121217978027,0.297427652733119
16132,2026-05-19 09:20:00+00:00,-0.10105750671261107,0.279507603186097,0.03847877669160579,0.34408602150537637
16133,2026-05-19 09:25:00+00:00,-0.10105750671261107,0.279507603186097,-0.0536125355781301,0.297427652733119
16134,2026-05-19 09:30:00+00:00,-0.10105750671261107,0.279507603186097,-0.05784121217978027,0.297427652733119
16135,2026-05-19 09:35:00+00:00,-0.10105750671261107,0.279507603186097,-0.05784121217978027,0.297427652733119
16136,2026-05-19 09:40:00+00:00,-0.10105750671261107,0.279507603186097,-0.05784121217978027,0.297427652733119
16137,2026-05-19 09:45:00+00:00,-0.10105750671261107,0.279507603186097,-0.05784121217978027,0.297427652733119
16138,2026-05-19 09:50:00+00:00,-0.10105750671261107,0.279507603186097,-0.05784121217978027,0.297427652733119
16139,2026-05-19 09:55:00+00:00,-0.10105750671261107,0.279507603186097,-0.05784121217978027,0.297427652733119
16140,2026-05-19 10:00:00+00:00,-0.10105750671261107,0.279507603186097,-0.05784121217978027,0.297427652733119
16141,2026-05-19 10:05:00+00:00,-0.10105750671261107,0.279507603186097,-0.05784121217978027,0.297427652733119
16142,2026-05-19 10:10:00+00:00,-0.10105750671261107,0.279507603186097,-0.05784121217978027,0.297427652733119
16143,2026-05-19 10:15:00+00:00,-0.10105750671261107,0.279507603186097,-0.05784121217978027,0.297427652733119
16144,2026-05-19 10:20:00+00:00,-0.10105750671261107,0.279507603186097,-0.05784121217978027,0.297427652733119
16145,2026-05-19 10:25:00+00:00,-0.10105750671261107,0.279507603186097,-0.05784121217978027,0.297427652733119
16146,2026-05-19 10:30:00+00:00,-0.10105750671261107,0.279507603186097,-0.05784121217978027,0.297427652733119
16147,2026-05-19 10:35:00+00:00,-0.10105750671261107,0.279507603186097,-0.05784121217978027,0.297427652733119
16148,2026-05-19 10:40:00+00:00,-0.10105750671261107,0.279507603186097,-0.05784121217978027,0.297427652733119
16149,2026-05-19 10:45:00+00:00,-0.10105750671261107,0.279507603186097,-0.05784121217978027,0.297427652733119
16150,2026-05-19 10:50:00+00:00,-0.10105750671261107,0.279507603186097,-0.05784121217978027,0.297427652733119
16151,2026-05-19 10:55:00+00:00,-0.10105750671261107,0.279507603186097,0.008316432301134562,0.3261802575107296
16152,2026-05-19 11:00:00+00:00,-0.10105750671261107,0.279507603186097,0.012545108902784725,0.34408602150537637
16153,2026-05-19 11:05:00+00:00,-0.10105750671261107,0.279507603186097,-0.05523073205724674,0.297427652733119
16154,2026-05-19 11:10:00+00:00,-0.10105750671261107,0.279507603186097,-0.05945940865889691,0.297427652733119
16155,2026-05-19 11:15:00+00:00,-0.10105750671261107,0.279507603186097,-0.05945940865889691,0.297427652733119
16156,2026-05-19 11:20:00+00:00,-0.10105750671261107,0.279507603186097,-0.05945940865889691,0.297427652733119
16157,2026-05-19 11:25:00+00:00,-0.10105750671261107,0.279507603186097,-0.05945940865889691,0.297427652733119
16158,2026-05-19 11:30:00+00:00,-0.10105750671261107,0.279507603186097,-0.05945940865889691,0.297427652733119
16159,2026-05-19 11:35:00+00:00,-0.10105750671261107,0.279507603186097,-0.05945940865889691,0.297427652733119
16160,2026-05-19 11:40:00+00:00,-0.10105750671261107,0.279507603186097,-0.05945940865889691,0.297427652733119
16161,2026-05-19 11:45:00+00:00,-0.10105750671261107,0.279507603186097,-0.05945940865889691,0.297427652733119
16162,2026-05-19 11:50:00+00:00,-0.10105750671261107,0.279507603186097,-0.05945940865889691,0.297427652733119
16163,2026-05-19 11:55:00+00:00,-0.10105750671261107,0.279507603186097,-0.05945940865889691,0.297427652733119
16164,2026-05-19 12:00:00+00:00,-0.10105750671261107,0.279507603186097,-0.05945940865889691,0.297427652733119
16165,2026-05-19 12:05:00+00:00,-0.10105750671261107,0.279507603186097,0.011795769883670173,0.3261802575107296
16166,2026-05-19 12:10:00+00:00,-0.10105750671261107,0.279507603186097,0.019802548055624057,0.3261802575107296
16167,2026-05-19 12:15:00+00:00,-0.10105750671261107,0.279507603186097,-0.05523073205724674,0.297427652733119
16168,2026-05-19 12:20:00+00:00,-0.10105750671261107,0.279507603186097,0.024930217466365173,0.3261802575107296
16169,2026-05-19 12:25:00+00:00,-0.10105750671261107,0.279507603186097,0.029158894068015345,0.3261802575107296
16170,2026-05-19 12:30:00+00:00,-0.10105750671261107,0.279507603186097,0.029158894068015345,0.3261802575107296
16171,2026-05-19 12:35:00+00:00,-0.10105750671261107,0.279507603186097,0.029158894068015345,0.3261802575107296
16172,2026-05-19 12:40:00+00:00,-0.10105750671261107,0.279507603186097,-0.05523073205724674,0.297427652733119
16173,2026-05-19 12:45:00+00:00,-0.10105750671261107,0.279507603186097,-0.05945940865889691,0.297427652733119
16174,2026-05-19 12:50:00+00:00,-0.10105750671261107,0.279507603186097,0.024930217466365173,0.3261802575107296
16175,2026-05-19 12:55:00+00:00,-0.10105750671261107,0.279507603186097,-0.044718719903149635,0.297427652733119
16176,2026-05-19 13:00:00+00:00,-0.10105750671261107,0.279507603186097,-0.044718719903149635,0.297427652733119
16177,2026-05-19 13:05:00+00:00,-0.10105750671261107,0.279507603186097,-0.044718719903149635,0.297427652733119
16178,2026-05-19 13:10:00+00:00,-0.10105750671261107,0.279507603186097,-0.044718719903149635,0.297427652733119
16179,2026-05-19 13:15:00+00:00,-0.10105750671261107,0.279507603186097,-0.03535091765974269,0.3261802575107296
16180,2026-05-19 13:20:00+00:00,-0.10105750671261107,0.3204225352112676,-0.03535091765974269,0.3261802575107296
16181,2026-05-19 13:25:00+00:00,-0.10105750671261107,0.3204225352112676,-0.03535091765974269,0.3261802575107296
16182,2026-05-19 13:30:00+00:00,-0.10105750671261107,0.3204225352112676,-0.019083575687269896,0.3261802575107296
16183,2026-05-19 13:35:00+00:00,-0.10105750671261107,0.3204225352112676,-0.019083575687269896,0.3261802575107296
16184,2026-05-19 13:40:00+00:00,-0.1012498563965174,0.3204225352112676,-0.019083575687269896,0.3261802575107296
16185,2026-05-19 13:45:00+00:00,-0.11229120646842466,0.279507603186097,-0.019083575687269896,0.3261802575107296
16186,2026-05-19 13:50:00+00:00,-0.11229120646842466,0.279507603186097,-0.028451377930676848,0.3261802575107296
16187,2026-05-19 13:55:00+00:00,-0.1165855130051879,0.279507603186097,-0.10146118008228353,0.297427652733119
16188,2026-05-19 14:00:00+00:00,-0.1165855130051879,0.279507603186097,-0.10146118008228353,0.297427652733119
16189,2026-05-19 14:05:00+00:00,-0.1165855130051879,0.279507603186097,-0.10146118008228353,0.297427652733119
16190,2026-05-19 14:10:00+00:00,-0.1165855130051879,0.279507603186097,-0.10146118008228353,0.297427652733119
16191,2026-05-19 14:15:00+00:00,-0.1165855130051879,0.279507603186097,-0.10146118008228353,0.297427652733119
16192,2026-05-19 14:20:00+00:00,-0.1165855130051879,0.279507603186097,-0.09209337783887658,0.297427652733119
16193,2026-05-19 14:25:00+00:00,-0.1165855130051879,0.279507603186097,-0.09209337783887658,0.297427652733119
16194,2026-05-19 14:30:00+00:00,-0.1165855130051879,0.279507603186097,-0.09209337783887658,0.297427652733119
16195,2026-05-19 14:35:00+00:00,-0.1165855130051879,0.279507603186097,-0.09209337783887658,0.297427652733119
16196,2026-05-19 14:40:00+00:00,-0.1165855130051879,0.279507603186097,-0.09209337783887658,0.297427652733119
16197,2026-05-19 14:45:00+00:00,-0.1165855130051879,0.279507603186097,-0.09209337783887658,0.297427652733119
16198,2026-05-19 14:50:00+00:00,-0.1165855130051879,0.279507603186097,-0.09209337783887658,0.297427652733119
16199,2026-05-19 14:55:00+00:00,-0.10554416293328063,0.279507603186097,-0.09209337783887658,0.297427652733119
16200,2026-05-19 15:00:00+00:00,-0.10554416293328063,0.279507603186097,-0.09209337783887658,0.297427652733119
16201,2026-05-19 15:05:00+00:00,-0.10554416293328063,0.279507603186097,-0.09209337783887658,0.297427652733119
16202,2026-05-19 15:10:00+00:00,-0.10554416293328063,0.279507603186097,-0.10031474237334151,0.297427652733119
16203,2026-05-19 15:15:00+00:00,-0.10554416293328063,0.279507603186097,-0.10031474237334151,0.297427652733119
16204,2026-05-19 15:20:00+00:00,-0.10554416293328063,0.279507603186097,-0.10031474237334151,0.297427652733119
16205,2026-05-19 15:25:00+00:00,-0.10554416293328063,0.279507603186097,-0.10031474237334151,0.297427652733119
16206,2026-05-19 15:30:00+00:00,-0.10554416293328063,0.279507603186097,-0.10968254461674845,0.297427652733119
16207,2026-05-19 15:35:00+00:00,-0.10554416293328063,0.279507603186097,-0.10031474237334151,0.297427652733119
16208,2026-05-19 15:40:00+00:00,-0.10554416293328063,0.279507603186097,-0.10031474237334151,0.297427652733119
16209,2026-05-19 15:45:00+00:00,-0.10554416293328063,0.279507603186097,-0.10031474237334151,0.297427652733119
16210,2026-05-19 15:50:00+00:00,-0.10554416293328063,0.279507603186097,-0.10031474237334151,0.297427652733119
16211,2026-05-19 15:55:00+00:00,-0.10554416293328063,0.279507603186097,0.02353843675081071,0.3261802575107296
16212,2026-05-19 16:00:00+00:00,-0.10554416293328063,0.279507603186097,0.03290623899421767,0.3778501628664495
16213,2026-05-19 16:05:00+00:00,-0.10554416293328063,0.279507603186097,0.03290623899421767,0.3261802575107296
16214,2026-05-19 16:10:00+00:00,-0.10554416293328063,0.279507603186097,0.024860261556209788,0.3261802575107296
16215,2026-05-19 16:15:00+00:00,-0.10554416293328063,0.279507603186097,0.03290623899421767,0.3261802575107296
16216,2026-05-19 16:20:00+00:00,-0.10554416293328063,0.279507603186097,0.03290623899421767,0.3261802575107296
16217,2026-05-19 16:25:00+00:00,-0.10554416293328063,0.279507603186097,0.02353843675081071,0.3261802575107296
16218,2026-05-19 16:30:00+00:00,-0.10554416293328063,0.279507603186097,0.03290623899421767,0.3261802575107296
16219,2026-05-19 16:35:00+00:00,-0.10554416293328063,0.279507603186097,0.03290623899421767,0.3261802575107296
16220,2026-05-19 16:40:00+00:00,-0.10554416293328063,0.279507603186097,0.024860261556209788,0.3261802575107296
16221,2026-05-19 16:45:00+00:00,-0.10554416293328063,0.279507603186097,0.03290623899421767,0.3261802575107296
16222,2026-05-19 16:50:00+00:00,-0.10554416293328063,0.279507603186097,0.024860261556209788,0.3261802575107296
16223,2026-05-19 16:55:00+00:00,-0.10554416293328063,0.279507603186097,0.06503154954194046,0.4412470023980815
16224,2026-05-19 17:00:00+00:00,-0.10554416293328063,0.279507603186097,0.06503154954194046,0.4412470023980815
16225,2026-05-19 17:05:00+00:00,-0.1053518132493743,0.279507603186097,0.06503154954194046,0.4412470023980815
16226,2026-05-19 17:10:00+00:00,-0.1053518132493743,0.279507603186097,0.06503154954194046,0.4412470023980815
16227,2026-05-19 17:15:00+00:00,-0.1053518132493743,0.279507603186097,0.06503154954194046,0.4412470023980815
16228,2026-05-19 17:20:00+00:00,-0.1053518132493743,0.279507603186097,0.06503154954194046,0.4412470023980815
16229,2026-05-19 17:25:00+00:00,-0.1053518132493743,0.279507603186097,0.07325291407640538,0.4412470023980815
16230,2026-05-19 17:30:00+00:00,-0.1053518132493743,0.279507603186097,0.07325291407640538,0.4412470023980815
16231,2026-05-19 17:35:00+00:00,-0.1053518132493743,0.279507603186097,0.06503154954194046,0.4412470023980815
16232,2026-05-19 17:40:00+00:00,-0.1053518132493743,0.279507603186097,0.06503154954194046,0.4412470023980815
16233,2026-05-19 17:45:00+00:00,-0.1053518132493743,0.279507603186097,0.06503154954194046,0.4412470023980815
16234,2026-05-19 17:50:00+00:00,-0.1053518132493743,0.279507603186097,0.06503154954194046,0.4412470023980815
16235,2026-05-19 17:55:00+00:00,-0.1053518132493743,0.279507603186097,0.06503154954194046,0.4412470023980815
16236,2026-05-19 18:00:00+00:00,-0.1053518132493743,0.279507603186097,0.06503154954194046,0.4412470023980815
16237,2026-05-19 18:05:00+00:00,-0.1053518132493743,0.279507603186097,0.06503154954194046,0.4412470023980815
16238,2026-05-19 18:10:00+00:00,-0.1053518132493743,0.279507603186097,0.06503154954194046,0.4412470023980815
16239,2026-05-19 18:15:00+00:00,-0.1053518132493743,0.279507603186097,0.06503154954194046,0.4412470023980815
16240,2026-05-19 18:20:00+00:00,-0.1053518132493743,0.279507603186097,0.07325291407640538,0.4412470023980815
16241,2026-05-19 18:25:00+00:00,-0.1053518132493743,0.279507603186097,0.07325291407640538,0.4412470023980815
16242,2026-05-19 18:30:00+00:00,-0.1053518132493743,0.279507603186097,0.07325291407640538,0.4412470023980815
16243,2026-05-19 18:35:00+00:00,-0.1053518132493743,0.279507603186097,0.07325291407640538,0.4412470023980815
16244,2026-05-19 18:40:00+00:00,-0.1053518132493743,0.279507603186097,0.07325291407640538,0.4412470023980815
16245,2026-05-19 18:45:00+00:00,-0.1053518132493743,0.279507603186097,0.07325291407640538,0.4412470023980815
16246,2026-05-19 18:50:00+00:00,-0.1053518132493743,0.279507603186097,0.07325291407640538,0.4412470023980815
16247,2026-05-19 18:55:00+00:00,-0.1165855130051879,0.279507603186097,0.07325291407640538,0.4412470023980815
16248,2026-05-19 19:00:00+00:00,-0.1165855130051879,0.279507603186097,0.07325291407640538,0.4412470023980815
16249,2026-05-19 19:05:00+00:00,-0.1165855130051879,0.279507603186097,0.07325291407640538,0.4412470023980815
16250,2026-05-19 19:10:00+00:00,-0.1165855130051879,0.279507603186097,0.07325291407640538,0.4412470023980815
16251,2026-05-19 19:15:00+00:00,-0.1165855130051879,0.279507603186097,0.07325291407640538,0.4412470023980815
16252,2026-05-19 19:20:00+00:00,-0.1165855130051879,0.279507603186097,0.07325291407640538,0.4412470023980815
16253,2026-05-19 19:25:00+00:00,-0.1165855130051879,0.279507603186097,0.07325291407640538,0.4412470023980815
16254,2026-05-19 19:30:00+00:00,-0.1165855130051879,0.279507603186097,0.07325291407640538,0.4412470023980815
16255,2026-05-19 19:35:00+00:00,-0.1165855130051879,0.279507603186097,0.07325291407640538,0.4412470023980815
16256,2026-05-19 19:40:00+00:00,-0.1165855130051879,0.279507603186097,0.07325291407640538,0.4412470023980815
16257,2026-05-19 19:45:00+00:00,-0.1165855130051879,0.279507603186097,0.07325291407640538,0.4412470023980815
16258,2026-05-19 19:50:00+00:00,-0.1165855130051879,0.279507603186097,0.07325291407640538,0.4412470023980815
16259,2026-05-19 19:55:00+00:00,-0.1165855130051879,0.279507603186097,0.04112760352868259,0.3261802575107296
16260,2026-05-19 20:00:00+00:00,-0.1165855130051879,0.279507603186097,0.04112760352868259,0.3261802575107296
16261,2026-05-19 20:05:00+00:00,-0.1165855130051879,0.279507603186097,0.04112760352868259,0.3261802575107296
16262,2026-05-19 20:10:00+00:00,-0.1165855130051879,0.279507603186097,0.04112760352868259,0.3778501628664495
16263,2026-05-19 20:15:00+00:00,-0.1165855130051879,0.279507603186097,0.04112760352868259,0.3778501628664495
16264,2026-05-19 20:20:00+00:00,-0.1165855130051879,0.279507603186097,0.04112760352868259,0.3261802575107296
16265,2026-05-19 20:25:00+00:00,-0.1165855130051879,0.279507603186097,0.04112760352868259,0.3261802575107296
16266,2026-05-19 20:30:00+00:00,-0.1165855130051879,0.279507603186097,0.04112760352868259,0.3261802575107296
16267,2026-05-19 20:35:00+00:00,-0.1165855130051879,0.279507603186097,0.04112760352868259,0.3261802575107296
16268,2026-05-19 20:40:00+00:00,-0.1165855130051879,0.279507603186097,0.04112760352868259,0.3261802575107296
16269,2026-05-19 20:45:00+00:00,-0.1165855130051879,0.279507603186097,0.04112760352868259,0.3261802575107296
16270,2026-05-19 20:50:00+00:00,-0.1165855130051879,0.279507603186097,0.04112760352868259,0.3261802575107296
16271,2026-05-19 20:55:00+00:00,-0.1165855130051879,0.279507603186097,0.04112760352868259,0.3261802575107296
16272,2026-05-19 22:00:00+00:00,-0.1053518132493743,0.279507603186097,0.04112760352868259,0.3261802575107296
16273,2026-05-19 22:05:00+00:00,-0.1053518132493743,0.279507603186097,0.04112760352868259,0.3261802575107296
16274,2026-05-19 22:10:00+00:00,-0.1053518132493743,0.279507603186097,0.04112760352868259,0.3261802575107296
16275,2026-05-19 22:15:00+00:00,-0.1053518132493743,0.279507603186097,0.04112760352868259,0.3261802575107296
16276,2026-05-19 22:20:00+00:00,-0.1053518132493743,0.279507603186097,0.04112760352868259,0.3261802575107296
16277,2026-05-19 22:25:00+00:00,-0.1053518132493743,0.279507603186097,0.04112760352868259,0.3261802575107296
16278,2026-05-19 22:30:00+00:00,-0.1053518132493743,0.279507603186097,0.04112760352868259,0.3261802575107296
16279,2026-05-19 22:35:00+00:00,-0.1053518132493743,0.279507603186097,0.04112760352868259,0.3261802575107296
16280,2026-05-19 22:40:00+00:00,-0.1053518132493743,0.279507603186097,0.04112760352868259,0.3261802575107296
16281,2026-05-19 22:45:00+00:00,-0.1053518132493743,0.279507603186097,0.04112760352868259,0.3261802575107296
16282,2026-05-19 22:50:00+00:00,-0.1053518132493743,0.279507603186097,0.04112760352868259,0.3261802575107296
16283,2026-05-19 22:55:00+00:00,-0.1053518132493743,0.279507603186097,0.026418829839050088,0.3261802575107296
16284,2026-05-19 23:00:00+00:00,-0.1053518132493743,0.279507603186097,0.026418829839050088,0.3261802575107296
16285,2026-05-19 23:05:00+00:00,-0.1053518132493743,0.279507603186097,0.026418829839050088,0.3261802575107296
16286,2026-05-19 23:10:00+00:00,-0.1053518132493743,0.279507603186097,0.03633775390808626,0.3778501628664495
16287,2026-05-19 23:15:00+00:00,-0.1053518132493743,0.279507603186097,0.03633775390808626,0.3778501628664495
16288,2026-05-19 23:20:00+00:00,-0.1053518132493743,0.279507603186097,0.03633775390808626,0.3778501628664495
16289,2026-05-19 23:25:00+00:00,-0.1053518132493743,0.279507603186097,0.026418829839050088,0.3261802575107296
16290,2026-05-19 23:30:00+00:00,-0.1053518132493743,0.279507603186097,0.05681243515998625,0.4412470023980815
16291,2026-05-19 23:35:00+00:00,-0.1053518132493743,0.279507603186097,0.05681243515998625,0.4412470023980815
16292,2026-05-19 23:40:00+00:00,-0.1053518132493743,0.279507603186097,0.05681243515998625,0.4412470023980815
16293,2026-05-19 23:45:00+00:00,-0.1053518132493743,0.279507603186097,0.05681243515998625,0.4412470023980815
16294,2026-05-19 23:50:00+00:00,-0.1053518132493743,0.279507603186097,0.05681243515998625,0.4412470023980815
16295,2026-05-19 23:55:00+00:00,-0.10819508508242089,0.3204225352112676,0.04175569900476364,0.3778501628664495
16296,2026-05-20 00:00:00+00:00,-0.10819508508242089,0.3204225352112676,0.03370972156675576,0.3778501628664495
16297,2026-05-20 00:05:00+00:00,-0.10819508508242089,0.3204225352112676,0.04175569900476364,0.3778501628664495
16298,2026-05-20 00:10:00+00:00,-0.10819508508242089,0.3204225352112676,0.03969905541151911,0.3778501628664495
16299,2026-05-20 00:15:00+00:00,-0.10819508508242089,0.3204225352112676,0.011362093683827474,0.3261802575107296
16300,2026-05-20 00:20:00+00:00,-0.10819508508242089,0.3204225352112676,0.009305450090582926,0.3261802575107296
16301,2026-05-20 00:25:00+00:00,-0.10819508508242089,0.3204225352112676,0.05272182522964845,0.3778501628664495
16302,2026-05-20 00:30:00+00:00,-0.10819508508242089,0.3204225352112676,0.08311543055058462,0.4412470023980815
16303,2026-05-20 00:35:00+00:00,-0.10819508508242089,0.3204225352112676,0.08311543055058462,0.4412470023980815
16304,2026-05-20 00:40:00+00:00,-0.10819508508242089,0.3204225352112676,0.08311543055058462,0.4412470023980815
16305,2026-05-20 00:45:00+00:00,-0.10819508508242089,0.3204225352112676,0.08311543055058462,0.4412470023980815
16306,2026-05-20 00:50:00+00:00,-0.10819508508242089,0.3204225352112676,0.08311543055058462,0.4412470023980815
16307,2026-05-20 00:55:00+00:00,-0.12483242749539013,0.279507603186097,0.01154644600506054,0.3261802575107296
16308,2026-05-20 01:00:00+00:00,-0.12483242749539013,0.279507603186097,-0.056487324279598794,0.297427652733119
16309,2026-05-20 01:05:00+00:00,-0.12483242749539013,0.279507603186097,-0.056487324279598794,0.297427652733119
16310,2026-05-20 01:10:00+00:00,-0.12483242749539013,0.279507603186097,-0.056487324279598794,0.297427652733119
16311,2026-05-20 01:15:00+00:00,-0.12483242749539013,0.279507603186097,-0.056487324279598794,0.297427652733119
16312,2026-05-20 01:20:00+00:00,-0.12483242749539013,0.279507603186097,-0.056487324279598794,0.297427652733119
16313,2026-05-20 01:25:00+00:00,-0.12483242749539013,0.279507603186097,-0.054430680686354246,0.297427652733119
16314,2026-05-20 01:30:00+00:00,-0.12483242749539013,0.279507603186097,-0.054430680686354246,0.297427652733119
16315,2026-05-20 01:35:00+00:00,-0.12483242749539013,0.279507603186097,-0.054430680686354246,0.297427652733119
16316,2026-05-20 01:40:00+00:00,-0.12483242749539013,0.279507603186097,-0.04638470324834637,0.297427652733119
16317,2026-05-20 01:45:00+00:00,-0.12483242749539013,0.279507603186097,-0.04844134684159092,0.297427652733119
16318,2026-05-20 01:50:00+00:00,-0.12483242749539013,0.279507603186097,-0.04844134684159092,0.297427652733119
16319,2026-05-20 01:55:00+00:00,-0.09156101561733113,0.3204225352112676,-0.04844134684159092,0.297427652733119
16320,2026-05-20 02:00:00+00:00,-0.07492367320436188,0.3204225352112676,-0.056487324279598794,0.297427652733119
16321,2026-05-20 02:05:00+00:00,-0.07492367320436188,0.3204225352112676,-0.056487324279598794,0.297427652733119
16322,2026-05-20 02:10:00+00:00,-0.07492367320436188,0.3204225352112676,-0.056487324279598794,0.297427652733119
16323,2026-05-20 02:15:00+00:00,-0.07492367320436188,0.3204225352112676,-0.056487324279598794,0.297427652733119
16324,2026-05-20 02:20:00+00:00,-0.09156101561733113,0.3204225352112676,-0.056487324279598794,0.297427652733119
16325,2026-05-20 02:25:00+00:00,-0.09156101561733113,0.3204225352112676,-0.056487324279598794,0.297427652733119
16326,2026-05-20 02:30:00+00:00,-0.09156101561733113,0.3204225352112676,-0.04826595974513387,0.297427652733119
16327,2026-05-20 02:35:00+00:00,-0.09156101561733113,0.3204225352112676,-0.054430680686354246,0.297427652733119
16328,2026-05-20 02:40:00+00:00,-0.09156101561733113,0.3204225352112676,-0.054430680686354246,0.297427652733119
16329,2026-05-20 02:45:00+00:00,-0.09156101561733113,0.3204225352112676,-0.054430680686354246,0.297427652733119
16330,2026-05-20 02:50:00+00:00,-0.09156101561733113,0.3204225352112676,-0.04638470324834637,0.297427652733119
16331,2026-05-20 02:55:00+00:00,-0.09156101561733113,0.3204225352112676,-0.12203734409738326,0.0
16332,2026-05-20 03:00:00+00:00,-0.09156101561733113,0.3204225352112676,-0.12203734409738326,0.0
16333,2026-05-20 03:05:00+00:00,-0.09156101561733113,0.3204225352112676,-0.12203734409738326,0.0
16334,2026-05-20 03:10:00+00:00,-0.07492367320436188,0.3204225352112676,-0.12203734409738326,0.0
16335,2026-05-20 03:15:00+00:00,-0.07492367320436188,0.3204225352112676,-0.12203734409738326,0.0
16336,2026-05-20 03:20:00+00:00,-0.07492367320436188,0.3204225352112676,-0.12203734409738326,0.0
16337,2026-05-20 03:25:00+00:00,-0.07492367320436188,0.3204225352112676,-0.12203734409738326,0.0
16338,2026-05-20 03:30:00+00:00,-0.07492367320436188,0.3204225352112676,-0.12203734409738326,0.0
16339,2026-05-20 03:35:00+00:00,-0.07492367320436188,0.3204225352112676,-0.11381597956291833,0.0
16340,2026-05-20 03:40:00+00:00,-0.07492367320436188,0.3204225352112676,-0.11381597956291833,0.0
16341,2026-05-20 03:45:00+00:00,-0.07492367320436188,0.3204225352112676,-0.11381597956291833,0.297427652733119
16342,2026-05-20 03:50:00+00:00,-0.07492367320436188,0.3204225352112676,-0.08294492648466935,0.297427652733119
16343,2026-05-20 03:55:00+00:00,-0.07492367320436188,0.3204225352112676,-0.18761089346878573,0.297427652733119
16344,2026-05-20 04:00:00+00:00,-0.07492367320436188,0.3204225352112676,-0.18761089346878573,0.297427652733119
16345,2026-05-20 04:05:00+00:00,-0.07492367320436188,0.3204225352112676,-0.17820329994701362,0.297427652733119
16346,2026-05-20 04:10:00+00:00,-0.07492367320436188,0.3204225352112676,-0.17820329994701362,0.297427652733119
16347,2026-05-20 04:15:00+00:00,-0.07492367320436188,0.3204225352112676,-0.17820329994701362,0.297427652733119
16348,2026-05-20 04:20:00+00:00,-0.07492367320436188,0.3204225352112676,-0.18761089346878573,0.297427652733119
16349,2026-05-20 04:25:00+00:00,-0.07492367320436188,0.3204225352112676,-0.18761089346878573,0.297427652733119
16350,2026-05-20 04:30:00+00:00,-0.07492367320436188,0.3204225352112676,-0.19583225800325066,0.297427652733119
16351,2026-05-20 04:35:00+00:00,-0.07492367320436188,0.3204225352112676,-0.19583225800325066,0.297427652733119
16352,2026-05-20 04:40:00+00:00,-0.07492367320436188,0.3204225352112676,-0.19583225800325066,0.297427652733119
16353,2026-05-20 04:45:00+00:00,-0.07492367320436188,0.3204225352112676,-0.19583225800325066,0.297427652733119
16354,2026-05-20 04:50:00+00:00,-0.07492367320436188,0.3204225352112676,-0.19583225800325066,0.297427652733119
16355,2026-05-20 04:55:00+00:00,-0.07492367320436188,0.3204225352112676,-0.09116629101913429,0.297427652733119
16356,2026-05-20 05:00:00+00:00,-0.07492367320436188,0.3204225352112676,-0.09116629101913429,0.297427652733119
16357,2026-05-20 05:05:00+00:00,-0.07492367320436188,0.3204225352112676,-0.09116629101913429,0.297427652733119
16358,2026-05-20 05:10:00+00:00,-0.07492367320436188,0.3204225352112676,-0.09116629101913429,0.297427652733119
16359,2026-05-20 05:15:00+00:00,-0.07492367320436188,0.3204225352112676,-0.09116629101913429,0.297427652733119
16360,2026-05-20 05:20:00+00:00,-0.07492367320436188,0.3204225352112676,-0.09116629101913429,0.297427652733119
16361,2026-05-20 05:25:00+00:00,-0.07492367320436188,0.3204225352112676,-0.09116629101913429,0.297427652733119
16362,2026-05-20 05:30:00+00:00,-0.07492367320436188,0.3204225352112676,-0.09322293461237884,0.297427652733119
16363,2026-05-20 05:35:00+00:00,-0.07492367320436188,0.3204225352112676,-0.09322293461237884,0.297427652733119
16364,2026-05-20 05:40:00+00:00,-0.07492367320436188,0.3204225352112676,-0.05309853790833778,0.297427652733119
16365,2026-05-20 05:45:00+00:00,-0.07492367320436188,0.3204225352112676,-0.05908787175310111,0.297427652733119
16366,2026-05-20 05:50:00+00:00,-0.07492367320436188,0.3204225352112676,-0.13244458549367635,0.0
16367,2026-05-20 05:55:00+00:00,-0.10819508508242089,0.3204225352112676,-0.05065020073797133,0.297427652733119
16368,2026-05-20 06:00:00+00:00,-0.10819508508242089,0.3204225352112676,-0.042604223299963453,0.297427652733119
16369,2026-05-20 06:05:00+00:00,-0.12483242749539013,0.279507603186097,-0.05065020073797133,0.297427652733119
16370,2026-05-20 06:10:00+00:00,-0.12483242749539013,0.279507603186097,-0.05065020073797133,0.297427652733119
16371,2026-05-20 06:15:00+00:00,-0.12483242749539013,0.279507603186097,-0.05065020073797133,0.297427652733119
16372,2026-05-20 06:20:00+00:00,-0.10819508508242089,0.3204225352112676,-0.05065020073797133,0.297427652733119
16373,2026-05-20 06:25:00+00:00,-0.12483242749539013,0.279507603186097,-0.05065020073797133,0.297427652733119
16374,2026-05-20 06:30:00+00:00,-0.12483242749539013,0.279507603186097,-0.05065020073797133,0.297427652733119
16375,2026-05-20 06:35:00+00:00,-0.12483242749539013,0.279507603186097,-0.05065020073797133,0.297427652733119
16376,2026-05-20 06:40:00+00:00,-0.12483242749539013,0.279507603186097,-0.04859355714472678,0.297427652733119
16377,2026-05-20 06:45:00+00:00,-0.12483242749539013,0.279507603186097,-0.05065020073797133,0.297427652733119
16378,2026-05-20 06:50:00+00:00,-0.12483242749539013,0.279507603186097,-0.05065020073797133,0.297427652733119
16379,2026-05-20 06:55:00+00:00,-0.12483242749539013,0.279507603186097,0.04445990027397973,0.3778501628664495
16380,2026-05-20 07:00:00+00:00,-0.12483242749539013,0.279507603186097,0.04445990027397973,0.3778501628664495
16381,2026-05-20 07:05:00+00:00,-0.10819508508242089,0.279507603186097,0.10826499395698891,0.4412470023980815
16382,2026-05-20 07:10:00+00:00,-0.12483242749539013,0.279507603186097,0.11249367055863907,0.4412470023980815
16383,2026-05-20 07:15:00+00:00,-0.10819508508242089,0.279507603186097,0.04445990027397973,0.3778501628664495
16384,2026-05-20 07:20:00+00:00,-0.12483242749539013,0.279507603186097,0.04445990027397973,0.3778501628664495
16385,2026-05-20 07:25:00+00:00,-0.12483242749539013,0.279507603186097,0.11552243310982824,0.4412470023980815
16386,2026-05-20 07:30:00+00:00,-0.12483242749539013,0.279507603186097,0.04868857687562989,0.3778501628664495
16387,2026-05-20 07:35:00+00:00,-0.12483242749539013,0.279507603186097,0.04445990027397973,0.3778501628664495
16388,2026-05-20 07:40:00+00:00,-0.12483242749539013,0.279507603186097,0.11552243310982824,0.4412470023980815
16389,2026-05-20 07:45:00+00:00,-0.12483242749539013,0.279507603186097,0.05268126480844464,0.3778501628664495
16390,2026-05-20 07:50:00+00:00,-0.12483242749539013,0.279507603186097,0.05268126480844464,0.3778501628664495
16391,2026-05-20 07:55:00+00:00,-0.12483242749539013,0.279507603186097,0.03848030251817426,0.3778501628664495
16392,2026-05-20 08:00:00+00:00,-0.12483242749539013,0.279507603186097,0.09405052554223745,0.4412470023980815
16393,2026-05-20 08:05:00+00:00,-0.12483242749539013,0.279507603186097,0.03848030251817426,0.3778501628664495
16394,2026-05-20 08:10:00+00:00,-0.12483242749539013,0.279507603186097,0.09405052554223745,0.4412470023980815
16395,2026-05-20 08:15:00+00:00,-0.1344324098654794,0.279507603186097,0.0982792021438876,0.4412470023980815
16396,2026-05-20 08:20:00+00:00,-0.1344324098654794,0.279507603186097,0.09405052554223745,0.4412470023980815
16397,2026-05-20 08:25:00+00:00,-0.1344324098654794,0.279507603186097,0.0982792021438876,0.4412470023980815
16398,2026-05-20 08:30:00+00:00,-0.1344324098654794,0.279507603186097,0.0982792021438876,0.4412470023980815
16399,2026-05-20 08:35:00+00:00,-0.1344324098654794,0.279507603186097,0.0982792021438876,0.4412470023980815
16400,2026-05-20 08:40:00+00:00,-0.1344324098654794,0.279507603186097,0.04270897911982442,0.3778501628664495
16401,2026-05-20 08:45:00+00:00,-0.1344324098654794,0.279507603186097,0.10132147081955785,0.4412470023980815
16402,2026-05-20 08:50:00+00:00,-0.12483242749539013,0.279507603186097,0.10555014742120801,0.4412470023980815
16403,2026-05-20 08:55:00+00:00,-0.12483242749539013,0.279507603186097,0.1017720458509043,0.4412470023980815
16404,2026-05-20 09:00:00+00:00,-0.12483242749539013,0.279507603186097,0.10555014742120801,0.4412470023980815
16405,2026-05-20 09:05:00+00:00,-0.12483242749539013,0.279507603186097,0.10555014742120801,0.4412470023980815
16406,2026-05-20 09:10:00+00:00,-0.12483242749539013,0.279507603186097,0.04270897911982442,0.3778501628664495
16407,2026-05-20 09:15:00+00:00,-0.12483242749539013,0.279507603186097,0.10132147081955785,0.4412470023980815
16408,2026-05-20 09:20:00+00:00,-0.12483242749539013,0.279507603186097,0.03448761458535951,0.3778501628664495
16409,2026-05-20 09:25:00+00:00,-0.12483242749539013,0.279507603186097,0.03025893798370934,0.3778501628664495
16410,2026-05-20 09:30:00+00:00,-0.12483242749539013,0.279507603186097,0.10132147081955785,0.4412470023980815
16411,2026-05-20 09:35:00+00:00,-0.12483242749539013,0.279507603186097,0.10555014742120801,0.4412470023980815
16412,2026-05-20 09:40:00+00:00,-0.12483242749539013,0.279507603186097,0.10555014742120801,0.4412470023980815
16413,2026-05-20 09:45:00+00:00,-0.12483242749539013,0.279507603186097,0.10555014742120801,0.4412470023980815
16414,2026-05-20 09:50:00+00:00,-0.12483242749539013,0.279507603186097,0.10555014742120801,0.4412470023980815
16415,2026-05-20 09:55:00+00:00,-0.12483242749539013,0.279507603186097,0.09971302387958056,0.4412470023980815
16416,2026-05-20 10:00:00+00:00,-0.12483242749539013,0.279507603186097,0.09971302387958056,0.4412470023980815
16417,2026-05-20 10:05:00+00:00,-0.12483242749539013,0.279507603186097,0.09971302387958056,0.4412470023980815
16418,2026-05-20 10:10:00+00:00,-0.12483242749539013,0.279507603186097,0.09971302387958056,0.4412470023980815
16419,2026-05-20 10:15:00+00:00,-0.12483242749539013,0.279507603186097,0.09971302387958056,0.4412470023980815
16420,2026-05-20 10:20:00+00:00,-0.12483242749539013,0.279507603186097,0.09971302387958056,0.4412470023980815
16421,2026-05-20 10:25:00+00:00,-0.12483242749539013,0.279507603186097,0.10006905408723415,0.4412470023980815
16422,2026-05-20 10:30:00+00:00,-0.12483242749539013,0.279507603186097,0.09971302387958056,0.4412470023980815
16423,2026-05-20 10:35:00+00:00,-0.12483242749539013,0.279507603186097,0.09971302387958056,0.4412470023980815
16424,2026-05-20 10:40:00+00:00,-0.12483242749539013,0.279507603186097,0.10006905408723415,0.4412470023980815
16425,2026-05-20 10:45:00+00:00,-0.12483242749539013,0.279507603186097,0.09971302387958056,0.4412470023980815
16426,2026-05-20 10:50:00+00:00,-0.12483242749539013,0.279507603186097,0.09971302387958056,0.4412470023980815
16427,2026-05-20 10:55:00+00:00,-0.12483242749539013,0.279507603186097,0.10971672741232624,0.3778501628664495
16428,2026-05-20 11:00:00+00:00,-0.1261574515364185,0.279507603186097,0.10936069720467265,0.3778501628664495
16429,2026-05-20 11:05:00+00:00,-0.1261574515364185,0.279507603186097,0.10971672741232624,0.3778501628664495
16430,2026-05-20 11:10:00+00:00,-0.1261574515364185,0.279507603186097,0.10244578213500584,0.3778501628664495
16431,2026-05-20 11:15:00+00:00,-0.1261574515364185,0.279507603186097,0.10244578213500584,0.3778501628664495
16432,2026-05-20 11:20:00+00:00,-0.1261574515364185,0.279507603186097,0.10244578213500584,0.3778501628664495
16433,2026-05-20 11:25:00+00:00,-0.1261574515364185,0.279507603186097,0.12718380728145773,0.3778501628664495
16434,2026-05-20 11:30:00+00:00,-0.1261574515364185,0.279507603186097,0.10244578213500584,0.3778501628664495
16435,2026-05-20 11:35:00+00:00,-0.1261574515364185,0.279507603186097,0.10244578213500584,0.3778501628664495
16436,2026-05-20 11:40:00+00:00,-0.11947660326334804,0.279507603186097,0.10971672741232624,0.4412470023980815
16437,2026-05-20 11:45:00+00:00,-0.1261574515364185,0.279507603186097,0.10971672741232624,0.4412470023980815
16438,2026-05-20 11:50:00+00:00,-0.1261574515364185,0.279507603186097,0.10971672741232624,0.3778501628664495
16439,2026-05-20 11:55:00+00:00,-0.12483242749539013,0.279507603186097,0.10971672741232624,0.3778501628664495
16440,2026-05-20 12:00:00+00:00,-0.12483242749539013,0.279507603186097,0.10971672741232624,0.4412470023980815
16441,2026-05-20 12:05:00+00:00,-0.12483242749539013,0.279507603186097,0.10971672741232624,0.4412470023980815
16442,2026-05-20 12:10:00+00:00,-0.12483242749539013,0.279507603186097,0.10971672741232624,0.4412470023980815
16443,2026-05-20 12:15:00+00:00,-0.12483242749539013,0.279507603186097,0.10971672741232624,0.4412470023980815
16444,2026-05-20 12:20:00+00:00,-0.12483242749539013,0.279507603186097,0.10971672741232624,0.4412470023980815
16445,2026-05-20 12:25:00+00:00,-0.12483242749539013,0.279507603186097,0.10971672741232624,0.4412470023980815
16446,2026-05-20 12:30:00+00:00,-0.12483242749539013,0.279507603186097,0.10971672741232624,0.3778501628664495
16447,2026-05-20 12:35:00+00:00,-0.12483242749539013,0.279507603186097,0.10971672741232624,0.3778501628664495
16448,2026-05-20 12:40:00+00:00,-0.12483242749539013,0.279507603186097,0.10971672741232624,0.3778501628664495
16449,2026-05-20 12:45:00+00:00,-0.12483242749539013,0.279507603186097,0.10971672741232624,0.3778501628664495
16450,2026-05-20 12:50:00+00:00,-0.12483242749539013,0.279507603186097,0.10971672741232624,0.4412470023980815
16451,2026-05-20 12:55:00+00:00,-0.12483242749539013,0.279507603186097,0.12164709015845021,0.4412470023980815
16452,2026-05-20 13:00:00+00:00,-0.12483242749539013,0.279507603186097,0.12164709015845021,0.4412470023980815
16453,2026-05-20 13:05:00+00:00,-0.12483242749539013,0.279507603186097,0.10971672741232624,0.4412470023980815
16454,2026-05-20 13:10:00+00:00,-0.12483242749539013,0.279507603186097,0.10971672741232624,0.4412470023980815
16455,2026-05-20 13:15:00+00:00,-0.12483242749539013,0.279507603186097,0.10971672741232624,0.4412470023980815
16456,2026-05-20 13:20:00+00:00,-0.12483242749539013,0.279507603186097,0.12164709015845021,0.4412470023980815
16457,2026-05-20 13:25:00+00:00,-0.12483242749539013,0.279507603186097,0.12164709015845021,0.4412470023980815
16458,2026-05-20 13:30:00+00:00,-0.12483242749539013,0.279507603186097,0.12164709015845021,0.4412470023980815
16459,2026-05-20 13:35:00+00:00,-0.12483242749539013,0.279507603186097,0.12164709015845021,0.4412470023980815
16460,2026-05-20 13:40:00+00:00,-0.12483242749539013,0.279507603186097,0.1178689885881465,0.4412470023980815
16461,2026-05-20 13:45:00+00:00,-0.12483242749539013,0.279507603186097,0.12164709015845021,0.3778501628664495
16462,2026-05-20 13:50:00+00:00,-0.12483242749539013,0.279507603186097,0.12164709015845021,0.3778501628664495
16463,2026-05-20 13:55:00+00:00,-0.12483242749539013,0.279507603186097,0.11038122035424149,0.3778501628664495
16464,2026-05-20 14:00:00+00:00,-0.12483242749539013,0.279507603186097,0.02280361796296524,0.3778501628664495
16465,2026-05-20 14:05:00+00:00,-0.12483242749539013,0.279507603186097,0.02280361796296524,0.3778501628664495
16466,2026-05-20 14:10:00+00:00,-0.12483242749539013,0.279507603186097,0.031024982497430163,0.3778501628664495
16467,2026-05-20 14:15:00+00:00,-0.12483242749539013,0.279507603186097,0.07933776636865401,0.3778501628664495
16468,2026-05-20 14:20:00+00:00,-0.12483242749539013,0.279507603186097,0.08356644297030419,0.3778501628664495
16469,2026-05-20 14:25:00+00:00,-0.12483242749539013,0.279507603186097,0.08356644297030419,0.3778501628664495
16470,2026-05-20 14:30:00+00:00,-0.12483242749539013,0.279507603186097,0.08356644297030419,0.3778501628664495
16471,2026-05-20 14:35:00+00:00,-0.12483242749539013,0.279507603186097,0.08356644297030419,0.3778501628664495
16472,2026-05-20 14:40:00+00:00,-0.12483242749539013,0.279507603186097,0.08356644297030419,0.3778501628664495
16473,2026-05-20 14:45:00+00:00,-0.12483242749539013,0.279507603186097,0.08356644297030419,0.3778501628664495
16474,2026-05-20 14:50:00+00:00,-0.12483242749539013,0.279507603186097,0.08392247317795778,0.3778501628664495
16475,2026-05-20 14:55:00+00:00,-0.12483242749539013,0.279507603186097,0.0889303844048646,0.3778501628664495
16476,2026-05-20 15:00:00+00:00,-0.12483242749539013,0.279507603186097,0.0889303844048646,0.3778501628664495
16477,2026-05-20 15:05:00+00:00,-0.12483242749539013,0.279507603186097,0.0889303844048646,0.3778501628664495
16478,2026-05-20 15:10:00+00:00,-0.12483242749539013,0.279507603186097,0.0889303844048646,0.3778501628664495
16479,2026-05-20 15:15:00+00:00,-0.12483242749539013,0.279507603186097,0.0889303844048646,0.3778501628664495
16480,2026-05-20 15:20:00+00:00,-0.12483242749539013,0.279507603186097,0.0889303844048646,0.3778501628664495
16481,2026-05-20 15:25:00+00:00,-0.10985529182364606,0.279507603186097,0.0889303844048646,0.3778501628664495
16482,2026-05-20 15:30:00+00:00,-0.10985529182364606,0.279507603186097,0.0889303844048646,0.3778501628664495
16483,2026-05-20 15:35:00+00:00,-0.10985529182364606,0.279507603186097,0.0889303844048646,0.3778501628664495
16484,2026-05-20 15:40:00+00:00,-0.10985529182364606,0.279507603186097,0.0889303844048646,0.3778501628664495
16485,2026-05-20 15:45:00+00:00,-0.10985529182364606,0.279507603186097,0.11366840955131649,0.3778501628664495
16486,2026-05-20 15:50:00+00:00,-0.10985529182364606,0.279507603186097,0.0889303844048646,0.3778501628664495
16487,2026-05-20 15:55:00+00:00,-0.10985529182364606,0.279507603186097,0.09518834298216651,0.3778501628664495
16488,2026-05-20 16:00:00+00:00,-0.10985529182364606,0.279507603186097,0.1199263681286184,0.3778501628664495
16489,2026-05-20 16:05:00+00:00,-0.10985529182364606,0.279507603186097,0.1199263681286184,0.3778501628664495
16490,2026-05-20 16:10:00+00:00,-0.10985529182364606,0.279507603186097,0.1199263681286184,0.3778501628664495
16491,2026-05-20 16:15:00+00:00,-0.10985529182364606,0.279507603186097,0.12718380728145773,0.3778501628664495
16492,2026-05-20 16:20:00+00:00,-0.10985529182364606,0.279507603186097,0.09866768056470213,0.3778501628664495
16493,2026-05-20 16:25:00+00:00,-0.10985529182364606,0.279507603186097,0.10244578213500584,0.4412470023980815
16494,2026-05-20 16:30:00+00:00,-0.10985529182364606,0.279507603186097,0.10244578213500584,0.4412470023980815
16495,2026-05-20 16:35:00+00:00,-0.13935201495464072,0.279507603186097,0.10244578213500584,0.4412470023980815
16496,2026-05-20 16:40:00+00:00,-0.13935201495464072,0.279507603186097,0.10244578213500584,0.4412470023980815
16497,2026-05-20 16:45:00+00:00,-0.13935201495464072,0.279507603186097,0.10244578213500584,0.4412470023980815
16498,2026-05-20 16:50:00+00:00,-0.13935201495464072,0.279507603186097,0.10244578213500584,0.4412470023980815
16499,2026-05-20 16:55:00+00:00,-0.13935201495464072,0.279507603186097,0.10244578213500584,0.4412470023980815
16500,2026-05-20 17:00:00+00:00,-0.13935201495464072,0.279507603186097,0.12164709015845021,0.4412470023980815
16501,2026-05-20 17:05:00+00:00,-0.13935201495464072,0.279507603186097,0.12164709015845021,0.4412470023980815
16502,2026-05-20 17:10:00+00:00,-0.13935201495464072,0.279507603186097,0.10244578213500584,0.4412470023980815
16503,2026-05-20 17:15:00+00:00,-0.13935201495464072,0.279507603186097,0.10244578213500584,0.4412470023980815
16504,2026-05-20 17:20:00+00:00,-0.13935201495464072,0.279507603186097,0.12164709015845021,0.4412470023980815
16505,2026-05-20 17:25:00+00:00,-0.13935201495464072,0.279507603186097,0.12164709015845021,0.4412470023980815
16506,2026-05-20 17:30:00+00:00,-0.13935201495464072,0.279507603186097,0.12164709015845021,0.4412470023980815
16507,2026-05-20 17:35:00+00:00,-0.13935201495464072,0.279507603186097,0.10971672741232624,0.4412470023980815
16508,2026-05-20 17:40:00+00:00,-0.13935201495464072,0.279507603186097,0.10971672741232624,0.4412470023980815
16509,2026-05-20 17:45:00+00:00,-0.13935201495464072,0.279507603186097,0.10971672741232624,0.4412470023980815
16510,2026-05-20 17:50:00+00:00,-0.13935201495464072,0.279507603186097,0.10971672741232624,0.4412470023980815
16511,2026-05-20 17:55:00+00:00,-0.13935201495464072,0.279507603186097,0.12164709015845021,0.4412470023980815
16512,2026-05-20 18:00:00+00:00,-0.13935201495464072,0.279507603186097,0.10971672741232624,0.4412470023980815
16513,2026-05-20 18:05:00+00:00,-0.13935201495464072,0.279507603186097,0.10971672741232624,0.4412470023980815
16514,2026-05-20 18:10:00+00:00,-0.13935201495464072,0.279507603186097,0.10971672741232624,0.4412470023980815
16515,2026-05-20 18:15:00+00:00,-0.13935201495464072,0.279507603186097,0.10971672741232624,0.3778501628664495
16516,2026-05-20 18:20:00+00:00,-0.13935201495464072,0.279507603186097,0.10971672741232624,0.4412470023980815
16517,2026-05-20 18:25:00+00:00,-0.13935201495464072,0.279507603186097,0.10971672741232624,0.4412470023980815
16518,2026-05-20 18:30:00+00:00,-0.13935201495464072,0.279507603186097,0.10971672741232624,0.3778501628664495
16519,2026-05-20 18:35:00+00:00,-0.13935201495464072,0.279507603186097,0.10971672741232624,0.3778501628664495
16520,2026-05-20 18:40:00+00:00,-0.13935201495464072,0.279507603186097,0.10971672741232624,0.4412470023980815
16521,2026-05-20 18:45:00+00:00,-0.13935201495464072,0.279507603186097,0.10971672741232624,0.4412470023980815
16522,2026-05-20 18:50:00+00:00,-0.13935201495464072,0.279507603186097,0.10971672741232624,0.3778501628664495
16523,2026-05-20 18:55:00+00:00,-0.13935201495464072,0.279507603186097,0.10971672741232624,0.3778501628664495
16524,2026-05-20 19:00:00+00:00,-0.13935201495464072,0.279507603186097,0.10971672741232624,0.3778501628664495
16525,2026-05-20 19:05:00+00:00,-0.13935201495464072,0.279507603186097,0.10971672741232624,0.3778501628664495
16526,2026-05-20 19:10:00+00:00,-0.13935201495464072,0.279507603186097,0.10971672741232624,0.3778501628664495
16527,2026-05-20 19:15:00+00:00,-0.13935201495464072,0.279507603186097,0.10971672741232624,0.3778501628664495
16528,2026-05-20 19:20:00+00:00,-0.13935201495464072,0.279507603186097,0.10971672741232624,0.3778501628664495
16529,2026-05-20 19:25:00+00:00,-0.13935201495464072,0.279507603186097,0.10971672741232624,0.3778501628664495
16530,2026-05-20 19:30:00+00:00,-0.09937711327094742,0.279507603186097,0.10971672741232624,0.3778501628664495
16531,2026-05-20 19:35:00+00:00,-0.13935201495464072,0.279507603186097,0.10971672741232624,0.3778501628664495
16532,2026-05-20 19:40:00+00:00,-0.10985529182364606,0.279507603186097,0.10971672741232624,0.3778501628664495
16533,2026-05-20 19:45:00+00:00,-0.10985529182364606,0.279507603186097,0.10971672741232624,0.3778501628664495
16534,2026-05-20 19:50:00+00:00,-0.10985529182364606,0.279507603186097,0.10971672741232624,0.3778501628664495
16535,2026-05-20 19:55:00+00:00,-0.10985529182364606,0.279507603186097,0.10971672741232624,0.3778501628664495
16536,2026-05-20 20:00:00+00:00,-0.10985529182364606,0.279507603186097,0.10244578213500584,0.3778501628664495
16537,2026-05-20 20:05:00+00:00,-0.10985529182364606,0.279507603186097,0.10244578213500584,0.3778501628664495
16538,2026-05-20 20:10:00+00:00,-0.10985529182364606,0.279507603186097,0.10244578213500584,0.3778501628664495
16539,2026-05-20 20:15:00+00:00,-0.10985529182364606,0.279507603186097,0.10971672741232624,0.3778501628664495
16540,2026-05-20 20:20:00+00:00,-0.10985529182364606,0.279507603186097,0.10971672741232624,0.3778501628664495
16541,2026-05-20 20:25:00+00:00,-0.10985529182364606,0.279507603186097,0.10971672741232624,0.3261802575107296
16542,2026-05-20 20:30:00+00:00,-0.10985529182364606,0.279507603186097,0.12136679335798214,0.3778501628664495
16543,2026-05-20 20:35:00+00:00,-0.10985529182364606,0.279507603186097,0.12136679335798214,0.3778501628664495
16544,2026-05-20 20:40:00+00:00,-0.10985529182364606,0.279507603186097,0.12136679335798214,0.3778501628664495
16545,2026-05-20 20:45:00+00:00,-0.10985529182364606,0.279507603186097,0.12164709015845021,0.4412470023980815
16546,2026-05-20 20:50:00+00:00,-0.10985529182364606,0.279507603186097,0.12164709015845021,0.4412470023980815
16547,2026-05-20 20:55:00+00:00,-0.10985529182364606,0.279507603186097,0.12164709015845021,0.4412470023980815
16548,2026-05-20 22:00:00+00:00,-0.10985529182364606,0.279507603186097,0.12164709015845021,0.4412470023980815
16549,2026-05-20 22:05:00+00:00,-0.10985529182364606,0.279507603186097,0.12164709015845021,0.4412470023980815
16550,2026-05-20 22:10:00+00:00,-0.13935201495464072,0.279507603186097,0.12164709015845021,0.4412470023980815
16551,2026-05-20 22:15:00+00:00,-0.13935201495464072,0.279507603186097,0.12164709015845021,0.4412470023980815
16552,2026-05-20 22:20:00+00:00,-0.13935201495464072,0.279507603186097,0.12164709015845021,0.4412470023980815
16553,2026-05-20 22:25:00+00:00,-0.13935201495464072,0.279507603186097,0.12164709015845021,0.4412470023980815
16554,2026-05-20 22:30:00+00:00,-0.13935201495464072,0.279507603186097,0.12164709015845021,0.4412470023980815
16555,2026-05-20 22:35:00+00:00,-0.13935201495464072,0.279507603186097,0.10971672741232624,0.4412470023980815
16556,2026-05-20 22:40:00+00:00,-0.13935201495464072,0.279507603186097,0.12164709015845021,0.4412470023980815
16557,2026-05-20 22:45:00+00:00,-0.13935201495464072,0.279507603186097,0.12164709015845021,0.4412470023980815
16558,2026-05-20 22:50:00+00:00,-0.13935201495464072,0.279507603186097,0.12164709015845021,0.4412470023980815
16559,2026-05-20 22:55:00+00:00,-0.13935201495464072,0.279507603186097,0.11379406204501703,0.4412470023980815
16560,2026-05-20 23:00:00+00:00,-0.13935201495464072,0.279507603186097,0.11379406204501703,0.4412470023980815
16561,2026-05-20 23:05:00+00:00,-0.13935201495464072,0.279507603186097,0.11379406204501703,0.4412470023980815
16562,2026-05-20 23:10:00+00:00,-0.13935201495464072,0.279507603186097,0.11379406204501703,0.4412470023980815
16563,2026-05-20 23:15:00+00:00,-0.13935201495464072,0.279507603186097,0.11379406204501703,0.4412470023980815
16564,2026-05-20 23:20:00+00:00,-0.13935201495464072,0.279507603186097,0.11379406204501703,0.4412470023980815
16565,2026-05-20 23:25:00+00:00,-0.13935201495464072,0.279507603186097,0.11379406204501703,0.4412470023980815
16566,2026-05-20 23:30:00+00:00,-0.13935201495464072,0.279507603186097,0.11379406204501703,0.4412470023980815
16567,2026-05-20 23:35:00+00:00,-0.13935201495464072,0.279507603186097,0.10186369929889307,0.4412470023980815
16568,2026-05-20 23:40:00+00:00,-0.13935201495464072,0.279507603186097,0.10186369929889307,0.4412470023980815
16569,2026-05-20 23:45:00+00:00,-0.13935201495464072,0.279507603186097,0.10186369929889307,0.4412470023980815
16570,2026-05-20 23:50:00+00:00,-0.09937711327094742,0.3204225352112676,0.10186369929889307,0.4412470023980815
16571,2026-05-20 23:55:00+00:00,-0.13439114919905576,0.279507603186097,0.0953173153801123,0.3778501628664495
16572,2026-05-21 00:00:00+00:00,-0.13439114919905576,0.279507603186097,0.0953173153801123,0.4412470023980815
16573,2026-05-21 00:05:00+00:00,-0.13439114919905576,0.279507603186097,0.0953173153801123,0.4412470023980815
16574,2026-05-21 00:10:00+00:00,-0.13439114919905576,0.279507603186097,0.0953173153801123,0.4412470023980815
16575,2026-05-21 00:15:00+00:00,-0.13439114919905576,0.279507603186097,0.0953173153801123,0.4412470023980815
16576,2026-05-21 00:20:00+00:00,-0.13439114919905576,0.279507603186097,0.10724767812623627,0.4412470023980815
16577,2026-05-21 00:25:00+00:00,-0.13439114919905576,0.279507603186097,0.10724767812623627,0.4412470023980815
16578,2026-05-21 00:30:00+00:00,-0.13439114919905576,0.279507603186097,0.0953173153801123,0.4412470023980815
16579,2026-05-21 00:35:00+00:00,-0.13439114919905576,0.279507603186097,0.10724767812623627,0.4412470023980815
16580,2026-05-21 00:40:00+00:00,-0.13439114919905576,0.279507603186097,0.0953173153801123,0.4412470023980815
16581,2026-05-21 00:45:00+00:00,-0.13439114919905576,0.279507603186097,0.0953173153801123,0.4412470023980815
16582,2026-05-21 00:50:00+00:00,-0.13439114919905576,0.279507603186097,0.0953173153801123,0.4412470023980815
16583,2026-05-21 00:55:00+00:00,-0.1198714007086249,0.279507603186097,0.0953173153801123,0.4412470023980815
16584,2026-05-21 01:00:00+00:00,-0.1198714007086249,0.279507603186097,0.10724767812623627,0.4412470023980815
16585,2026-05-21 01:05:00+00:00,-0.1198714007086249,0.279507603186097,0.0953173153801123,0.4412470023980815
16586,2026-05-21 01:10:00+00:00,-0.1198714007086249,0.279507603186097,0.08805987622727297,0.3778501628664495
16587,2026-05-21 01:15:00+00:00,-0.1198714007086249,0.279507603186097,0.08805987622727297,0.3778501628664495
16588,2026-05-21 01:20:00+00:00,-0.1198714007086249,0.279507603186097,0.08805987622727297,0.3778501628664495
16589,2026-05-21 01:25:00+00:00,-0.1198714007086249,0.279507603186097,0.08805987622727297,0.3778501628664495
16590,2026-05-21 01:30:00+00:00,-0.1198714007086249,0.279507603186097,0.08805987622727297,0.3778501628664495
16591,2026-05-21 01:35:00+00:00,-0.1198714007086249,0.279507603186097,0.08805987622727297,0.3778501628664495
16592,2026-05-21 01:40:00+00:00,-0.1198714007086249,0.279507603186097,0.08805987622727297,0.3778501628664495
16593,2026-05-21 01:45:00+00:00,-0.1198714007086249,0.279507603186097,0.0953173153801123,0.3778501628664495
16594,2026-05-21 01:50:00+00:00,-0.10028335329241546,0.3204225352112676,0.07488986675117675,0.3778501628664495
16595,2026-05-21 01:55:00+00:00,-0.10636716989060668,0.279507603186097,0.07090123647597396,0.3261802575107296
16596,2026-05-21 02:00:00+00:00,-0.10636716989060668,0.279507603186097,0.07090123647597396,0.3261802575107296
16597,2026-05-21 02:05:00+00:00,-0.10636716989060668,0.279507603186097,0.07090123647597396,0.3261802575107296
16598,2026-05-21 02:10:00+00:00,-0.10636716989060668,0.279507603186097,0.07090123647597396,0.3261802575107296
16599,2026-05-21 02:15:00+00:00,-0.10636716989060668,0.279507603186097,0.07090123647597396,0.3261802575107296
16600,2026-05-21 02:20:00+00:00,-0.10636716989060668,0.279507603186097,0.07090123647597396,0.3261802575107296
16601,2026-05-21 02:25:00+00:00,-0.10636716989060668,0.279507603186097,0.07090123647597396,0.34408602150537637
16602,2026-05-21 02:30:00+00:00,-0.10636716989060668,0.279507603186097,0.0486009504526219,0.3261802575107296
16603,2026-05-21 02:35:00+00:00,-0.10636716989060668,0.279507603186097,0.07090123647597396,0.34408602150537637
16604,2026-05-21 02:40:00+00:00,-0.12266932960337912,0.279507603186097,0.07090123647597396,0.34408602150537637
16605,2026-05-21 02:45:00+00:00,-0.12266932960337912,0.279507603186097,0.07090123647597396,0.3261802575107296
16606,2026-05-21 02:50:00+00:00,-0.12266932960337912,0.279507603186097,0.07090123647597396,0.3261802575107296
16607,2026-05-21 02:55:00+00:00,-0.13094428793244003,0.279507603186097,0.10971481821185483,0.3261802575107296
16608,2026-05-21 03:00:00+00:00,-0.13094428793244003,0.279507603186097,0.10971481821185483,0.3261802575107296
16609,2026-05-21 03:05:00+00:00,-0.13094428793244003,0.279507603186097,0.10971481821185483,0.3261802575107296
16610,2026-05-21 03:10:00+00:00,-0.13094428793244003,0.279507603186097,0.10971481821185483,0.3261802575107296
16611,2026-05-21 03:15:00+00:00,-0.13094428793244003,0.279507603186097,0.10971481821185483,0.3261802575107296
16612,2026-05-21 03:20:00+00:00,-0.13094428793244003,0.279507603186097,0.13514045663356844,0.3261802575107296
16613,2026-05-21 03:25:00+00:00,-0.13094428793244003,0.279507603186097,0.13514045663356844,0.3261802575107296
16614,2026-05-21 03:30:00+00:00,-0.13094428793244003,0.279507603186097,0.15608300274151968,0.4412470023980815
16615,2026-05-21 03:35:00+00:00,-0.13094428793244003,0.279507603186097,0.13991579370425933,0.4412470023980815
16616,2026-05-21 03:40:00+00:00,-0.13094428793244003,0.279507603186097,0.13991579370425933,0.4412470023980815
16617,2026-05-21 03:45:00+00:00,-0.13094428793244003,0.279507603186097,0.25535766363922224,0.4412470023980815
16618,2026-05-21 03:50:00+00:00,-0.13094428793244003,0.279507603186097,0.25535766363922224,0.4412470023980815
16619,2026-05-21 03:55:00+00:00,-0.13094428793244003,0.279507603186097,0.25535766363922224,0.4412470023980815
16620,2026-05-21 04:00:00+00:00,-0.13094428793244003,0.279507603186097,0.1286911175728161,0.3778501628664495
16621,2026-05-21 04:05:00+00:00,-0.13094428793244003,0.279507603186097,0.1077485714648649,0.3778501628664495
16622,2026-05-21 04:10:00+00:00,-0.13094428793244003,0.279507603186097,0.1077485714648649,0.3778501628664495
16623,2026-05-21 04:15:00+00:00,-0.13094428793244003,0.279507603186097,0.1077485714648649,0.3778501628664495
16624,2026-05-21 04:20:00+00:00,-0.1038027371380168,0.3204225352112676,0.09272355766643903,0.3778501628664495
16625,2026-05-21 04:25:00+00:00,-0.11143562984756553,0.279507603186097,0.10589356714253526,0.3778501628664495
16626,2026-05-21 04:30:00+00:00,-0.11143562984756553,0.279507603186097,0.11782392988865922,0.3778501628664495
16627,2026-05-21 04:35:00+00:00,-0.11143562984756553,0.279507603186097,0.10589356714253526,0.3778501628664495
16628,2026-05-21 04:40:00+00:00,-0.11143562984756553,0.279507603186097,0.12091858094096113,0.3778501628664495
16629,2026-05-21 04:45:00+00:00,-0.11143562984756553,0.279507603186097,0.12091858094096113,0.3778501628664495
16630,2026-05-21 04:50:00+00:00,-0.11143562984756553,0.279507603186097,0.12091858094096113,0.3778501628664495
16631,2026-05-21 04:55:00+00:00,-0.11143562984756553,0.3204225352112676,0.025808479929010062,0.3261802575107296
16632,2026-05-21 05:00:00+00:00,-0.11143562984756553,0.3204225352112676,0.025808479929010062,0.3261802575107296
16633,2026-05-21 05:05:00+00:00,-0.11143562984756553,0.3204225352112676,0.03773884267513404,0.3261802575107296
16634,2026-05-21 05:10:00+00:00,-0.11143562984756553,0.3204225352112676,0.03773884267513404,0.3261802575107296
16635,2026-05-21 05:15:00+00:00,-0.11143562984756553,0.3204225352112676,0.03773884267513404,0.3261802575107296
16636,2026-05-21 05:20:00+00:00,-0.11143562984756553,0.3204225352112676,-0.03329260042511035,0.3261802575107296
16637,2026-05-21 05:25:00+00:00,-0.11143562984756553,0.279507603186097,-0.037521277026760516,0.3261802575107296
16638,2026-05-21 05:30:00+00:00,-0.11143562984756553,0.279507603186097,0.03351016607348388,0.3261802575107296
16639,2026-05-21 05:35:00+00:00,-0.11143562984756553,0.279507603186097,0.03351016607348388,0.3261802575107296
16640,2026-05-21 05:40:00+00:00,-0.11143562984756553,0.279507603186097,0.018485152275058005,0.3261802575107296
16641,2026-05-21 05:45:00+00:00,-0.11143562984756553,0.3204225352112676,-0.04973999485366881,0.297427652733119
16642,2026-05-21 05:50:00+00:00,-0.11143562984756553,0.3204225352112676,0.006554789528934028,0.3261802575107296
16643,2026-05-21 05:55:00+00:00,-0.11143562984756553,0.3204225352112676,0.022713828876708166,0.34408602150537637
16644,2026-05-21 06:00:00+00:00,-0.13094428793244003,0.279507603186097,0.010783466130584191,0.34408602150537637
16645,2026-05-21 06:05:00+00:00,-0.13094428793244003,0.279507603186097,-0.0023865433455120336,0.3261802575107296
16646,2026-05-21 06:10:00+00:00,-0.13094428793244003,0.279507603186097,-0.0023865433455120336,0.3261802575107296
16647,2026-05-21 06:15:00+00:00,-0.13094428793244003,0.279507603186097,-0.0023865433455120336,0.3261802575107296
16648,2026-05-21 06:20:00+00:00,-0.13094428793244003,0.279507603186097,-0.0023865433455120336,0.3261802575107296
16649,2026-05-21 06:25:00+00:00,-0.13094428793244003,0.279507603186097,-0.0023865433455120336,0.3261802575107296
16650,2026-05-21 06:30:00+00:00,-0.13094428793244003,0.279507603186097,-0.0023865433455120336,0.3261802575107296
16651,2026-05-21 06:35:00+00:00,-0.13094428793244003,0.279507603186097,-0.0023865433455120336,0.3261802575107296
16652,2026-05-21 06:40:00+00:00,-0.1038027371380168,0.3204225352112676,-0.0023865433455120336,0.3261802575107296
16653,2026-05-21 06:45:00+00:00,-0.1038027371380168,0.3204225352112676,-0.006615219947162195,0.3261802575107296
16654,2026-05-21 06:50:00+00:00,-0.11143562984756553,0.3204225352112676,-0.057961359388133724,0.297427652733119
16655,2026-05-21 06:55:00+00:00,-0.11143562984756553,0.279507603186097,0.057588823985190545,0.3778501628664495
16656,2026-05-21 07:00:00+00:00,-0.11143562984756553,0.279507603186097,0.03714874162381732,0.34408602150537637
16657,2026-05-21 07:05:00+00:00,-0.11143562984756553,0.279507603186097,0.03714874162381732,0.34408602150537637
16658,2026-05-21 07:10:00+00:00,-0.11143562984756553,0.279507603186097,0.03714874162381732,0.34408602150537637
16659,2026-05-21 07:15:00+00:00,-0.11143562984756553,0.279507603186097,0.03714874162381732,0.34408602150537637
16660,2026-05-21 07:20:00+00:00,-0.11143562984756553,0.279507603186097,0.03714874162381732,0.34408602150537637
16661,2026-05-21 07:25:00+00:00,-0.11143562984756553,0.279507603186097,0.03714874162381732,0.34408602150537637
16662,2026-05-21 07:30:00+00:00,-0.11143562984756553,0.279507603186097,0.03714874162381732,0.3261802575107296
16663,2026-05-21 07:35:00+00:00,-0.11143562984756553,0.279507603186097,0.03714874162381732,0.34408602150537637
16664,2026-05-21 07:40:00+00:00,-0.11143562984756553,0.279507603186097,0.03714874162381732,0.34408602150537637
16665,2026-05-21 07:45:00+00:00,-0.11143562984756553,0.279507603186097,0.03714874162381732,0.3778501628664495
16666,2026-05-21 07:50:00+00:00,-0.11143562984756553,0.279507603186097,0.03714874162381732,0.3778501628664495
16667,2026-05-21 07:55:00+00:00,-0.11143562984756553,0.279507603186097,0.022947779333546935,0.34408602150537637
16668,2026-05-21 08:00:00+00:00,-0.1038027371380168,0.279507603186097,0.07429391877451849,0.4412470023980815
16669,2026-05-21 08:05:00+00:00,-0.1038027371380168,0.279507603186097,0.07429391877451849,0.4412470023980815
16670,2026-05-21 08:10:00+00:00,-0.1038027371380168,0.279507603186097,0.07852259537616865,0.4412470023980815
16671,2026-05-21 08:15:00+00:00,-0.1038027371380168,0.279507603186097,0.07852259537616865,0.4412470023980815
16672,2026-05-21 08:20:00+00:00,-0.1038027371380168,0.279507603186097,0.07852259537616865,0.4412470023980815
16673,2026-05-21 08:25:00+00:00,-0.1038027371380168,0.279507603186097,0.07852259537616865,0.4412470023980815
16674,2026-05-21 08:30:00+00:00,-0.1038027371380168,0.279507603186097,0.07852259537616865,0.4412470023980815
16675,2026-05-21 08:35:00+00:00,-0.11143562984756553,0.279507603186097,0.09169260485226487,0.4412470023980815
16676,2026-05-21 08:40:00+00:00,-0.13094428793244003,0.279507603186097,0.09169260485226487,0.4412470023980815
16677,2026-05-21 08:45:00+00:00,-0.13094428793244003,0.279507603186097,0.10671761865069074,0.4412470023980815
16678,2026-05-21 08:50:00+00:00,-0.13094428793244003,0.279507603186097,0.07852259537616865,0.4412470023980815
16679,2026-05-21 08:55:00+00:00,-0.13094428793244003,0.279507603186097,0.09354760917459451,0.3778501628664495
16680,2026-05-21 09:00:00+00:00,-0.13094428793244003,0.279507603186097,0.09354760917459451,0.3778501628664495
16681,2026-05-21 09:05:00+00:00,-0.13094428793244003,0.279507603186097,0.07852259537616865,0.3778501628664495
16682,2026-05-21 09:10:00+00:00,-0.13094428793244003,0.279507603186097,0.07852259537616865,0.3778501628664495
16683,2026-05-21 09:15:00+00:00,-0.13094428793244003,0.279507603186097,0.07852259537616865,0.3778501628664495
16684,2026-05-21 09:20:00+00:00,-0.13094428793244003,0.279507603186097,0.07852259537616865,0.3778501628664495
16685,2026-05-21 09:25:00+00:00,-0.13094428793244003,0.279507603186097,0.08765150093983386,0.3778501628664495
16686,2026-05-21 09:30:00+00:00,-0.13094428793244003,0.279507603186097,0.08765150093983386,0.3778501628664495
16687,2026-05-21 09:35:00+00:00,-0.13094428793244003,0.279507603186097,0.08765150093983386,0.3778501628664495
16688,2026-05-21 09:40:00+00:00,-0.13094428793244003,0.279507603186097,0.08765150093983386,0.3778501628664495
16689,2026-05-21 09:45:00+00:00,-0.13094428793244003,0.279507603186097,0.09354760917459451,0.3778501628664495
16690,2026-05-21 09:50:00+00:00,-0.13094428793244003,0.279507603186097,0.09354760917459451,0.3778501628664495
16691,2026-05-21 09:55:00+00:00,-0.12266932960337912,0.279507603186097,0.08035266069235718,0.4412470023980815
16692,2026-05-21 10:00:00+00:00,-0.12266932960337912,0.279507603186097,0.08035266069235718,0.4412470023980815
16693,2026-05-21 10:05:00+00:00,-0.12266932960337912,0.279507603186097,0.08035266069235718,0.4412470023980815
16694,2026-05-21 10:10:00+00:00,-0.12266932960337912,0.279507603186097,0.0935226701684534,0.4412470023980815
16695,2026-05-21 10:15:00+00:00,-0.12266932960337912,0.279507603186097,0.08585548131063742,0.4412470023980815
16696,2026-05-21 10:20:00+00:00,-0.11143562984756553,0.279507603186097,0.09778584405676138,0.4412470023980815
16697,2026-05-21 10:25:00+00:00,-0.11143562984756553,0.279507603186097,0.0426429543487979,0.3778501628664495
16698,2026-05-21 10:30:00+00:00,-0.11143562984756553,0.279507603186097,0.025332020326384395,0.3261802575107296
16699,2026-05-21 10:35:00+00:00,-0.11143562984756553,0.279507603186097,0.03841427774714774,0.34408602150537637
16700,2026-05-21 10:40:00+00:00,-0.11143562984756553,0.279507603186097,0.03841427774714774,0.3778501628664495
16701,2026-05-21 10:45:00+00:00,-0.11143562984756553,0.279507603186097,0.03841427774714774,0.3778501628664495
16702,2026-05-21 10:50:00+00:00,-0.11143562984756553,0.279507603186097,0.03841427774714774,0.3778501628664495
16703,2026-05-21 10:55:00+00:00,-0.1165855130051879,0.279507603186097,0.04486613837490156,0.3778501628664495
16704,2026-05-21 11:00:00+00:00,-0.1165855130051879,0.279507603186097,0.03178388095413821,0.3778501628664495
16705,2026-05-21 11:05:00+00:00,-0.1165855130051879,0.279507603186097,0.03178388095413821,0.3778501628664495
16706,2026-05-21 11:10:00+00:00,-0.1165855130051879,0.279507603186097,0.03178388095413821,0.3778501628664495
16707,2026-05-21 11:15:00+00:00,-0.1165855130051879,0.279507603186097,0.03178388095413821,0.3778501628664495
16708,2026-05-21 11:20:00+00:00,-0.1165855130051879,0.279507603186097,0.03178388095413821,0.3778501628664495
16709,2026-05-21 11:25:00+00:00,-0.1165855130051879,0.279507603186097,0.03178388095413821,0.3778501628664495
16710,2026-05-21 11:30:00+00:00,-0.1165855130051879,0.279507603186097,0.03178388095413821,0.3778501628664495
16711,2026-05-21 11:35:00+00:00,-0.1165855130051879,0.279507603186097,0.03178388095413821,0.3778501628664495
16712,2026-05-21 11:40:00+00:00,-0.1165855130051879,0.279507603186097,0.231325880618712,0.4412470023980815
16713,2026-05-21 11:45:00+00:00,-0.1165855130051879,0.279507603186097,0.231325880618712,0.4412470023980815
16714,2026-05-21 11:50:00+00:00,-0.1165855130051879,0.279507603186097,0.231325880618712,0.4412470023980815
16715,2026-05-21 11:55:00+00:00,-0.1165855130051879,0.279507603186097,0.22325582351184153,0.4412470023980815
16716,2026-05-21 12:00:00+00:00,-0.1165855130051879,0.279507603186097,0.023713823847267758,0.3261802575107296
16717,2026-05-21 12:05:00+00:00,-0.1165855130051879,0.279507603186097,0.023713823847267758,0.3261802575107296
16718,2026-05-21 12:10:00+00:00,-0.1165855130051879,0.279507603186097,0.023713823847267758,0.3261802575107296
16719,2026-05-21 12:15:00+00:00,-0.10554416293328063,0.279507603186097,0.023713823847267758,0.3261802575107296
16720,2026-05-21 12:20:00+00:00,-0.10554416293328063,0.279507603186097,0.033081626090674714,0.3261802575107296
16721,2026-05-21 12:25:00+00:00,-0.10554416293328063,0.279507603186097,0.024860261556209788,0.3261802575107296
16722,2026-05-21 12:30:00+00:00,-0.10554416293328063,0.279507603186097,0.015492459312802841,0.3261802575107296
16723,2026-05-21 12:35:00+00:00,-0.1053518132493743,0.279507603186097,0.02353843675081071,0.3261802575107296
16724,2026-05-21 12:40:00+00:00,-0.1053518132493743,0.279507603186097,0.02353843675081071,0.3261802575107296
16725,2026-05-21 12:45:00+00:00,-0.1053518132493743,0.279507603186097,0.015492459312802841,0.3261802575107296
16726,2026-05-21 12:50:00+00:00,-0.1053518132493743,0.279507603186097,0.015492459312802841,0.3261802575107296
16727,2026-05-21 12:55:00+00:00,-0.1053518132493743,0.279507603186097,0.023562516419673295,0.3261802575107296
16728,2026-05-21 13:00:00+00:00,-0.1053518132493743,0.279507603186097,0.023562516419673295,0.3261802575107296
16729,2026-05-21 13:05:00+00:00,-0.1053518132493743,0.279507603186097,0.023562516419673295,0.3261802575107296
16730,2026-05-21 13:10:00+00:00,-0.1053518132493743,0.279507603186097,0.023562516419673295,0.3261802575107296
16731,2026-05-21 13:15:00+00:00,-0.1053518132493743,0.279507603186097,0.023562516419673295,0.3261802575107296
16732,2026-05-21 13:20:00+00:00,-0.1053518132493743,0.279507603186097,0.032930318663080244,0.3261802575107296
16733,2026-05-21 13:25:00+00:00,-0.1053518132493743,0.279507603186097,0.023562516419673295,0.3261802575107296
16734,2026-05-21 13:30:00+00:00,-0.1053518132493743,0.279507603186097,0.032930318663080244,0.3261802575107296
16735,2026-05-21 13:35:00+00:00,-0.1053518132493743,0.279507603186097,0.032930318663080244,0.3261802575107296
16736,2026-05-21 13:40:00+00:00,-0.1053518132493743,0.279507603186097,0.023562516419673295,0.3261802575107296
16737,2026-05-21 13:45:00+00:00,-0.1053518132493743,0.279507603186097,0.03160849385768118,0.3261802575107296
16738,2026-05-21 13:50:00+00:00,-0.1053518132493743,0.279507603186097,0.06765121670780551,0.4412470023980815
16739,2026-05-21 13:55:00+00:00,-0.10554416293328063,0.279507603186097,0.0638098362025852,0.4412470023980815
16740,2026-05-21 14:00:00+00:00,-0.10554416293328063,0.279507603186097,0.015492459312802841,0.3261802575107296
16741,2026-05-21 14:05:00+00:00,-0.10554416293328063,0.279507603186097,0.015492459312802841,0.3261802575107296
16742,2026-05-21 14:10:00+00:00,-0.10554416293328063,0.279507603186097,0.015492459312802841,0.3261802575107296
16743,2026-05-21 14:15:00+00:00,-0.10554416293328063,0.279507603186097,0.015492459312802841,0.3261802575107296
16744,2026-05-21 14:20:00+00:00,-0.10554416293328063,0.279507603186097,0.015492459312802841,0.3261802575107296
16745,2026-05-21 14:25:00+00:00,-0.10554416293328063,0.279507603186097,0.015492459312802841,0.3261802575107296
16746,2026-05-21 14:30:00+00:00,-0.10554416293328063,0.279507603186097,0.015492459312802841,0.3261802575107296
16747,2026-05-21 14:35:00+00:00,-0.10554416293328063,0.279507603186097,0.015492459312802841,0.3261802575107296
16748,2026-05-21 14:40:00+00:00,-0.10554416293328063,0.279507603186097,0.015492459312802841,0.3261802575107296
16749,2026-05-21 14:45:00+00:00,-0.10554416293328063,0.279507603186097,0.015492459312802841,0.3261802575107296
16750,2026-05-21 14:50:00+00:00,-0.10554416293328063,0.279507603186097,0.015492459312802841,0.3261802575107296
16751,2026-05-21 14:55:00+00:00,-0.10554416293328063,0.279507603186097,0.015492459312802841,0.3261802575107296
16752,2026-05-21 15:00:00+00:00,-0.10554416293328063,0.279507603186097,0.015492459312802841,0.3261802575107296
16753,2026-05-21 15:05:00+00:00,-0.10554416293328063,0.279507603186097,0.015492459312802841,0.3261802575107296
16754,2026-05-21 15:10:00+00:00,-0.10554416293328063,0.279507603186097,0.015492459312802841,0.3261802575107296
16755,2026-05-21 15:15:00+00:00,-0.10554416293328063,0.279507603186097,0.015492459312802841,0.3261802575107296
16756,2026-05-21 15:20:00+00:00,-0.10554416293328063,0.279507603186097,0.015492459312802841,0.3261802575107296
16757,2026-05-21 15:25:00+00:00,-0.10554416293328063,0.279507603186097,0.015492459312802841,0.3261802575107296
16758,2026-05-21 15:30:00+00:00,-0.10554416293328063,0.279507603186097,0.015492459312802841,0.3261802575107296
16759,2026-05-21 15:35:00+00:00,-0.10554416293328063,0.279507603186097,0.015492459312802841,0.3261802575107296
16760,2026-05-21 15:40:00+00:00,-0.10554416293328063,0.279507603186097,0.015492459312802841,0.3261802575107296
16761,2026-05-21 15:45:00+00:00,-0.10554416293328063,0.279507603186097,0.015492459312802841,0.3261802575107296
16762,2026-05-21 15:50:00+00:00,-0.1053518132493743,0.279507603186097,0.015492459312802841,0.3261802575107296
16763,2026-05-21 15:55:00+00:00,-0.1053518132493743,0.279507603186097,0.015492459312802841,0.3261802575107296
16764,2026-05-21 16:00:00+00:00,-0.1053518132493743,0.279507603186097,0.08000860822987062,0.4412470023980815
16765,2026-05-21 16:05:00+00:00,-0.1053518132493743,0.279507603186097,0.08423728483152078,0.4412470023980815
16766,2026-05-21 16:10:00+00:00,-0.1053518132493743,0.279507603186097,0.08423728483152078,0.4412470023980815
16767,2026-05-21 16:15:00+00:00,-0.1053518132493743,0.279507603186097,0.08423728483152078,0.4412470023980815
16768,2026-05-21 16:20:00+00:00,-0.1053518132493743,0.279507603186097,0.08423728483152078,0.4412470023980815
16769,2026-05-21 16:25:00+00:00,-0.1053518132493743,0.279507603186097,0.08423728483152078,0.4412470023980815
16770,2026-05-21 16:30:00+00:00,-0.1053518132493743,0.279507603186097,0.08423728483152078,0.4412470023980815
16771,2026-05-21 16:35:00+00:00,-0.1053518132493743,0.279507603186097,0.08423728483152078,0.4412470023980815
16772,2026-05-21 16:40:00+00:00,-0.1053518132493743,0.279507603186097,0.08423728483152078,0.4412470023980815
16773,2026-05-21 16:45:00+00:00,-0.1053518132493743,0.279507603186097,0.08423728483152078,0.4412470023980815
16774,2026-05-21 16:50:00+00:00,-0.1165855130051879,0.279507603186097,0.07106727535542455,0.4412470023980815
16775,2026-05-21 16:55:00+00:00,-0.1165855130051879,0.279507603186097,0.07106727535542455,0.4412470023980815
16776,2026-05-21 17:00:00+00:00,-0.1165855130051879,0.279507603186097,0.07106727535542455,0.4412470023980815
16777,2026-05-21 17:05:00+00:00,-0.1165855130051879,0.279507603186097,0.07106727535542455,0.4412470023980815
16778,2026-05-21 17:10:00+00:00,-0.1165855130051879,0.279507603186097,0.07106727535542455,0.4412470023980815
16779,2026-05-21 17:15:00+00:00,-0.1165855130051879,0.279507603186097,0.0638098362025852,0.3778501628664495
16780,2026-05-21 17:20:00+00:00,-0.1165855130051879,0.279507603186097,0.0638098362025852,0.3778501628664495
16781,2026-05-21 17:25:00+00:00,-0.1165855130051879,0.279507603186097,0.14940569030796985,0.4412470023980815
16782,2026-05-21 17:30:00+00:00,-0.1165855130051879,0.279507603186097,0.07993833782273943,0.3778501628664495
16783,2026-05-21 17:35:00+00:00,-0.1165855130051879,0.279507603186097,0.14940569030796985,0.4412470023980815
16784,2026-05-21 17:40:00+00:00,-0.10028335329241546,0.279507603186097,0.21033509846548318,0.4412470023980815
16785,2026-05-21 17:45:00+00:00,-0.10990466473211744,0.279507603186097,0.15707287916578583,0.4412470023980815
16786,2026-05-21 17:50:00+00:00,-0.10028335329241546,0.279507603186097,0.15707287916578583,0.4412470023980815
16787,2026-05-21 17:55:00+00:00,-0.10028335329241546,0.279507603186097,0.14723070707424998,0.4412470023980815
16788,2026-05-21 18:00:00+00:00,-0.10028335329241546,0.279507603186097,0.08735176286280633,0.3778501628664495
16789,2026-05-21 18:05:00+00:00,-0.10028335329241546,0.279507603186097,0.06534743028391854,0.3778501628664495
16790,2026-05-21 18:10:00+00:00,-0.10028335329241546,0.279507603186097,0.134814782769149,0.3778501628664495
16791,2026-05-21 18:15:00+00:00,-0.10990466473211744,0.279507603186097,0.134814782769149,0.3778501628664495
16792,2026-05-21 18:20:00+00:00,-0.10028335329241546,0.279507603186097,0.134814782769149,0.3778501628664495
16793,2026-05-21 18:25:00+00:00,-0.10028335329241546,0.279507603186097,0.15681911534803675,0.4412470023980815
16794,2026-05-21 18:30:00+00:00,-0.10028335329241546,0.279507603186097,0.15681911534803675,0.4412470023980815
16795,2026-05-21 18:35:00+00:00,-0.10028335329241546,0.279507603186097,0.134814782769149,0.3778501628664495
16796,2026-05-21 18:40:00+00:00,-0.10028335329241546,0.279507603186097,0.134814782769149,0.3778501628664495
16797,2026-05-21 18:45:00+00:00,-0.10028335329241546,0.279507603186097,0.134814782769149,0.3778501628664495
16798,2026-05-21 18:50:00+00:00,-0.10028335329241546,0.279507603186097,0.134814782769149,0.3778501628664495
16799,2026-05-21 18:55:00+00:00,-0.10028335329241546,0.279507603186097,0.014067912249712681,0.3261802575107296
16800,2026-05-21 19:00:00+00:00,-0.1165855130051879,0.279507603186097,0.014067912249712681,0.3261802575107296
16801,2026-05-21 19:05:00+00:00,-0.1165855130051879,0.279507603186097,0.014067912249712681,0.3261802575107296
16802,2026-05-21 19:10:00+00:00,-0.1165855130051879,0.279507603186097,0.014067912249712681,0.3261802575107296
16803,2026-05-21 19:15:00+00:00,-0.1165855130051879,0.279507603186097,0.028877602731615284,0.3261802575107296
16804,2026-05-21 19:20:00+00:00,-0.1165855130051879,0.279507603186097,0.038233948744006575,0.3261802575107296
16805,2026-05-21 19:25:00+00:00,-0.1165855130051879,0.279507603186097,0.030566759886190575,0.3261802575107296
16806,2026-05-21 19:30:00+00:00,-0.09771892053982557,0.279507603186097,0.038233948744006575,0.3261802575107296
16807,2026-05-21 19:35:00+00:00,-0.09771892053982557,0.279507603186097,0.038233948744006575,0.3261802575107296
16808,2026-05-21 19:40:00+00:00,-0.09771892053982557,0.279507603186097,0.038233948744006575,0.3261802575107296
16809,2026-05-21 19:45:00+00:00,-0.09771892053982557,0.279507603186097,0.038233948744006575,0.3261802575107296
16810,2026-05-21 19:50:00+00:00,-0.09771892053982557,0.279507603186097,0.038233948744006575,0.3261802575107296
16811,2026-05-21 19:55:00+00:00,-0.09771892053982557,0.279507603186097,0.038233948744006575,0.3261802575107296
16812,2026-05-21 20:00:00+00:00,-0.09771892053982557,0.279507603186097,0.038233948744006575,0.3261802575107296
16813,2026-05-21 20:05:00+00:00,-0.09771892053982557,0.279507603186097,0.038233948744006575,0.3261802575107296
16814,2026-05-21 20:10:00+00:00,-0.09771892053982557,0.279507603186097,0.038233948744006575,0.3261802575107296
16815,2026-05-21 20:15:00+00:00,-0.09771892053982557,0.279507603186097,0.038233948744006575,0.3261802575107296
16816,2026-05-21 20:20:00+00:00,-0.09771892053982557,0.279507603186097,0.038233948744006575,0.3261802575107296
16817,2026-05-21 20:25:00+00:00,-0.09771892053982557,0.279507603186097,0.038233948744006575,0.3261802575107296
16818,2026-05-21 20:30:00+00:00,-0.09771892053982557,0.279507603186097,0.038233948744006575,0.3261802575107296
16819,2026-05-21 20:35:00+00:00,-0.1053518132493743,0.279507603186097,0.051403958220102804,0.3261802575107296
16820,2026-05-21 20:40:00+00:00,-0.1053518132493743,0.279507603186097,0.051403958220102804,0.3261802575107296
16821,2026-05-21 20:45:00+00:00,-0.1053518132493743,0.279507603186097,0.051403958220102804,0.3261802575107296
16822,2026-05-21 20:50:00+00:00,-0.1053518132493743,0.279507603186097,0.051403958220102804,0.3261802575107296
16823,2026-05-21 20:55:00+00:00,-0.1053518132493743,0.279507603186097,0.051403958220102804,0.3261802575107296
16824,2026-05-21 22:00:00+00:00,-0.1053518132493743,0.279507603186097,0.051403958220102804,0.3261802575107296
16825,2026-05-21 22:05:00+00:00,-0.1053518132493743,0.279507603186097,0.051403958220102804,0.3261802575107296
16826,2026-05-21 22:10:00+00:00,-0.1053518132493743,0.279507603186097,0.051403958220102804,0.3261802575107296
16827,2026-05-21 22:15:00+00:00,-0.1053518132493743,0.279507603186097,0.051403958220102804,0.3261802575107296
16828,2026-05-21 22:20:00+00:00,-0.1053518132493743,0.279507603186097,0.051403958220102804,0.3261802575107296
16829,2026-05-21 22:25:00+00:00,-0.1053518132493743,0.279507603186097,0.051403958220102804,0.3261802575107296
16830,2026-05-21 22:30:00+00:00,-0.1053518132493743,0.279507603186097,0.051403958220102804,0.3261802575107296
16831,2026-05-21 22:35:00+00:00,-0.1053518132493743,0.279507603186097,0.051403958220102804,0.3261802575107296
16832,2026-05-21 22:40:00+00:00,-0.1053518132493743,0.279507603186097,0.051403958220102804,0.3261802575107296
16833,2026-05-21 22:45:00+00:00,-0.1053518132493743,0.279507603186097,0.051403958220102804,0.3261802575107296
16834,2026-05-21 22:50:00+00:00,-0.1053518132493743,0.279507603186097,0.051403958220102804,0.3261802575107296
16835,2026-05-21 22:55:00+00:00,-0.1053518132493743,0.3204225352112676,0.043550930106669626,0.3261802575107296
16836,2026-05-21 23:00:00+00:00,-0.1053518132493743,0.3204225352112676,0.043550930106669626,0.3261802575107296
16837,2026-05-21 23:05:00+00:00,-0.10028335329241546,0.3204225352112676,0.043550930106669626,0.3261802575107296
16838,2026-05-21 23:10:00+00:00,-0.10028335329241546,0.3204225352112676,0.043550930106669626,0.3261802575107296
16839,2026-05-21 23:15:00+00:00,-0.1053518132493743,0.3204225352112676,0.0554812928527936,0.4412470023980815
16840,2026-05-21 23:20:00+00:00,-0.1053518132493743,0.3204225352112676,0.0554812928527936,0.4412470023980815
16841,2026-05-21 23:25:00+00:00,-0.1053518132493743,0.3204225352112676,0.0554812928527936,0.4412470023980815
16842,2026-05-21 23:30:00+00:00,-0.1053518132493743,0.3204225352112676,0.0554812928527936,0.4412470023980815
16843,2026-05-21 23:35:00+00:00,-0.1053518132493743,0.3204225352112676,0.0554812928527936,0.4412470023980815
16844,2026-05-21 23:40:00+00:00,-0.1053518132493743,0.3204225352112676,0.0554812928527936,0.4412470023980815
16845,2026-05-21 23:45:00+00:00,-0.1053518132493743,0.3204225352112676,0.0554812928527936,0.4412470023980815
16846,2026-05-21 23:50:00+00:00,-0.1053518132493743,0.3204225352112676,0.0554812928527936,0.4412470023980815
16847,2026-05-21 23:55:00+00:00,-0.1053518132493743,0.3204225352112676,0.04090341755852214,0.3261802575107296
16848,2026-05-22 00:00:00+00:00,-0.1053518132493743,0.3204225352112676,0.04090341755852214,0.3261802575107296
16849,2026-05-22 00:05:00+00:00,-0.1053518132493743,0.3204225352112676,0.04090341755852214,0.3261802575107296
16850,2026-05-22 00:10:00+00:00,-0.1053518132493743,0.3204225352112676,0.04090341755852214,0.3261802575107296
16851,2026-05-22 00:15:00+00:00,-0.1165855130051879,0.3204225352112676,0.04090341755852214,0.3261802575107296
16852,2026-05-22 00:20:00+00:00,-0.1165855130051879,0.3204225352112676,0.04090341755852214,0.3261802575107296
16853,2026-05-22 00:25:00+00:00,-0.1165855130051879,0.3204225352112676,0.04090341755852214,0.3261802575107296
16854,2026-05-22 00:30:00+00:00,-0.1165855130051879,0.3204225352112676,0.04090341755852214,0.3261802575107296
16855,2026-05-22 00:35:00+00:00,-0.1165855130051879,0.3204225352112676,0.021305865954582174,0.3261802575107296
16856,2026-05-22 00:40:00+00:00,-0.1165855130051879,0.3204225352112676,0.028973054812398164,0.3261802575107296
16857,2026-05-22 00:45:00+00:00,-0.1165855130051879,0.3204225352112676,0.03323622870070615,0.3261802575107296
16858,2026-05-22 00:50:00+00:00,-0.1165855130051879,0.3204225352112676,0.04090341755852214,0.3261802575107296
16859,2026-05-22 00:55:00+00:00,-0.1165855130051879,0.3204225352112676,0.04090341755852214,0.4412470023980815
16860,2026-05-22 01:00:00+00:00,-0.1165855130051879,0.3204225352112676,0.04090341755852214,0.4412470023980815
16861,2026-05-22 01:05:00+00:00,-0.1053518132493743,0.3204225352112676,0.04090341755852214,0.4412470023980815
16862,2026-05-22 01:10:00+00:00,-0.1053518132493743,0.3204225352112676,0.04090341755852214,0.3778501628664495
16863,2026-05-22 01:15:00+00:00,-0.1053518132493743,0.3204225352112676,0.04090341755852214,0.3778501628664495
16864,2026-05-22 01:20:00+00:00,-0.1053518132493743,0.3204225352112676,0.04090341755852214,0.4412470023980815
16865,2026-05-22 01:25:00+00:00,-0.1053518132493743,0.3204225352112676,0.03323622870070615,0.4412470023980815
16866,2026-05-22 01:30:00+00:00,-0.1053518132493743,0.3204225352112676,0.03323622870070615,0.4412470023980815
16867,2026-05-22 01:35:00+00:00,-0.1053518132493743,0.3204225352112676,-0.06308376017067992,0.297427652733119
16868,2026-05-22 01:40:00+00:00,-0.1053518132493743,0.3204225352112676,0.02900755209905598,0.3778501628664495
16869,2026-05-22 01:45:00+00:00,-0.1053518132493743,0.3204225352112676,0.03323622870070615,0.4412470023980815
16870,2026-05-22 01:50:00+00:00,-0.1053518132493743,0.3204225352112676,0.03323622870070615,0.4412470023980815
16871,2026-05-22 01:55:00+00:00,-0.11143562984756553,0.3204225352112676,0.04270745329325597,0.4412470023980815
16872,2026-05-22 02:00:00+00:00,-0.11143562984756553,0.3204225352112676,0.04270745329325597,0.4412470023980815
16873,2026-05-22 02:05:00+00:00,-0.11143562984756553,0.3204225352112676,0.04270745329325597,0.4412470023980815
16874,2026-05-22 02:10:00+00:00,-0.11143562984756553,0.3204225352112676,0.04270745329325597,0.4412470023980815
16875,2026-05-22 02:15:00+00:00,-0.11143562984756553,0.3204225352112676,-0.0536125355781301,0.297427652733119
16876,2026-05-22 02:20:00+00:00,-0.11143562984756553,0.3204225352112676,-0.05784121217978027,0.297427652733119
16877,2026-05-22 02:25:00+00:00,-0.11143562984756553,0.3204225352112676,-0.05784121217978027,0.297427652733119
16878,2026-05-22 02:30:00+00:00,-0.11143562984756553,0.3204225352112676,-0.05784121217978027,0.297427652733119
16879,2026-05-22 02:35:00+00:00,-0.11143562984756553,0.3204225352112676,-0.05784121217978027,0.297427652733119
16880,2026-05-22 02:40:00+00:00,-0.11143562984756553,0.3204225352112676,-0.05784121217978027,0.297427652733119
16881,2026-05-22 02:45:00+00:00,-0.11143562984756553,0.3204225352112676,0.018605299483411466,0.3778501628664495
16882,2026-05-22 02:50:00+00:00,-0.11143562984756553,0.3204225352112676,-0.05784121217978027,0.297427652733119
16883,2026-05-22 02:55:00+00:00,-0.11143562984756553,0.3204225352112676,-0.05784121217978027,0.297427652733119
16884,2026-05-22 03:00:00+00:00,-0.11143562984756553,0.3204225352112676,0.018605299483411466,0.3261802575107296
16885,2026-05-22 03:05:00+00:00,-0.11143562984756553,0.3204225352112676,-0.05784121217978027,0.297427652733119
16886,2026-05-22 03:10:00+00:00,-0.11143562984756553,0.3204225352112676,-0.05784121217978027,0.297427652733119
16887,2026-05-22 03:15:00+00:00,-0.11143562984756553,0.3204225352112676,-0.05784121217978027,0.297427652733119
16888,2026-05-22 03:20:00+00:00,-0.11143562984756553,0.3204225352112676,-0.05784121217978027,0.297427652733119
16889,2026-05-22 03:25:00+00:00,-0.11143562984756553,0.3204225352112676,-0.05784121217978027,0.297427652733119
16890,2026-05-22 03:30:00+00:00,-0.11143562984756553,0.3204225352112676,-0.05784121217978027,0.297427652733119
16891,2026-05-22 03:35:00+00:00,-0.11143562984756553,0.3204225352112676,0.018605299483411466,0.3261802575107296
16892,2026-05-22 03:40:00+00:00,-0.11143562984756553,0.3204225352112676,0.02654841394548181,0.3261802575107296
16893,2026-05-22 03:45:00+00:00,-0.11143562984756553,0.3204225352112676,0.030777090547131982,0.3778501628664495
16894,2026-05-22 03:50:00+00:00,-0.11143562984756553,0.3204225352112676,0.030777090547131982,0.3778501628664495
16895,2026-05-22 03:55:00+00:00,-0.10105750671261107,0.3204225352112676,0.030777090547131982,0.3261802575107296
16896,2026-05-22 04:00:00+00:00,-0.10105750671261107,0.3204225352112676,0.030777090547131982,0.3261802575107296
16897,2026-05-22 04:05:00+00:00,-0.10105750671261107,0.3204225352112676,0.030777090547131982,0.3261802575107296
16898,2026-05-22 04:10:00+00:00,-0.10105750671261107,0.3204225352112676,0.030777090547131982,0.3261802575107296
16899,2026-05-22 04:15:00+00:00,-0.10105750671261107,0.3204225352112676,0.030777090547131982,0.3261802575107296
16900,2026-05-22 04:20:00+00:00,-0.10105750671261107,0.3204225352112676,0.030777090547131982,0.3261802575107296
16901,2026-05-22 04:25:00+00:00,-0.10105750671261107,0.3204225352112676,0.030777090547131982,0.3261802575107296
16902,2026-05-22 04:30:00+00:00,-0.10105750671261107,0.3204225352112676,0.030777090547131982,0.3261802575107296
16903,2026-05-22 04:35:00+00:00,-0.12056616479748558,0.279507603186097,0.030777090547131982,0.3261802575107296
16904,2026-05-22 04:40:00+00:00,-0.12056616479748558,0.279507603186097,0.030777090547131982,0.3261802575107296
16905,2026-05-22 04:45:00+00:00,-0.12056616479748558,0.279507603186097,0.030777090547131982,0.3261802575107296
16906,2026-05-22 04:50:00+00:00,-0.12056616479748558,0.279507603186097,0.030777090547131982,0.3261802575107296
16907,2026-05-22 04:55:00+00:00,-0.13094428793244003,0.279507603186097,0.030777090547131982,0.3778501628664495
16908,2026-05-22 05:00:00+00:00,-0.13094428793244003,0.279507603186097,0.07047326597663241,0.4412470023980815
16909,2026-05-22 05:05:00+00:00,-0.11143562984756553,0.3204225352112676,0.02654841394548181,0.34408602150537637
16910,2026-05-22 05:10:00+00:00,-0.11143562984756553,0.3204225352112676,0.022833976085061627,0.34408602150537637
16911,2026-05-22 05:15:00+00:00,-0.11143562984756553,0.3204225352112676,0.02654841394548181,0.3261802575107296
16912,2026-05-22 05:20:00+00:00,-0.11143562984756553,0.3204225352112676,0.030777090547131982,0.3778501628664495
16913,2026-05-22 05:25:00+00:00,-0.11143562984756553,0.3204225352112676,0.030777090547131982,0.3778501628664495
16914,2026-05-22 05:30:00+00:00,-0.11143562984756553,0.3204225352112676,0.030777090547131982,0.3778501628664495
16915,2026-05-22 05:35:00+00:00,-0.11143562984756553,0.3204225352112676,0.030777090547131982,0.3778501628664495
16916,2026-05-22 05:40:00+00:00,-0.11143562984756553,0.3204225352112676,0.030777090547131982,0.3778501628664495
16917,2026-05-22 05:45:00+00:00,-0.11143562984756553,0.3204225352112676,0.030777090547131982,0.3778501628664495
16918,2026-05-22 05:50:00+00:00,-0.11143562984756553,0.3204225352112676,0.030777090547131982,0.3778501628664495
16919,2026-05-22 05:55:00+00:00,-0.10105750671261107,0.3204225352112676,-0.0536125355781301,0.297427652733119
16920,2026-05-22 06:00:00+00:00,-0.10105750671261107,0.3204225352112676,-0.05784121217978027,0.297427652733119
16921,2026-05-22 06:05:00+00:00,-0.10105750671261107,0.3204225352112676,0.019589957855503284,0.3261802575107296
16922,2026-05-22 06:10:00+00:00,-0.10105750671261107,0.3204225352112676,0.03489132445201038,0.3778501628664495
16923,2026-05-22 06:15:00+00:00,-0.10105750671261107,0.3204225352112676,-0.024660330933456494,0.3261802575107296
16924,2026-05-22 06:20:00+00:00,-0.10105750671261107,0.3204225352112676,0.047355770538879724,0.34408602150537637
16925,2026-05-22 06:25:00+00:00,-0.10105750671261107,0.3204225352112676,0.023818634457153445,0.34408602150537637
16926,2026-05-22 06:30:00+00:00,-0.10105750671261107,0.3204225352112676,0.030777090547131982,0.3778501628664495
16927,2026-05-22 06:35:00+00:00,-0.10105750671261107,0.3204225352112676,0.017607081071035747,0.3261802575107296
16928,2026-05-22 06:40:00+00:00,-0.10105750671261107,0.3204225352112676,0.017607081071035747,0.3261802575107296
16929,2026-05-22 06:45:00+00:00,-0.10105750671261107,0.3204225352112676,0.017607081071035747,0.3261802575107296
16930,2026-05-22 06:50:00+00:00,-0.09342461400306235,0.3204225352112676,0.017607081071035747,0.3261802575107296
16931,2026-05-22 06:55:00+00:00,-0.09342461400306235,0.3204225352112676,0.017607081071035747,0.3261802575107296
16932,2026-05-22 07:00:00+00:00,-0.09342461400306235,0.3204225352112676,0.017607081071035747,0.3261802575107296
16933,2026-05-22 07:05:00+00:00,-0.12056616479748558,0.279507603186097,0.017607081071035747,0.3261802575107296
16934,2026-05-22 07:10:00+00:00,-0.09342461400306235,0.3204225352112676,-0.0022663961371585744,0.3261802575107296
16935,2026-05-22 07:15:00+00:00,-0.09342461400306235,0.3204225352112676,0.01337840446938559,0.3261802575107296
16936,2026-05-22 07:20:00+00:00,-0.09342461400306235,0.3204225352112676,0.017607081071035747,0.3261802575107296
16937,2026-05-22 07:25:00+00:00,-0.09342461400306235,0.3204225352112676,0.017607081071035747,0.3261802575107296
16938,2026-05-22 07:30:00+00:00,-0.09342461400306235,0.3204225352112676,-0.0536125355781301,0.297427652733119
16939,2026-05-22 07:35:00+00:00,-0.09342461400306235,0.3204225352112676,-0.05784121217978027,0.297427652733119
16940,2026-05-22 07:40:00+00:00,-0.09342461400306235,0.3204225352112676,-0.05784121217978027,0.297427652733119
16941,2026-05-22 07:45:00+00:00,-0.09342461400306235,0.3204225352112676,-0.04961984764531535,0.297427652733119
16942,2026-05-22 07:50:00+00:00,-0.10105750671261107,0.3204225352112676,-0.04961984764531535,0.297427652733119
16943,2026-05-22 07:55:00+00:00,-0.10105750671261107,0.279507603186097,-0.04961984764531535,0.297427652733119
16944,2026-05-22 08:00:00+00:00,-0.10105750671261107,0.279507603186097,0.02654841394548181,0.3261802575107296
16945,2026-05-22 08:05:00+00:00,-0.10105750671261107,0.279507603186097,0.030777090547131982,0.3778501628664495
16946,2026-05-22 08:10:00+00:00,-0.10105750671261107,0.279507603186097,0.030777090547131982,0.3778501628664495
16947,2026-05-22 08:15:00+00:00,-0.10105750671261107,0.279507603186097,0.030777090547131982,0.3778501628664495
16948,2026-05-22 08:20:00+00:00,-0.10105750671261107,0.279507603186097,0.030777090547131982,0.3778501628664495
16949,2026-05-22 08:25:00+00:00,-0.10105750671261107,0.279507603186097,0.030777090547131982,0.3778501628664495
16950,2026-05-22 08:30:00+00:00,-0.10105750671261107,0.279507603186097,-0.0536125355781301,0.297427652733119
16951,2026-05-22 08:35:00+00:00,-0.10105750671261107,0.279507603186097,0.03847877669160579,0.34408602150537637
16952,2026-05-22 08:40:00+00:00,-0.10105750671261107,0.279507603186097,0.03847877669160579,0.3778501628664495
16953,2026-05-22 08:45:00+00:00,-0.10105750671261107,0.279507603186097,0.03847877669160579,0.3778501628664495
16954,2026-05-22 08:50:00+00:00,-0.10105750671261107,0.279507603186097,0.02654841394548181,0.34408602150537637
16955,2026-05-22 08:55:00+00:00,-0.10105750671261107,0.279507603186097,-0.0536125355781301,0.297427652733119
16956,2026-05-22 09:00:00+00:00,-0.10105750671261107,0.279507603186097,0.02654841394548181,0.3261802575107296
16957,2026-05-22 09:05:00+00:00,-0.10105750671261107,0.279507603186097,0.022833976085061627,0.3778501628664495
16958,2026-05-22 09:10:00+00:00,-0.10105750671261107,0.279507603186097,-0.05784121217978027,0.297427652733119
16959,2026-05-22 09:15:00+00:00,-0.10105750671261107,0.279507603186097,-0.05784121217978027,0.297427652733119
16960,2026-05-22 09:20:00+00:00,-0.10105750671261107,0.279507603186097,-0.05784121217978027,0.297427652733119
16961,2026-05-22 09:25:00+00:00,-0.10105750671261107,0.279507603186097,-0.05784121217978027,0.297427652733119
16962,2026-05-22 09:30:00+00:00,-0.10105750671261107,0.279507603186097,-0.05784121217978027,0.297427652733119
16963,2026-05-22 09:35:00+00:00,-0.10105750671261107,0.279507603186097,0.02654841394548181,0.3261802575107296
16964,2026-05-22 09:40:00+00:00,-0.10105750671261107,0.279507603186097,0.030777090547131982,0.3778501628664495
16965,2026-05-22 09:45:00+00:00,-0.10105750671261107,0.279507603186097,0.030777090547131982,0.3778501628664495
16966,2026-05-22 09:50:00+00:00,-0.10105750671261107,0.279507603186097,0.030777090547131982,0.3778501628664495
16967,2026-05-22 09:55:00+00:00,-0.11143562984756553,0.279507603186097,0.030777090547131982,0.3261802575107296
16968,2026-05-22 10:00:00+00:00,-0.11143562984756553,0.279507603186097,0.030777090547131982,0.3261802575107296
16969,2026-05-22 10:05:00+00:00,-0.11143562984756553,0.279507603186097,0.030777090547131982,0.3261802575107296
16970,2026-05-22 10:10:00+00:00,-0.11143562984756553,0.279507603186097,0.030777090547131982,0.3261802575107296
16971,2026-05-22 10:15:00+00:00,-0.11143562984756553,0.279507603186097,0.030777090547131982,0.3261802575107296
16972,2026-05-22 10:20:00+00:00,-0.11143562984756553,0.279507603186097,0.030777090547131982,0.3261802575107296
16973,2026-05-22 10:25:00+00:00,-0.11143562984756553,0.279507603186097,0.05037464215107196,0.3778501628664495
16974,2026-05-22 10:30:00+00:00,-0.11143562984756553,0.279507603186097,-0.04053027815736676,0.3261802575107296
16975,2026-05-22 10:35:00+00:00,-0.11143562984756553,0.279507603186097,-0.044758954759016936,0.297427652733119
16976,2026-05-22 10:40:00+00:00,-0.1038027371380168,0.279507603186097,-0.044758954759016936,0.297427652733119
16977,2026-05-22 10:45:00+00:00,-0.1038027371380168,0.279507603186097,-0.044758954759016936,0.297427652733119
16978,2026-05-22 10:50:00+00:00,-0.1038027371380168,0.279507603186097,-0.044758954759016936,0.297427652733119
16979,2026-05-22 10:55:00+00:00,-0.09771892053982557,0.279507603186097,-0.046377151238133574,0.297427652733119
16980,2026-05-22 11:00:00+00:00,-0.09771892053982557,0.279507603186097,-0.05945940865889691,0.297427652733119
16981,2026-05-22 11:05:00+00:00,-0.09771892053982557,0.279507603186097,-0.05945940865889691,0.297427652733119
16982,2026-05-22 11:10:00+00:00,-0.09771892053982557,0.279507603186097,-0.05945940865889691,0.297427652733119
16983,2026-05-22 11:15:00+00:00,-0.09771892053982557,0.279507603186097,-0.05123804412443199,0.297427652733119
16984,2026-05-22 11:20:00+00:00,-0.09771892053982557,0.279507603186097,-0.04187024188102504,0.297427652733119
16985,2026-05-22 11:25:00+00:00,-0.09771892053982557,0.279507603186097,-0.04187024188102504,0.297427652733119
16986,2026-05-22 11:30:00+00:00,-0.09771892053982557,0.279507603186097,-0.05123804412443199,0.297427652733119
16987,2026-05-22 11:35:00+00:00,-0.1165855130051879,0.279507603186097,-0.04319206668642411,0.297427652733119
16988,2026-05-22 11:40:00+00:00,-0.1165855130051879,0.279507603186097,0.01176020799026895,0.3261802575107296
16989,2026-05-22 11:45:00+00:00,-0.1165855130051879,0.279507603186097,0.01598888459191911,0.3261802575107296
16990,2026-05-22 11:50:00+00:00,-0.1165855130051879,0.279507603186097,0.01598888459191911,0.3261802575107296
16991,2026-05-22 11:55:00+00:00,-0.1165855130051879,0.279507603186097,0.032764377930218816,0.34408602150537637
16992,2026-05-22 12:00:00+00:00,-0.1165855130051879,0.279507603186097,0.06993698618886376,0.4412470023980815
16993,2026-05-22 12:05:00+00:00,-0.1165855130051879,0.279507603186097,0.028535701328568648,0.3261802575107296
16994,2026-05-22 12:10:00+00:00,-0.1165855130051879,0.279507603186097,0.06993698618886376,0.4412470023980815
16995,2026-05-22 12:15:00+00:00,-0.1165855130051879,0.279507603186097,0.07416566279051393,0.4412470023980815
16996,2026-05-22 12:20:00+00:00,-0.1165855130051879,0.279507603186097,0.07446464585337474,0.4412470023980815
16997,2026-05-22 12:25:00+00:00,-0.1165855130051879,0.279507603186097,0.0672072067005354,0.4412470023980815
16998,2026-05-22 12:30:00+00:00,-0.1165855130051879,0.279507603186097,0.09373208590610631,0.4412470023980815
16999,2026-05-22 12:35:00+00:00,-0.1165855130051879,0.279507603186097,0.028535701328568648,0.3261802575107296
17000,2026-05-22 12:40:00+00:00,-0.1053518132493743,0.279507603186097,0.09676084845729548,0.4412470023980815
17001,2026-05-22 12:45:00+00:00,-0.1053518132493743,0.279507603186097,0.041617958749331996,0.3261802575107296
17002,2026-05-22 12:50:00+00:00,-0.09771892053982557,0.279507603186097,0.07760417504667975,0.4412470023980815
17003,2026-05-22 12:55:00+00:00,-0.09771892053982557,0.279507603186097,0.06993698618886376,0.4412470023980815
17004,2026-05-22 13:00:00+00:00,-0.09771892053982557,0.279507603186097,0.07446464585337474,0.4412470023980815
17005,2026-05-22 13:05:00+00:00,-0.09771892053982557,0.279507603186097,0.0672072067005354,0.4412470023980815
17006,2026-05-22 13:10:00+00:00,-0.09771892053982557,0.279507603186097,0.0672072067005354,0.4412470023980815
17007,2026-05-22 13:15:00+00:00,-0.09771892053982557,0.279507603186097,0.0672072067005354,0.4412470023980815
17008,2026-05-22 13:20:00+00:00,-0.09771892053982557,0.279507603186097,0.0672072067005354,0.4412470023980815
17009,2026-05-22 13:25:00+00:00,-0.09771892053982557,0.279507603186097,0.07416566279051393,0.4412470023980815
17010,2026-05-22 13:30:00+00:00,-0.09771892053982557,0.279507603186097,0.08183285164832992,0.4412470023980815
17011,2026-05-22 13:35:00+00:00,-0.1053518132493743,0.279507603186097,0.09956501807559492,0.4412470023980815
17012,2026-05-22 13:40:00+00:00,-0.1053518132493743,0.279507603186097,0.09454299626526373,0.4412470023980815
17013,2026-05-22 13:45:00+00:00,-0.1053518132493743,0.279507603186097,0.013458058295445163,0.3261802575107296
17014,2026-05-22 13:50:00+00:00,-0.1053518132493743,0.279507603186097,0.08264713080579757,0.4412470023980815
17015,2026-05-22 13:55:00+00:00,-0.1053518132493743,0.279507603186097,0.015492459312802841,0.3261802575107296
17016,2026-05-22 14:00:00+00:00,-0.1053518132493743,0.279507603186097,0.015492459312802841,0.3261802575107296
17017,2026-05-22 14:05:00+00:00,-0.1053518132493743,0.279507603186097,0.015492459312802841,0.3261802575107296
17018,2026-05-22 14:10:00+00:00,-0.1053518132493743,0.279507603186097,0.015492459312802841,0.3261802575107296
17019,2026-05-22 14:15:00+00:00,-0.1053518132493743,0.279507603186097,0.015492459312802841,0.3261802575107296
17020,2026-05-22 14:20:00+00:00,-0.09771892053982557,0.279507603186097,0.015492459312802841,0.3261802575107296
17021,2026-05-22 14:25:00+00:00,-0.09771892053982557,0.279507603186097,0.023713823847267758,0.3261802575107296
17022,2026-05-22 14:30:00+00:00,-0.09771892053982557,0.279507603186097,0.023713823847267758,0.3261802575107296
17023,2026-05-22 14:35:00+00:00,-0.09771892053982557,0.279507603186097,0.023713823847267758,0.3261802575107296
17024,2026-05-22 14:40:00+00:00,-0.09771892053982557,0.279507603186097,0.023713823847267758,0.3261802575107296
17025,2026-05-22 14:45:00+00:00,-0.1165855130051879,0.279507603186097,0.023713823847267758,0.3261802575107296
17026,2026-05-22 14:50:00+00:00,-0.1165855130051879,0.279507603186097,0.023713823847267758,0.3261802575107296
17027,2026-05-22 14:55:00+00:00,-0.1165855130051879,0.279507603186097,0.033081626090674714,0.3778501628664495
17028,2026-05-22 15:00:00+00:00,-0.1165855130051879,0.279507603186097,0.023713823847267758,0.3261802575107296
17029,2026-05-22 15:05:00+00:00,-0.1165855130051879,0.279507603186097,0.023713823847267758,0.3261802575107296
17030,2026-05-22 15:10:00+00:00,-0.1165855130051879,0.279507603186097,0.023713823847267758,0.3261802575107296
17031,2026-05-22 15:15:00+00:00,-0.1165855130051879,0.279507603186097,0.06683859875377439,0.4412470023980815
17032,2026-05-22 15:20:00+00:00,-0.1165855130051879,0.279507603186097,0.023713823847267758,0.3261802575107296
17033,2026-05-22 15:25:00+00:00,-0.1165855130051879,0.279507603186097,0.06683859875377439,0.4412470023980815
17034,2026-05-22 15:30:00+00:00,-0.1165855130051879,0.279507603186097,0.07106727535542455,0.4412470023980815
17035,2026-05-22 15:35:00+00:00,-0.1165855130051879,0.279507603186097,0.07106727535542455,0.4412470023980815
17036,2026-05-22 15:40:00+00:00,-0.1165855130051879,0.279507603186097,0.07106727535542455,0.4412470023980815
17037,2026-05-22 15:45:00+00:00,-0.1165855130051879,0.279507603186097,0.02794250044891792,0.3261802575107296
17038,2026-05-22 15:50:00+00:00,-0.1165855130051879,0.279507603186097,0.06683859875377439,0.4412470023980815
17039,2026-05-22 15:55:00+00:00,-0.1165855130051879,0.279507603186097,0.06683859875377439,0.3778501628664495
17040,2026-05-22 16:00:00+00:00,-0.1165855130051879,0.279507603186097,0.07106727535542455,0.3778501628664495
17041,2026-05-22 16:05:00+00:00,-0.1165855130051879,0.279507603186097,0.07106727535542455,0.3778501628664495
17042,2026-05-22 16:10:00+00:00,-0.1165855130051879,0.279507603186097,0.09580530050187644,0.3778501628664495
17043,2026-05-22 16:15:00+00:00,-0.1165855130051879,0.279507603186097,0.07106727535542455,0.3778501628664495
17044,2026-05-22 16:20:00+00:00,-0.1165855130051879,0.279507603186097,0.09157662390022628,0.3778501628664495
17045,2026-05-22 16:25:00+00:00,-0.1165855130051879,0.279507603186097,0.09580530050187644,0.3778501628664495
17046,2026-05-22 16:30:00+00:00,-0.1165855130051879,0.279507603186097,0.09580530050187644,0.3778501628664495
17047,2026-05-22 16:35:00+00:00,-0.1165855130051879,0.279507603186097,0.07106727535542455,0.3778501628664495
17048,2026-05-22 16:40:00+00:00,-0.1165855130051879,0.279507603186097,0.02794250044891792,0.3261802575107296
17049,2026-05-22 16:45:00+00:00,-0.1165855130051879,0.279507603186097,0.023713823847267758,0.3261802575107296
17050,2026-05-22 16:50:00+00:00,-0.1165855130051879,0.279507603186097,0.023713823847267758,0.3261802575107296
17051,2026-05-22 16:55:00+00:00,-0.1165855130051879,0.279507603186097,0.023713823847267758,0.3261802575107296
17052,2026-05-22 17:00:00+00:00,-0.09771892053982557,0.279507603186097,0.07450578761159038,0.3778501628664495
17053,2026-05-22 17:05:00+00:00,-0.09771892053982557,0.279507603186097,0.07106727535542455,0.3778501628664495
17054,2026-05-22 17:10:00+00:00,-0.1053518132493743,0.279507603186097,0.08423728483152078,0.4412470023980815
17055,2026-05-22 17:15:00+00:00,-0.1053518132493743,0.279507603186097,0.019721135914453014,0.3261802575107296
17056,2026-05-22 17:20:00+00:00,-0.1053518132493743,0.279507603186097,0.015492459312802841,0.3261802575107296
17057,2026-05-22 17:25:00+00:00,-0.1053518132493743,0.279507603186097,0.08000860822987062,0.4412470023980815
17058,2026-05-22 17:30:00+00:00,-0.1053518132493743,0.279507603186097,0.08423728483152078,0.4412470023980815
17059,2026-05-22 17:35:00+00:00,-0.1053518132493743,0.279507603186097,0.08423728483152078,0.4412470023980815
17060,2026-05-22 17:40:00+00:00,-0.1053518132493743,0.279507603186097,0.08423728483152078,0.4412470023980815
17061,2026-05-22 17:45:00+00:00,-0.1053518132493743,0.279507603186097,0.08423728483152078,0.4412470023980815
17062,2026-05-22 17:50:00+00:00,-0.1053518132493743,0.279507603186097,0.09616764757764475,0.4412470023980815
17063,2026-05-22 17:55:00+00:00,-0.1053518132493743,0.279507603186097,0.09616764757764475,0.4412470023980815
17064,2026-05-22 18:00:00+00:00,-0.1053518132493743,0.279507603186097,0.10383483643546074,0.4412470023980815
17065,2026-05-22 18:05:00+00:00,-0.1053518132493743,0.279507603186097,0.015492459312802841,0.3261802575107296
17066,2026-05-22 18:10:00+00:00,-0.1053518132493743,0.279507603186097,0.015492459312802841,0.3261802575107296
17067,2026-05-22 18:15:00+00:00,-0.1053518132493743,0.279507603186097,0.015492459312802841,0.3261802575107296
17068,2026-05-22 18:20:00+00:00,-0.1053518132493743,0.279507603186097,0.09193897097599459,0.4412470023980815
17069,2026-05-22 18:25:00+00:00,-0.1053518132493743,0.279507603186097,0.015492459312802841,0.3261802575107296
17070,2026-05-22 18:30:00+00:00,-0.1053518132493743,0.279507603186097,0.09193897097599459,0.4412470023980815
17071,2026-05-22 18:35:00+00:00,-0.1053518132493743,0.279507603186097,0.09193897097599459,0.4412470023980815
17072,2026-05-22 18:40:00+00:00,-0.1053518132493743,0.279507603186097,0.019721135914453014,0.3261802575107296
17073,2026-05-22 18:45:00+00:00,-0.1053518132493743,0.279507603186097,0.015492459312802841,0.3261802575107296
17074,2026-05-22 18:50:00+00:00,-0.1053518132493743,0.279507603186097,0.015492459312802841,0.3261802575107296
17075,2026-05-22 18:55:00+00:00,-0.1053518132493743,0.279507603186097,0.015492459312802841,0.3261802575107296
17076,2026-05-22 19:00:00+00:00,-0.1053518132493743,0.279507603186097,0.015492459312802841,0.3261802575107296
17077,2026-05-22 19:05:00+00:00,-0.1053518132493743,0.279507603186097,0.015492459312802841,0.3261802575107296
17078,2026-05-22 19:10:00+00:00,-0.1053518132493743,0.279507603186097,0.015492459312802841,0.3261802575107296
17079,2026-05-22 19:15:00+00:00,-0.1053518132493743,0.279507603186097,0.015492459312802841,0.3261802575107296
17080,2026-05-22 19:20:00+00:00,-0.1053518132493743,0.279507603186097,0.05698557210393259,0.4412470023980815
17081,2026-05-22 19:25:00+00:00,-0.1053518132493743,0.279507603186097,0.06520693663839751,0.4412470023980815
17082,2026-05-22 19:30:00+00:00,-0.1053518132493743,0.279507603186097,0.023713823847267758,0.3261802575107296
17083,2026-05-22 19:35:00+00:00,-0.1053518132493743,0.279507603186097,0.03175980128527564,0.3261802575107296
17084,2026-05-22 19:40:00+00:00,-0.1053518132493743,0.279507603186097,0.03175980128527564,0.3261802575107296
17085,2026-05-22 19:45:00+00:00,-0.1053518132493743,0.279507603186097,0.06520693663839751,0.4412470023980815
17086,2026-05-22 19:50:00+00:00,-0.1165855130051879,0.279507603186097,0.06520693663839751,0.4412470023980815
17087,2026-05-22 19:55:00+00:00,-0.1165855130051879,0.279507603186097,0.033081626090674714,0.3261802575107296
17088,2026-05-22 20:00:00+00:00,-0.1165855130051879,0.279507603186097,0.04112760352868259,0.3261802575107296
17089,2026-05-22 20:05:00+00:00,-0.1165855130051879,0.279507603186097,0.04112760352868259,0.3261802575107296
17090,2026-05-22 20:10:00+00:00,-0.1165855130051879,0.279507603186097,0.04112760352868259,0.3261802575107296
17091,2026-05-22 20:15:00+00:00,-0.1165855130051879,0.279507603186097,0.04112760352868259,0.3261802575107296
17092,2026-05-22 20:20:00+00:00,-0.1165855130051879,0.279507603186097,0.03175980128527564,0.3261802575107296
17093,2026-05-22 20:25:00+00:00,-0.1165855130051879,0.279507603186097,0.03175980128527564,0.3261802575107296
17094,2026-05-22 20:30:00+00:00,-0.1053518132493743,0.279507603186097,0.033081626090674714,0.3261802575107296
17095,2026-05-22 20:35:00+00:00,-0.1053518132493743,0.279507603186097,0.033081626090674714,0.3261802575107296
17096,2026-05-22 20:40:00+00:00,-0.1053518132493743,0.279507603186097,0.033081626090674714,0.3261802575107296
17097,2026-05-22 20:45:00+00:00,-0.1053518132493743,0.279507603186097,0.04112760352868259,0.3261802575107296
17098,2026-05-22 20:50:00+00:00,-0.1053518132493743,0.279507603186097,0.04112760352868259,0.3261802575107296
17099,2026-05-22 20:55:00+00:00,-0.1053518132493743,0.279507603186097,0.02353843675081071,0.3261802575107296
17100,2026-05-24 22:00:00+00:00,-0.1053518132493743,0.279507603186097,0.07275116907703127,0.4412470023980815
17101,2026-05-24 22:05:00+00:00,-0.1053518132493743,0.279507603186097,0.07697984567868145,0.4412470023980815
17102,2026-05-24 22:10:00+00:00,-0.1053518132493743,0.279507603186097,0.07697984567868145,0.4412470023980815
17103,2026-05-24 22:15:00+00:00,-0.1053518132493743,0.279507603186097,0.09898417825756922,0.4412470023980815
17104,2026-05-24 22:20:00+00:00,-0.1053518132493743,0.279507603186097,0.09898417825756922,0.4412470023980815
17105,2026-05-24 22:25:00+00:00,-0.1053518132493743,0.279507603186097,0.09898417825756922,0.4412470023980815
17106,2026-05-24 22:30:00+00:00,-0.10028335329241546,0.279507603186097,0.09898417825756922,0.4412470023980815
17107,2026-05-24 22:35:00+00:00,-0.10028335329241546,0.279507603186097,0.11821938278574087,0.4412470023980815
17108,2026-05-24 22:40:00+00:00,-0.10028335329241546,0.279507603186097,0.1254768219385802,0.4412470023980815
17109,2026-05-24 22:45:00+00:00,-0.10028335329241546,0.279507603186097,0.11821938278574087,0.4412470023980815
17110,2026-05-24 22:50:00+00:00,-0.10028335329241546,0.279507603186097,0.1254768219385802,0.4412470023980815
17111,2026-05-24 22:55:00+00:00,-0.10028335329241546,0.3204225352112676,0.10365836133578461,0.3778501628664495
17112,2026-05-24 23:00:00+00:00,-0.10028335329241546,0.3204225352112676,0.10365836133578461,0.3778501628664495
17113,2026-05-24 23:05:00+00:00,-0.10028335329241546,0.3204225352112676,0.10365836133578461,0.3778501628664495
17114,2026-05-24 23:10:00+00:00,-0.10028335329241546,0.3204225352112676,0.15725875114187804,0.4412470023980815
17115,2026-05-24 23:15:00+00:00,-0.10028335329241546,0.3204225352112676,0.15725875114187804,0.4412470023980815
17116,2026-05-24 23:20:00+00:00,-0.10028335329241546,0.3204225352112676,0.15725875114187804,0.4412470023980815
17117,2026-05-24 23:25:00+00:00,-0.10028335329241546,0.3204225352112676,0.15725875114187804,0.4412470023980815
17118,2026-05-24 23:30:00+00:00,-0.10028335329241546,0.3204225352112676,0.15725875114187804,0.4412470023980815
17119,2026-05-24 23:35:00+00:00,-0.10028335329241546,0.3204225352112676,0.11028679552986563,0.3778501628664495
17120,2026-05-24 23:40:00+00:00,-0.10028335329241546,0.3204225352112676,0.11028679552986563,0.3778501628664495
17121,2026-05-24 23:45:00+00:00,-0.10028335329241546,0.3204225352112676,0.11028679552986563,0.3778501628664495
17122,2026-05-24 23:50:00+00:00,-0.10028335329241546,0.3204225352112676,0.11028679552986563,0.3778501628664495
17123,2026-05-24 23:55:00+00:00,-0.10028335329241546,0.3204225352112676,0.11028679552986563,0.3778501628664495
17124,2026-05-25 00:00:00+00:00,-0.10028335329241546,0.3204225352112676,0.13525441856299025,0.3778501628664495
17125,2026-05-25 00:05:00+00:00,-0.10028335329241546,0.3204225352112676,0.13525441856299025,0.3778501628664495
17126,2026-05-25 00:10:00+00:00,-0.10028335329241546,0.3204225352112676,0.12206841158870892,0.34408602150537637
17127,2026-05-25 00:15:00+00:00,-0.10028335329241546,0.3204225352112676,0.10965248728360787,0.3778501628664495
17128,2026-05-25 00:20:00+00:00,-0.10028335329241546,0.3204225352112676,0.10965248728360787,0.3778501628664495
17129,2026-05-25 00:25:00+00:00,-0.10028335329241546,0.3204225352112676,0.03131407233106255,0.3261802575107296
17130,2026-05-25 00:30:00+00:00,-0.10028335329241546,0.3204225352112676,0.03131407233106255,0.3261802575107296
17131,2026-05-25 00:35:00+00:00,-0.10028335329241546,0.3204225352112676,0.03131407233106255,0.3261802575107296
17132,2026-05-25 00:40:00+00:00,-0.09771892053982557,0.3204225352112676,0.03131407233106255,0.3261802575107296
17133,2026-05-25 00:45:00+00:00,-0.09771892053982557,0.3204225352112676,0.03131407233106255,0.3261802575107296
17134,2026-05-25 00:50:00+00:00,-0.09771892053982557,0.3204225352112676,0.03131407233106255,0.3261802575107296
17135,2026-05-25 00:55:00+00:00,-0.1053518132493743,0.279507603186097,0.05641444455328276,0.4412470023980815
17136,2026-05-25 01:00:00+00:00,-0.1053518132493743,0.279507603186097,0.05641444455328276,0.4412470023980815
17137,2026-05-25 01:05:00+00:00,-0.1053518132493743,0.279507603186097,0.03411415852993068,0.3261802575107296
17138,2026-05-25 01:10:00+00:00,-0.1053518132493743,0.279507603186097,0.03411415852993068,0.3261802575107296
17139,2026-05-25 01:15:00+00:00,-0.1053518132493743,0.279507603186097,0.05641444455328276,0.4412470023980815
17140,2026-05-25 01:20:00+00:00,-0.1053518132493743,0.279507603186097,0.022183795783806703,0.3261802575107296
17141,2026-05-25 01:25:00+00:00,-0.1053518132493743,0.279507603186097,0.022183795783806703,0.3261802575107296
17142,2026-05-25 01:30:00+00:00,-0.1053518132493743,0.279507603186097,0.03411415852993068,0.3261802575107296
17143,2026-05-25 01:35:00+00:00,-0.1053518132493743,0.279507603186097,0.04448408180715877,0.3261802575107296
17144,2026-05-25 01:40:00+00:00,-0.1053518132493743,0.279507603186097,0.04508409165391576,0.3261802575107296
17145,2026-05-25 01:45:00+00:00,-0.1053518132493743,0.279507603186097,0.05641444455328276,0.4412470023980815
17146,2026-05-25 01:50:00+00:00,-0.1053518132493743,0.279507603186097,0.05641444455328276,0.4412470023980815
17147,2026-05-25 01:55:00+00:00,-0.11143562984756553,0.279507603186097,0.06588566914583256,0.4412470023980815
17148,2026-05-25 02:00:00+00:00,-0.11143562984756553,0.279507603186097,0.06588566914583256,0.4412470023980815
17149,2026-05-25 02:05:00+00:00,-0.11143562984756553,0.279507603186097,0.06588566914583256,0.4412470023980815
17150,2026-05-25 02:10:00+00:00,-0.11143562984756553,0.279507603186097,0.06588566914583256,0.4412470023980815
17151,2026-05-25 02:15:00+00:00,-0.11143562984756553,0.279507603186097,0.06588566914583256,0.4412470023980815
17152,2026-05-25 02:20:00+00:00,-0.11143562984756553,0.279507603186097,0.06588566914583256,0.4412470023980815
17153,2026-05-25 02:25:00+00:00,-0.11143562984756553,0.279507603186097,0.06588566914583256,0.4412470023980815
17154,2026-05-25 02:30:00+00:00,-0.11143562984756553,0.279507603186097,0.06588566914583256,0.4412470023980815
17155,2026-05-25 02:35:00+00:00,-0.11143562984756553,0.279507603186097,0.06588566914583256,0.4412470023980815
17156,2026-05-25 02:40:00+00:00,-0.11143562984756553,0.279507603186097,0.05395530639970859,0.4412470023980815
17157,2026-05-25 02:45:00+00:00,-0.11143562984756553,0.279507603186097,0.06588566914583256,0.4412470023980815
17158,2026-05-25 02:50:00+00:00,-0.11143562984756553,0.279507603186097,0.06588566914583256,0.4412470023980815
17159,2026-05-25 02:55:00+00:00,-0.11143562984756553,0.279507603186097,0.07022787816515459,0.4412470023980815
17160,2026-05-25 03:00:00+00:00,-0.11143562984756553,0.279507603186097,0.07022787816515459,0.4412470023980815
17161,2026-05-25 03:05:00+00:00,-0.11143562984756553,0.279507603186097,0.07022787816515459,0.4412470023980815
17162,2026-05-25 03:10:00+00:00,-0.11143562984756553,0.279507603186097,0.07022787816515459,0.4412470023980815
17163,2026-05-25 03:15:00+00:00,-0.11143562984756553,0.279507603186097,0.07022787816515459,0.4412470023980815
17164,2026-05-25 03:20:00+00:00,-0.11143562984756553,0.279507603186097,0.07022787816515459,0.4412470023980815
17165,2026-05-25 03:25:00+00:00,-0.11143562984756553,0.279507603186097,0.07022787816515459,0.4412470023980815
17166,2026-05-25 03:30:00+00:00,-0.11143562984756553,0.279507603186097,0.07022787816515459,0.4412470023980815
17167,2026-05-25 03:35:00+00:00,-0.11143562984756553,0.279507603186097,0.07022787816515459,0.4412470023980815
17168,2026-05-25 03:40:00+00:00,-0.11143562984756553,0.279507603186097,0.07022787816515459,0.4412470023980815
17169,2026-05-25 03:45:00+00:00,-0.11143562984756553,0.279507603186097,0.07022787816515459,0.4412470023980815
17170,2026-05-25 03:50:00+00:00,-0.11143562984756553,0.279507603186097,0.07022787816515459,0.4412470023980815
17171,2026-05-25 03:55:00+00:00,-0.11143562984756553,0.279507603186097,0.07022787816515459,0.4412470023980815
17172,2026-05-25 04:00:00+00:00,-0.11143562984756553,0.279507603186097,0.07022787816515459,0.4412470023980815
17173,2026-05-25 04:05:00+00:00,-0.11143562984756553,0.279507603186097,0.07022787816515459,0.4412470023980815
17174,2026-05-25 04:10:00+00:00,-0.11143562984756553,0.279507603186097,0.07022787816515459,0.4412470023980815
17175,2026-05-25 04:15:00+00:00,-0.11143562984756553,0.279507603186097,0.07022787816515459,0.4412470023980815
17176,2026-05-25 04:20:00+00:00,-0.11143562984756553,0.279507603186097,0.058297515419030624,0.4412470023980815
17177,2026-05-25 04:25:00+00:00,-0.11143562984756553,0.279507603186097,0.058297515419030624,0.4412470023980815
17178,2026-05-25 04:30:00+00:00,-0.11143562984756553,0.279507603186097,0.07022787816515459,0.4412470023980815
17179,2026-05-25 04:35:00+00:00,-0.11143562984756553,0.279507603186097,0.07022787816515459,0.4412470023980815
17180,2026-05-25 04:40:00+00:00,-0.11143562984756553,0.279507603186097,0.07022787816515459,0.4412470023980815
17181,2026-05-25 04:45:00+00:00,-0.11143562984756553,0.279507603186097,0.058297515419030624,0.4412470023980815
17182,2026-05-25 04:50:00+00:00,-0.11143562984756553,0.279507603186097,0.058297515419030624,0.4412470023980815
17183,2026-05-25 04:55:00+00:00,-0.12595521730681614,0.279507603186097,0.058297515419030624,0.3778501628664495
17184,2026-05-25 05:00:00+00:00,-0.12595521730681614,0.279507603186097,0.058297515419030624,0.3778501628664495
17185,2026-05-25 05:05:00+00:00,-0.12595521730681614,0.279507603186097,0.058297515419030624,0.4412470023980815
17186,2026-05-25 05:10:00+00:00,-0.12595521730681614,0.279507603186097,0.058297515419030624,0.4412470023980815
17187,2026-05-25 05:15:00+00:00,-0.12595521730681614,0.279507603186097,0.058297515419030624,0.4412470023980815
17188,2026-05-25 05:20:00+00:00,-0.12595521730681614,0.279507603186097,0.07022787816515459,0.4412470023980815
17189,2026-05-25 05:25:00+00:00,-0.12595521730681614,0.279507603186097,0.07022787816515459,0.4412470023980815
17190,2026-05-25 05:30:00+00:00,-0.12595521730681614,0.279507603186097,0.07022787816515459,0.4412470023980815
17191,2026-05-25 05:35:00+00:00,-0.12595521730681614,0.279507603186097,0.058297515419030624,0.4412470023980815
17192,2026-05-25 05:40:00+00:00,-0.12595521730681614,0.279507603186097,0.07022787816515459,0.4412470023980815
17193,2026-05-25 05:45:00+00:00,-0.12595521730681614,0.279507603186097,0.07022787816515459,0.4412470023980815
17194,2026-05-25 05:50:00+00:00,-0.12595521730681614,0.279507603186097,0.07022787816515459,0.4412470023980815
17195,2026-05-25 05:55:00+00:00,-0.12595521730681614,0.279507603186097,0.08625965260507115,0.4412470023980815
17196,2026-05-25 06:00:00+00:00,-0.12595521730681614,0.279507603186097,0.08625965260507115,0.4412470023980815
17197,2026-05-25 06:05:00+00:00,-0.12595521730681614,0.279507603186097,0.08625965260507115,0.4412470023980815
17198,2026-05-25 06:10:00+00:00,-0.12595521730681614,0.279507603186097,0.08625965260507115,0.4412470023980815
17199,2026-05-25 06:15:00+00:00,-0.12595521730681614,0.279507603186097,0.08625965260507115,0.4412470023980815
17200,2026-05-25 06:20:00+00:00,-0.12595521730681614,0.279507603186097,0.08625965260507115,0.4412470023980815
17201,2026-05-25 06:25:00+00:00,-0.12595521730681614,0.279507603186097,0.08625965260507115,0.4412470023980815
17202,2026-05-25 06:30:00+00:00,-0.13094428793244003,0.279507603186097,0.08625965260507115,0.4412470023980815
17203,2026-05-25 06:35:00+00:00,-0.12595521730681614,0.279507603186097,0.08625965260507115,0.4412470023980815
17204,2026-05-25 06:40:00+00:00,-0.12595521730681614,0.279507603186097,0.08625965260507115,0.4412470023980815
17205,2026-05-25 06:45:00+00:00,-0.12595521730681614,0.279507603186097,0.08625965260507115,0.4412470023980815
17206,2026-05-25 06:50:00+00:00,-0.12595521730681614,0.279507603186097,0.07432928985894718,0.4412470023980815
17207,2026-05-25 06:55:00+00:00,-0.11143562984756553,0.279507603186097,0.06715025488194593,0.4412470023980815
17208,2026-05-25 07:00:00+00:00,-0.11143562984756553,0.279507603186097,0.06715025488194593,0.3778501628664495
17209,2026-05-25 07:05:00+00:00,-0.11143562984756553,0.279507603186097,0.06715025488194593,0.4412470023980815
17210,2026-05-25 07:10:00+00:00,-0.11143562984756553,0.279507603186097,0.06715025488194593,0.4412470023980815
17211,2026-05-25 07:15:00+00:00,-0.11143562984756553,0.279507603186097,0.0790806176280699,0.4412470023980815
17212,2026-05-25 07:20:00+00:00,-0.11143562984756553,0.279507603186097,0.0790806176280699,0.4412470023980815
17213,2026-05-25 07:25:00+00:00,-0.11143562984756553,0.279507603186097,0.0790806176280699,0.4412470023980815
17214,2026-05-25 07:30:00+00:00,-0.11143562984756553,0.279507603186097,0.058297515419030624,0.4412470023980815
17215,2026-05-25 07:35:00+00:00,-0.11143562984756553,0.279507603186097,0.058297515419030624,0.4412470023980815
17216,2026-05-25 07:40:00+00:00,-0.11143562984756553,0.279507603186097,0.06715025488194593,0.4412470023980815
17217,2026-05-25 07:45:00+00:00,-0.11143562984756553,0.279507603186097,0.06715025488194593,0.4412470023980815
17218,2026-05-25 07:50:00+00:00,-0.11143562984756553,0.279507603186097,0.06715025488194593,0.3778501628664495
17219,2026-05-25 07:55:00+00:00,-0.12595521730681614,0.279507603186097,0.06715025488194593,0.3778501628664495
17220,2026-05-25 08:00:00+00:00,-0.12595521730681614,0.279507603186097,0.06715025488194593,0.3778501628664495
17221,2026-05-25 08:05:00+00:00,-0.12595521730681614,0.279507603186097,0.06715025488194593,0.4412470023980815
17222,2026-05-25 08:10:00+00:00,-0.12595521730681614,0.279507603186097,0.06715025488194593,0.4412470023980815
17223,2026-05-25 08:15:00+00:00,-0.12595521730681614,0.279507603186097,0.06715025488194593,0.4412470023980815
17224,2026-05-25 08:20:00+00:00,-0.12595521730681614,0.279507603186097,0.0790806176280699,0.4412470023980815
17225,2026-05-25 08:25:00+00:00,-0.12595521730681614,0.279507603186097,0.0790806176280699,0.4412470023980815
17226,2026-05-25 08:30:00+00:00,-0.12595521730681614,0.279507603186097,0.07022787816515459,0.4412470023980815
17227,2026-05-25 08:35:00+00:00,-0.12595521730681614,0.279507603186097,0.0790806176280699,0.4412470023980815
17228,2026-05-25 08:40:00+00:00,-0.12595521730681614,0.279507603186097,0.0790806176280699,0.4412470023980815
17229,2026-05-25 08:45:00+00:00,-0.12595521730681614,0.279507603186097,0.0790806176280699,0.4412470023980815
17230,2026-05-25 08:50:00+00:00,-0.12595521730681614,0.279507603186097,0.0790806176280699,0.4412470023980815
17231,2026-05-25 08:55:00+00:00,-0.11143562984756553,0.279507603186097,0.08625965260507115,0.4412470023980815
17232,2026-05-25 09:00:00+00:00,-0.11143562984756553,0.279507603186097,0.08625965260507115,0.4412470023980815
17233,2026-05-25 09:05:00+00:00,-0.11143562984756553,0.279507603186097,0.08625965260507115,0.4412470023980815
17234,2026-05-25 09:10:00+00:00,-0.11143562984756553,0.279507603186097,0.08625965260507115,0.4412470023980815
17235,2026-05-25 09:15:00+00:00,-0.11143562984756553,0.279507603186097,0.08625965260507115,0.4412470023980815
17236,2026-05-25 09:20:00+00:00,-0.11143562984756553,0.279507603186097,0.08625965260507115,0.4412470023980815
17237,2026-05-25 09:25:00+00:00,-0.11143562984756553,0.279507603186097,0.07432928985894718,0.4412470023980815
17238,2026-05-25 09:30:00+00:00,-0.11143562984756553,0.279507603186097,0.07432928985894718,0.3778501628664495
17239,2026-05-25 09:35:00+00:00,-0.11143562984756553,0.279507603186097,0.07432928985894718,0.3778501628664495
17240,2026-05-25 09:40:00+00:00,-0.11143562984756553,0.279507603186097,0.07432928985894718,0.3778501628664495
17241,2026-05-25 09:45:00+00:00,-0.11143562984756553,0.279507603186097,0.07432928985894718,0.3778501628664495
17242,2026-05-25 09:50:00+00:00,-0.11143562984756553,0.279507603186097,0.07432928985894718,0.3778501628664495
17243,2026-05-25 09:55:00+00:00,-0.12595521730681614,0.279507603186097,0.05395530639970859,0.3778501628664495
17244,2026-05-25 10:00:00+00:00,-0.10636716989060668,0.279507603186097,0.05395530639970859,0.3778501628664495
17245,2026-05-25 10:05:00+00:00,-0.10636716989060668,0.279507603186097,0.06714131337398993,0.3778501628664495
17246,2026-05-25 10:10:00+00:00,-0.10636716989060668,0.279507603186097,0.10156157025797877,0.3778501628664495
17247,2026-05-25 10:15:00+00:00,-0.10636716989060668,0.279507603186097,0.10156157025797877,0.3778501628664495
17248,2026-05-25 10:20:00+00:00,-0.10636716989060668,0.279507603186097,0.10156157025797877,0.3778501628664495
17249,2026-05-25 10:25:00+00:00,-0.10636716989060668,0.279507603186097,0.08837556328369742,0.3778501628664495
17250,2026-05-25 10:30:00+00:00,-0.10636716989060668,0.279507603186097,0.08914564595287772,0.3778501628664495
17251,2026-05-25 10:35:00+00:00,-0.10636716989060668,0.279507603186097,0.14686883411964624,0.4412470023980815
17252,2026-05-25 10:40:00+00:00,-0.10636716989060668,0.279507603186097,0.1344529098145452,0.3778501628664495
17253,2026-05-25 10:45:00+00:00,-0.10636716989060668,0.279507603186097,0.1344529098145452,0.3778501628664495
17254,2026-05-25 10:50:00+00:00,-0.10636716989060668,0.279507603186097,0.1344529098145452,0.3261802575107296
17255,2026-05-25 10:55:00+00:00,-0.10028335329241546,0.279507603186097,0.13283471333542857,0.3261802575107296
17256,2026-05-25 11:00:00+00:00,-0.10028335329241546,0.279507603186097,0.1108303807565408,0.3261802575107296
17257,2026-05-25 11:05:00+00:00,-0.10028335329241546,0.279507603186097,0.1108303807565408,0.3261802575107296
17258,2026-05-25 11:10:00+00:00,-0.10028335329241546,0.279507603186097,0.12401638773082214,0.3778501628664495
17259,2026-05-25 11:15:00+00:00,-0.10028335329241546,0.279507603186097,0.19736172019343648,0.4412470023980815
17260,2026-05-25 11:20:00+00:00,-0.10028335329241546,0.279507603186097,0.051583024749596765,0.3261802575107296
17261,2026-05-25 11:25:00+00:00,-0.10028335329241546,0.279507603186097,0.03916710044449572,0.3261802575107296
17262,2026-05-25 11:30:00+00:00,-0.10028335329241546,0.279507603186097,0.05233710992059195,0.3261802575107296
17263,2026-05-25 11:35:00+00:00,-0.1198714007086249,0.279507603186097,0.06552311689487329,0.3778501628664495
17264,2026-05-25 11:40:00+00:00,-0.1198714007086249,0.279507603186097,0.06475303422569299,0.3778501628664495
17265,2026-05-25 11:45:00+00:00,-0.1198714007086249,0.279507603186097,0.05233710992059195,0.3261802575107296
17266,2026-05-25 11:50:00+00:00,-0.1198714007086249,0.279507603186097,0.06426747266671592,0.4412470023980815
17267,2026-05-25 11:55:00+00:00,-0.1198714007086249,0.279507603186097,0.06426747266671592,0.4412470023980815
17268,2026-05-25 12:00:00+00:00,-0.1198714007086249,0.279507603186097,0.06426747266671592,0.4412470023980815
17269,2026-05-25 12:05:00+00:00,-0.1198714007086249,0.279507603186097,0.06426747266671592,0.4412470023980815
17270,2026-05-25 12:10:00+00:00,-0.1198714007086249,0.279507603186097,0.06426747266671592,0.4412470023980815
17271,2026-05-25 12:15:00+00:00,-0.1198714007086249,0.279507603186097,0.06426747266671592,0.3778501628664495
17272,2026-05-25 12:20:00+00:00,-0.1198714007086249,0.279507603186097,0.06426747266671592,0.3778501628664495
17273,2026-05-25 12:25:00+00:00,-0.1198714007086249,0.279507603186097,0.06426747266671592,0.3778501628664495
17274,2026-05-25 12:30:00+00:00,-0.1198714007086249,0.279507603186097,0.06426747266671592,0.3778501628664495
17275,2026-05-25 12:35:00+00:00,-0.1198714007086249,0.279507603186097,0.05233710992059195,0.3261802575107296
17276,2026-05-25 12:40:00+00:00,-0.1198714007086249,0.279507603186097,0.05233710992059195,0.34408602150537637
17277,2026-05-25 12:45:00+00:00,-0.1198714007086249,0.279507603186097,0.04466992106277596,0.34408602150537637
17278,2026-05-25 12:50:00+00:00,-0.11223850799907617,0.279507603186097,0.03149991158667973,0.3261802575107296
17279,2026-05-25 12:55:00+00:00,-0.09771892053982557,0.279507603186097,0.03149991158667973,0.3261802575107296
17280,2026-05-25 13:00:00+00:00,-0.09771892053982557,0.279507603186097,0.03916710044449572,0.3261802575107296
17281,2026-05-25 13:05:00+00:00,-0.09771892053982557,0.279507603186097,0.03916710044449572,0.3261802575107296
17282,2026-05-25 13:10:00+00:00,-0.09771892053982557,0.279507603186097,0.03916710044449572,0.3261802575107296
17283,2026-05-25 13:15:00+00:00,-0.09771892053982557,0.279507603186097,0.03916710044449572,0.3261802575107296
17284,2026-05-25 13:20:00+00:00,-0.09771892053982557,0.279507603186097,0.03916710044449572,0.3261802575107296
17285,2026-05-25 13:25:00+00:00,-0.09771892053982557,0.279507603186097,0.03916710044449572,0.3261802575107296
17286,2026-05-25 13:30:00+00:00,-0.09771892053982557,0.279507603186097,0.03916710044449572,0.3261802575107296
17287,2026-05-25 13:35:00+00:00,-0.09771892053982557,0.279507603186097,0.03916710044449572,0.3261802575107296
17288,2026-05-25 13:40:00+00:00,-0.09771892053982557,0.279507603186097,0.03916710044449572,0.3261802575107296
17289,2026-05-25 13:45:00+00:00,-0.09771892053982557,0.279507603186097,0.03916710044449572,0.3261802575107296
17290,2026-05-25 13:50:00+00:00,-0.09771892053982557,0.279507603186097,0.03916710044449572,0.3261802575107296
17291,2026-05-25 13:55:00+00:00,-0.1053518132493743,0.279507603186097,0.05233710992059195,0.34408602150537637
17292,2026-05-25 14:00:00+00:00,-0.1053518132493743,0.279507603186097,0.05233710992059195,0.34408602150537637
17293,2026-05-25 14:05:00+00:00,-0.1053518132493743,0.279507603186097,0.05233710992059195,0.34408602150537637
17294,2026-05-25 14:10:00+00:00,-0.1053518132493743,0.279507603186097,0.05233710992059195,0.34408602150537637
17295,2026-05-25 14:15:00+00:00,-0.1053518132493743,0.279507603186097,0.05233710992059195,0.34408602150537637
17296,2026-05-25 14:20:00+00:00,-0.1053518132493743,0.279507603186097,0.05233710992059195,0.34408602150537637
17297,2026-05-25 14:25:00+00:00,-0.1053518132493743,0.279507603186097,0.05233710992059195,0.34408602150537637
